RouteID,VehicleCount,AverageSpeed,MaximumSpeed,MinimumSpeed,AverageLatitude,AverageLongitude,AverageBearing
9951710,7,0.0,0.0,0.0,53.36234828404018,-1.4665684359414237,82.28571428571429
9629934,14,0.0,0.0,0.0,51.44245856148856,0.2844061404466629,127.42857142857143
88480,1,0.0,0.0,0.0,51.01128005981445,-2.2048399448394775,123.0
17970,6,0.0,0.0,0.0,51.45570627848307,-1.0021725098292034,153.0
114099,5,0.0,0.0,0.0,51.88637237548828,0.9217838048934937,63.0
5950,6,0.0,0.0,0.0,52.04812431335449,1.1299610137939453,159.0
3330764,2,0.0,0.0,0.0,51.60257530212402,-0.5365094840526581,229.5
95549,3,0.0,0.0,0.0,53.45068486531576,-2.924896001815796,112.66666666666667
120637,1,0.0,0.0,0.0,51.391151428222656,-2.3599419593811035,-1.0
29413,4,0.0,0.0,0.0,50.76631832122803,-1.9820787608623505,199.25
8620,2,0.0,0.0,0.0,54.5214729309082,-1.5389139652252197,149.5
3906512,9,0.0,0.0,0.0,50.39680099487305,-3.909410079320272,202.66666666666666
4460944,1,0.0,0.0,0.0,53.036136627197266,-1.4795199632644653,173.0
6728,1,0.0,0.0,0.0,51.30556869506836,0.2100670039653778,194.0
92146,3,0.0,0.0,0.0,53.604470570882164,-2.1525766054789224,54.666666666666664
7965,6,0.0,0.0,0.0,53.38447062174479,-1.4879525105158489,86.33333333333333
58085,1,0.0,0.0,0.0,52.984474182128906,-0.03725099936127663,181.0
7643,4,0.0,0.0,0.0,51.17232799530029,-4.054570317268372,195.0
9915352,23,0.0,0.0,0.0,51.51666956362517,-0.34591638782750006,185.8695652173913
117966,1,0.0,0.0,0.0,55.03532028198242,-1.627769947052002,170.0
22582,1,0.0,0.0,0.0,53.867549896240234,-1.914368987083435,269.0
131158,2,0.0,0.0,0.0,54.11927604675293,-3.2215360403060913,258.0
8139,2,0.0,0.0,0.0,51.41989517211914,-2.2359015941619873,-1.0
69967,3,0.0,0.0,0.0,53.098592122395836,-3.19220232963562,98.0
86928,1,0.0,0.0,0.0,51.588401794433594,-1.426203966140747,-1.0
367682,2,0.0,0.0,0.0,52.50017166137695,-2.173232078552246,149.0
13832,14,0.0,0.0,0.0,51.55398178100586,-0.2504500022956303,160.71428571428572
4358,2,0.0,0.0,0.0,51.18782615661621,1.2588104605674744,102.0
61959,1,0.0,0.0,0.0,52.68492126464844,-2.033163070678711,39.0
17850,1,0.0,0.0,0.0,53.391143798828125,-2.5935280323028564,-1.0
8108,1,0.0,0.0,0.0,51.13295364379883,0.26341700553894043,-1.0
4684,1,0.0,0.0,0.0,52.58899688720703,-0.20937399566173553,342.0
103467,6,0.0,0.0,0.0,53.38348070780436,-1.4554588397343953,185.66666666666666
67397,6,0.0,0.0,0.0,52.363743464152016,-2.267510970433553,170.66666666666666
574245,1,0.0,0.0,0.0,52.48594665527344,-1.8995829820632935,-1.0
86066,1,0.0,0.0,0.0,54.331260681152344,-2.7301878929138184,288.0
2598309,4,0.0,0.0,0.0,51.18230438232422,-0.6270840018987656,97.5
49506,2,0.0,0.0,0.0,51.88728332519531,-2.1591129302978516,0.0
3776499,3,0.0,0.0,0.0,51.44173812866211,0.36625466744105023,185.66666666666666
117915,2,0.0,0.0,0.0,55.165761947631836,-1.6873325109481812,115.0
80902,4,0.0,0.0,0.0,51.41228199005127,0.5270132422447205,173.5
5123,10,0.0,0.0,0.0,50.84862060546875,-1.0583144128322601,158.9
59697,3,0.0,0.0,0.0,50.75080235799154,-3.359095017115275,204.0
110105,2,0.0,0.0,0.0,52.51199913024902,-2.0836340188980103,69.5
59102,4,0.0,0.0,0.0,53.02182388305664,-2.139239251613617,123.0
4683949,2,0.0,0.0,0.0,52.166208267211914,0.7774850130081177,217.5
102174,1,0.0,0.0,0.0,54.08439254760742,-0.1929669976234436,135.0
1630,7,0.0,0.0,0.0,53.40789794921875,-2.13949339730399,138.0
138500,14,0.0,0.0,0.0,51.58326639447893,-0.09705400041171483,176.78571428571428
92549,1,0.0,0.0,0.0,53.56301498413086,-2.185986042022705,310.0
93184,1,0.0,0.0,0.0,50.89255905151367,-1.0492080450057983,318.0
11462142,1,0.0,0.0,0.0,53.208499908447266,-0.11658299714326859,-1.0
9559573,10,0.0,0.0,0.0,51.49805908203125,-0.18857990056276322,135.0
131590,1,0.0,0.0,0.0,53.515533447265625,-0.10186199843883514,78.0
131154,2,0.0,0.0,0.0,54.1125602722168,-3.2474669218063354,273.0
133320,2,0.0,0.0,0.0,51.713138580322266,-3.444682002067566,60.0
117446,3,0.0,0.0,0.0,52.65530014038086,-2.4532809257507324,68.0
10734,2,0.0,0.0,0.0,51.74051284790039,-0.7085424959659576,167.5
1523502,1,0.0,0.0,0.0,52.08523178100586,-2.886910915374756,115.0
12255,4,0.0,0.0,0.0,53.75565242767334,-1.577537477016449,185.25
92616,4,0.0,0.0,0.0,53.4802942276001,-2.237326741218567,124.0
117987,1,0.0,0.0,0.0,55.62765121459961,-1.8545199632644653,330.0
10246363,10,0.0,0.0,0.0,51.593624877929685,0.1311408020555973,153.0
120860,2,0.0,0.0,0.0,51.35670852661133,-2.968692898750305,295.5
103257,2,0.0,0.0,0.0,54.92510795593262,-1.6148315072059631,-1.0
54850,3,0.0,0.0,0.0,52.63165156046549,1.2866036494572957,69.33333333333333
10192,2,0.0,0.0,0.0,51.06585693359375,-1.8049625158309937,51.5
112781,2,0.0,0.0,0.0,52.563764572143555,-1.977641999721527,260.5
4248,2,0.0,0.0,0.0,51.56287384033203,-1.783273994922638,-1.0
26876,6,0.0,0.0,0.0,51.57519785563151,-0.5981373389561971,49.0
8898295,7,0.0,0.0,0.0,53.39821679251535,-1.4855061258588518,78.0
399883,4,0.0,0.0,0.0,53.42543029785156,-2.215373933315277,144.25
11125,1,0.0,0.0,0.0,52.388938903808594,-2.2517430782318115,204.0
7163,3,0.0,0.0,0.0,50.79904047648112,-3.506170670191447,108.0
3145,5,0.0,0.0,0.0,51.44466857910156,-2.617722415924072,106.6
6434,8,0.0,0.0,0.0,54.863768577575684,-1.6324391216039658,93.625
782625,1,0.0,0.0,0.0,53.05681610107422,-2.5525848865509033,61.0
23202,7,0.0,0.0,0.0,51.36248942783901,-0.5255894235202244,128.57142857142858
94874,1,0.0,0.0,0.0,53.505950927734375,-1.1495369672775269,21.0
4069021,7,0.0,0.0,0.0,51.47261428833008,-0.26198028666632517,141.42857142857142
1393,1,0.0,0.0,0.0,54.97270202636719,-1.7541509866714478,-1.0
10984238,6,0.0,0.0,0.0,51.50044631958008,-0.015222666319459677,150.0
14411,3,0.0,0.0,0.0,51.04534403483073,1.0606366594632466,116.0
13213,19,0.0,0.0,0.0,52.435095937628496,-1.8915418511942814,130.47368421052633
10012,3,0.0,0.0,0.0,51.142529805501304,-0.0715636673849076,204.33333333333334
7756441,3,0.0,0.0,0.0,50.14027786254883,-5.151214599609375,152.66666666666666
12094773,2,0.0,0.0,0.0,52.3265438079834,0.9104815125465393,189.5
12217451,1,0.0,0.0,0.0,51.55523681640625,0.755719006061554,285.0
92248,4,0.0,0.0,0.0,53.606364250183105,-2.221778988838196,149.5
28917,6,0.0,0.0,0.0,51.16801961263021,-1.6969116727511089,162.5
32396,1,0.0,0.0,0.0,50.442543029785156,-3.708198070526123,354.0
2760244,2,0.0,0.0,0.0,52.0583610534668,-2.7093334197998047,294.5
62605,2,0.0,0.0,0.0,52.198801040649414,-1.9334114789962769,101.5
128774,5,0.0,0.0,0.0,52.600138092041014,-2.1362497806549072,89.4
9256303,2,0.0,0.0,0.0,51.65370178222656,-3.228438973426819,132.0
5007,5,0.0,0.0,0.0,53.01009826660156,-2.163716983795166,101.8
7834729,2,0.0,0.0,0.0,51.49489974975586,-2.60671603679657,192.0
32689,6,0.0,0.0,0.0,51.361921310424805,-0.5148776719967524,101.83333333333333
117921,2,0.0,0.0,0.0,55.2442684173584,-1.8272770047187805,67.0
17869,1,0.0,0.0,0.0,51.460514068603516,-0.9711470007896423,37.0
92559,6,0.0,0.0,0.0,53.48771603902181,-2.327616532643636,85.16666666666667
13024,2,0.0,0.0,0.0,52.24416542053223,-1.0449295043945312,210.0
10516170,2,0.0,0.0,0.0,51.54348564147949,-1.7854399681091309,30.5
6757603,16,0.0,0.0,0.0,51.46562361717224,-0.1465475605800748,165.9375
131987,1,0.0,0.0,0.0,53.24073028564453,-1.085955023765564,330.0
120711,3,0.0,0.0,0.0,51.48221333821615,-2.644831657409668,132.66666666666666
131234,9,0.0,0.0,0.0,48.40381410386827,-2.634249766667684,214.66666666666666
9439,1,0.0,0.0,0.0,51.76313400268555,-0.23208099603652954,328.0
3700915,4,0.0,0.0,0.0,51.415964126586914,0.19295349717140198,82.25
93178,3,0.0,0.0,0.0,50.92120107014974,-0.9886536598205566,100.0
92513,4,0.0,0.0,0.0,53.51544666290283,-2.2212617993354797,105.5
73168,4,0.0,0.0,0.0,52.50581741333008,-2.1036367416381836,0.0
115805,8,0.0,0.0,0.0,53.1830096244812,-3.572511374950409,105.0
5748,1,0.0,0.0,0.0,53.51407241821289,-0.06900499761104584,335.0
132723,2,0.0,0.0,0.0,52.55062484741211,-1.5326135158538818,99.0
7051,6,0.0,0.0,0.0,52.16016960144043,-2.2693408330281577,87.83333333333333
10780526,9,0.0,0.0,0.0,51.44658957587348,-0.299412339925766,175.0
1253929,3,0.0,0.0,0.0,52.233985900878906,0.2840769936641057,276.0
9214,11,0.0,0.0,0.0,51.6183256669478,-3.0894088094884697,166.36363636363637
92592,3,0.0,0.0,0.0,53.52832921346029,-2.1733552614847818,55.666666666666664
91951,1,0.0,0.0,0.0,51.508216857910156,-3.5783469676971436,-1.0
394873,1,0.0,0.0,0.0,50.21116256713867,-5.482359886169434,193.0
5445,6,0.0,0.0,0.0,52.2007687886556,-2.211069345474243,146.33333333333334
10984135,17,0.0,0.0,0.0,51.48598727057962,0.02926952940555673,132.35294117647058
95838,1,0.0,0.0,0.0,54.17213439941406,-1.432083010673523,273.0
11513461,3,0.0,0.0,0.0,51.3835817972819,0.2788853347301483,180.66666666666666
7386,1,0.0,0.0,0.0,51.522647857666016,-0.6551200151443481,-1.0
79174,1,0.0,0.0,0.0,53.47323989868164,-2.6678249835968018,-1.0
6890,1,0.0,0.0,0.0,51.464599609375,0.3505209982395172,311.0
18315,5,0.0,0.0,0.0,51.91153793334961,-0.3286626011133194,101.0
4398044,1,0.0,0.0,0.0,51.7902946472168,-1.2712700366973877,162.0
10657,4,0.0,0.0,0.0,51.12479496002197,0.01291875122115016,152.25
6389,5,0.0,0.0,0.0,50.71504440307617,-1.287056827545166,44.4
130627,3,0.0,0.0,0.0,52.39371871948242,-2.1727919578552246,246.33333333333334
895266,1,0.0,0.0,0.0,52.534732818603516,-1.8316659927368164,302.0
62868,1,0.0,0.0,0.0,54.08622360229492,-3.163243055343628,57.0
399740,17,0.0,0.0,0.0,53.48208775239832,-2.1339908487656536,118.70588235294117
133182,1,0.0,0.0,0.0,51.03617477416992,-4.153326988220215,66.0
69044,3,0.0,0.0,0.0,34.51103846232096,-0.8165466785430908,112.0
783358,4,0.0,0.0,0.0,50.83982849121094,-0.12735549919307232,134.75
92619,9,0.0,0.0,0.0,53.52517784966363,-2.0557446479797363,191.77777777777777
2875092,2,0.0,0.0,0.0,52.38970947265625,1.5978880524635315,-1.0
4669,5,0.0,0.0,0.0,53.31102981567383,-2.2262344360351562,74.0
116080,1,0.0,0.0,0.0,53.17389678955078,-2.9564011096954346,250.0
12543,2,0.0,0.0,0.0,52.58462715148926,-1.9922925233840942,1.5
7563,2,0.0,0.0,0.0,52.417680740356445,-1.9687719941139221,165.0
4373,2,0.0,0.0,0.0,53.55807685852051,-1.4785495400428772,78.0
81989,6,0.0,0.0,0.0,53.51451810201009,-2.489899476369222,150.83333333333334
9470,2,0.0,0.0,0.0,51.85808181762695,-0.12822749838232994,247.0
7834,5,0.0,0.0,0.0,54.953433990478516,-1.5754010200500488,84.4
4738,13,0.0,0.0,0.0,51.45841158353365,-2.596758090532743,172.92307692307693
75840,6,0.0,0.0,0.0,50.830955505371094,-0.703989843527476,125.0
10983954,5,0.0,0.0,0.0,51.40872497558594,-0.2796802014112473,144.0
10424020,1,0.0,0.0,0.0,51.55213165283203,-0.30023300647735596,90.0
2415,1,0.0,0.0,0.0,51.70751190185547,-0.41634300351142883,-1.0
24568,3,0.0,0.0,0.0,51.808973948160805,-0.8172513246536255,139.66666666666666
138448,17,0.0,0.0,0.0,51.474259096033435,-0.1445515883319518,142.94117647058823
132997,1,0.0,0.0,0.0,51.0704345703125,-1.7942789793014526,354.0
132629,2,0.0,0.0,0.0,52.524803161621094,-1.466411530971527,216.0
12088669,1,0.0,0.0,0.0,54.979496002197266,-1.5050920248031616,339.0
109631,2,0.0,0.0,0.0,52.12928581237793,-1.3025075197219849,0.0
110890,1,0.0,0.0,0.0,53.443878173828125,-2.077234983444214,63.0
58832,2,0.0,0.0,0.0,53.03311538696289,0.09960050228983164,112.5
974209,4,0.0,0.0,0.0,52.52459907531738,-2.0318912863731384,243.25
131291,1,0.0,0.0,0.0,54.07501220703125,-2.836601972579956,150.0
59162,7,0.0,0.0,0.0,53.426544189453125,-2.8592432907649448,97.57142857142857
133694,1,0.0,0.0,0.0,53.12160110473633,-1.5616079568862915,72.0
88512,2,0.0,0.0,0.0,54.55745887756348,-1.2766430377960205,181.0
8154228,7,0.0,0.0,0.0,53.757257734026226,-2.5511690207890103,138.85714285714286
131085,10,0.0,0.0,0.0,52.201643753051755,0.15361449867486954,105.6
113957,1,0.0,0.0,0.0,53.792110443115234,-2.7069220542907715,260.0
19354,5,0.0,0.0,0.0,53.81253356933594,-2.3254167556762697,120.8
132707,1,0.0,0.0,0.0,52.52115249633789,-1.4707280397415161,306.0
5787,4,0.0,0.0,0.0,51.34480953216553,-0.493661992251873,134.0
8602477,1,0.0,0.0,0.0,54.30595779418945,-0.4267610013484955,-1.0
8642718,5,0.0,0.0,0.0,51.38488693237305,0.10509519875049592,72.0
96068,6,0.0,0.0,0.0,51.604469299316406,-1.3006861607233684,98.0
131953,3,0.0,0.0,0.0,53.18974939982096,0.0658680001894633,144.0
82035,1,0.0,0.0,0.0,53.55542755126953,-2.621450901031494,211.0
6770317,1,0.0,0.0,0.0,51.56730651855469,0.4520150125026703,-1.0
10277864,2,0.0,0.0,0.0,52.79937553405762,-1.6327170133590698,128.0
57434,1,0.0,0.0,0.0,52.98128890991211,-0.019500000402331352,25.0
132196,8,0.0,0.0,0.0,53.45390462875366,-3.0039841532707214,218.25
532816,5,0.0,0.0,0.0,40.43446502685547,-2.803925800323486,75.6
104012,1,0.0,0.0,0.0,50.73446273803711,-3.516202926635742,264.0
12019925,9,0.0,0.0,0.0,51.45750257703993,-0.06246311145110263,145.0
6073,1,0.0,0.0,0.0,50.432769775390625,-3.5616869926452637,78.0
138015,2,0.0,0.0,0.0,51.405202865600586,-0.2266860008239746,247.5
1982,1,0.0,0.0,0.0,51.896549224853516,-1.1589399576187134,26.0
14837,1,0.0,0.0,0.0,51.753440856933594,-0.8983489871025085,273.0
130520,1,0.0,0.0,0.0,52.53773498535156,-1.9858230352401733,102.0
8340,1,0.0,0.0,0.0,54.478843688964844,-0.6143159866333008,98.0
105672,1,0.0,0.0,0.0,0.0,0.0,0.0
14186,2,0.0,0.0,0.0,51.765296936035156,-1.5554825067520142,190.0
8488,4,0.0,0.0,0.0,52.60097026824951,-2.0523177683353424,96.0
10112,4,0.0,0.0,0.0,50.742082595825195,-3.0331620573997498,73.75
3532921,2,0.0,0.0,0.0,52.646541595458984,-1.1152809858322144,152.0
133319,1,0.0,0.0,0.0,51.7135124206543,-3.446852922439575,162.0
45684,1,0.0,0.0,0.0,53.37961959838867,-2.766774892807007,355.0
6849,5,0.0,0.0,0.0,53.372467041015625,-1.503515625,130.4
4989,3,0.0,0.0,0.0,53.96140670776367,-1.0696996847788494,216.33333333333334
15553,4,0.0,0.0,0.0,51.100096702575684,-3.0382270216941833,4.0
18164,4,0.0,0.0,0.0,52.99606704711914,-0.4123074933886528,94.25
348796,11,0.0,0.0,0.0,51.4412165555087,-0.0166068179956214,208.63636363636363
104881,1,0.0,0.0,0.0,51.75870895385742,-0.320125013589859,239.0
131116,4,0.0,0.0,0.0,52.58791160583496,-0.23342899605631828,144.0
2898255,7,0.0,0.0,0.0,51.699136461530415,-0.36424185761383604,56.857142857142854
5107585,1,0.0,0.0,0.0,51.30175018310547,-2.2086329460144043,190.0
122916,1,0.0,0.0,0.0,52.22004699707031,-2.223781108856201,105.0
114135,1,0.0,0.0,0.0,52.617366790771484,1.2763129472732544,62.0
133009,2,0.0,0.0,0.0,51.26588821411133,-1.084876000881195,186.0
8154230,5,0.0,0.0,0.0,53.537774658203126,-3.0268831729888914,153.6
4256788,1,0.0,0.0,0.0,54.0504150390625,-2.800386905670166,270.0
114944,1,0.0,0.0,0.0,51.694156646728516,-0.20475800335407257,289.0
82029,1,0.0,0.0,0.0,53.55427932739258,-2.4114530086517334,263.0
117929,2,0.0,0.0,0.0,55.35714912414551,-1.6052014827728271,217.5
132108,6,0.0,0.0,0.0,43.08583196004232,-1.169968803723653,124.0
12019787,15,0.0,0.0,0.0,51.47790730794271,-0.12179393271605174,105.0
8290346,3,0.0,0.0,0.0,51.49630610148112,-0.13507767021656036,225.0
59025,5,0.0,0.0,0.0,53.45295791625976,-2.98936243057251,91.6
179,4,0.0,0.0,0.0,53.30849266052246,-3.632177233695984,146.5
91077,1,0.0,0.0,0.0,53.142677307128906,-1.1996220350265503,240.0
6013,1,0.0,0.0,0.0,51.248291015625,-0.5452499985694885,0.0
132056,15,0.0,0.0,0.0,51.86237614949544,-2.18315159479777,105.2
6344,4,0.0,0.0,0.0,38.49569606781006,0.7925897836685181,90.0
8796,2,0.0,0.0,0.0,51.89575386047363,-1.7540295124053955,22.0
14851,7,0.0,0.0,0.0,52.9036739894322,-1.479775411742074,160.28571428571428
5335,1,0.0,0.0,0.0,52.63336944580078,-1.9279060363769531,140.0
5698946,2,0.0,0.0,0.0,52.811126708984375,-1.642096996307373,56.0
18198,1,0.0,0.0,0.0,51.37826919555664,-1.0709680318832397,117.0
7822,3,0.0,0.0,0.0,53.37462361653646,-1.4691563447316487,198.33333333333334
11150011,2,0.0,0.0,0.0,51.372108459472656,-0.19019199907779694,112.5
6692,3,0.0,0.0,0.0,52.406819661458336,-1.5492550134658813,113.66666666666667
53174,3,0.0,0.0,0.0,50.3751106262207,-4.153275648752849,145.66666666666666
12592,3,0.0,0.0,0.0,53.7978769938151,-1.5958776871363323,206.33333333333334
73002,4,0.0,0.0,0.0,51.353163719177246,-2.4937592148780823,180.75
6574,6,0.0,0.0,0.0,51.12564913431803,-1.7865546544392903,47.833333333333336
4377,19,0.0,0.0,0.0,47.80502459877416,-3.3698565583480034,173.05263157894737
5917,2,0.0,0.0,0.0,52.21725845336914,-0.8921545147895813,99.0
344606,1,0.0,0.0,0.0,53.235408782958984,-1.3980940580368042,342.0
59192,1,0.0,0.0,0.0,53.50277328491211,-2.920137882232666,228.0
132933,4,0.0,0.0,0.0,51.29705810546875,-0.7595379948616028,258.0
77967,3,0.0,0.0,0.0,51.983238220214844,-0.24409666657447815,-1.0
76076,1,0.0,0.0,0.0,52.23263168334961,0.12292599678039551,0.0
9707430,1,0.0,0.0,0.0,51.45682144165039,-2.113800048828125,-1.0
116843,10,0.0,0.0,0.0,54.57724800109863,-1.2768601953983307,167.7
4271,1,0.0,0.0,0.0,51.6265869140625,-3.995666980743408,-1.0
9696,2,0.0,0.0,0.0,50.7893180847168,-3.2304455041885376,31.5
113764,7,0.0,0.0,0.0,51.55009514944894,-0.7074418663978577,139.14285714285714
10424094,4,0.0,0.0,0.0,51.543474197387695,-0.21526775136590004,258.75
640426,1,0.0,0.0,0.0,53.233463287353516,-1.423666000366211,102.0
77331,1,0.0,0.0,0.0,50.97150421142578,-1.3671109676361084,294.0
66403,1,0.0,0.0,0.0,51.653499603271484,-0.41780200600624084,-1.0
7607639,5,0.0,0.0,0.0,55.72987823486328,-2.3125545978546143,151.0
30611,6,0.0,0.0,0.0,53.83708190917969,-1.637023349603017,117.5
108662,2,0.0,0.0,0.0,50.26180076599121,-5.061038017272949,32.5
133364,3,0.0,0.0,0.0,51.74684397379557,-3.3131436506907144,218.0
9103,4,0.0,0.0,0.0,51.442450523376465,-2.662242293357849,132.0
8290305,10,0.0,0.0,0.0,51.443505096435544,-0.33482399880886077,175.5
59258,4,0.0,0.0,0.0,53.36675262451172,-2.905258059501648,45.0
9741,1,0.0,0.0,0.0,55.03750991821289,-2.1268389225006104,133.0
9496807,1,0.0,0.0,0.0,53.549522399902344,-0.09210500121116638,348.0
10266525,3,0.0,0.0,0.0,52.100510915120445,-0.48879366119702655,240.0
104916,1,0.0,0.0,0.0,53.03568649291992,-2.1437830924987793,11.0
8154226,7,0.0,0.0,0.0,53.77623585292271,-2.8413918699537004,114.0
78290,3,0.0,0.0,0.0,35.669446309407554,-1.8238159815470378,200.0
97751,4,0.0,0.0,0.0,52.59389877319336,1.7160094678401947,174.75
10245,2,0.0,0.0,0.0,52.63084411621094,-2.9024994373321533,112.0
30528,8,0.0,0.0,0.0,53.796924114227295,-1.5422183871269226,55.875
115727,1,0.0,0.0,0.0,51.78371810913086,0.13558299839496613,70.0
106201,1,0.0,0.0,0.0,50.9239387512207,-1.4448219537734985,29.0
11435,1,0.0,0.0,0.0,52.036865234375,-2.4227850437164307,341.0
7222,13,0.0,0.0,0.0,52.4997432415302,-1.988693090585562,141.46153846153845
3157,2,0.0,0.0,0.0,51.35892295837402,-2.2581310272216797,239.0
17889,8,0.0,0.0,0.0,51.4363374710083,-0.8925744965672493,169.625
580598,1,0.0,0.0,0.0,51.134986877441406,0.27189499139785767,255.0
54512,14,0.0,0.0,0.0,51.77080563136509,-1.0239402140889848,127.78571428571429
1440,4,0.0,0.0,0.0,54.969075202941895,-1.400327742099762,213.0
106799,1,0.0,0.0,0.0,50.46799850463867,-3.536012887954712,-1.0
104882,1,0.0,0.0,0.0,51.14795684814453,0.3072029948234558,-1.0
2256897,5,0.0,0.0,0.0,51.37084884643555,-0.30435280203819276,90.0
211443,1,0.0,0.0,0.0,51.30817413330078,0.8914369940757751,286.0
7790937,6,0.0,0.0,0.0,51.47316106160482,-0.40855833888053894,217.5
5250,7,0.0,0.0,0.0,53.442735399518696,-2.2145699773515974,109.0
103466,8,0.0,0.0,0.0,53.38938236236572,-1.4587735086679459,45.125
1697766,2,0.0,0.0,0.0,52.15041732788086,-0.46312201023101807,210.0
53182,7,0.0,0.0,0.0,51.609408787318635,-1.3246627024241857,214.0
5240,2,0.0,0.0,0.0,52.755897521972656,0.41818898916244507,179.5
12560,4,0.0,0.0,0.0,53.57895851135254,-0.5695649981498718,162.0
46054,2,0.0,0.0,0.0,53.04530906677246,-2.174467921257019,105.5
102406,1,0.0,0.0,0.0,55.01006317138672,-1.6205650568008423,174.0
105674,1,0.0,0.0,0.0,0.0,0.0,0.0
89897,1,0.0,0.0,0.0,53.6388053894043,-1.7792340517044067,-1.0
95084,4,0.0,0.0,0.0,51.690531730651855,-2.6907907724380493,64.5
2855676,2,0.0,0.0,0.0,54.99684715270996,-1.53701651096344,142.0
8193,8,0.0,0.0,0.0,53.367194175720215,-2.9043381214141846,78.25
138480,12,0.0,0.0,0.0,51.37647501627604,-0.10459183373798926,161.25
89479,11,0.0,0.0,0.0,48.59972173517401,-2.662708434191617,111.81818181818181
74365,2,0.0,0.0,0.0,52.69379234313965,-2.752875566482544,32.0
3731003,1,0.0,0.0,0.0,51.59099197387695,-0.7842029929161072,306.0
25,1,0.0,0.0,0.0,51.57566833496094,-3.217529058456421,174.0
41421,4,0.0,0.0,0.0,51.777645111083984,-2.2473597526550293,90.0
5674,5,0.0,0.0,0.0,52.831713104248045,0.45901659727096555,117.6
72348,1,0.0,0.0,0.0,53.401981353759766,-2.1698620319366455,340.0
3248183,2,0.0,0.0,0.0,52.68350791931152,-2.378859519958496,74.5
138447,25,0.0,0.0,0.0,51.591573028564454,-0.15646092101931572,140.4
9951712,6,0.0,0.0,0.0,53.37370236714681,-1.466469168663025,59.5
80723,1,0.0,0.0,0.0,50.17708206176758,-5.420539855957031,311.0
12094789,3,0.0,0.0,0.0,52.3728879292806,1.1226633389790852,50.666666666666664
81942,8,0.0,0.0,0.0,53.517271995544434,-2.3966228365898132,97.5
3276,3,0.0,0.0,0.0,51.50198491414388,-2.553218364715576,41.666666666666664
84157,1,0.0,0.0,0.0,53.390079498291016,-2.5913660526275635,-1.0
132726,2,0.0,0.0,0.0,52.369056701660156,-1.2411594986915588,189.0
72539,1,0.0,0.0,0.0,50.920448303222656,-1.3123530149459839,168.0
7834725,4,0.0,0.0,0.0,51.487592697143555,-2.6316352486610413,190.5
120650,2,0.0,0.0,0.0,51.376869201660156,-2.363826036453247,-1.0
86762,7,0.0,0.0,0.0,54.886871337890625,-1.5176311561039515,69.42857142857143
58732,6,0.0,0.0,0.0,52.52863057454427,-2.078411857287089,185.66666666666666
86080,2,0.0,0.0,0.0,54.43210792541504,-2.9964659214019775,207.0
131777,2,0.0,0.0,0.0,53.480642318725586,-0.21354450657963753,285.0
11872538,1,0.0,0.0,0.0,52.699405670166016,-1.3454430103302002,-1.0
17878,5,0.0,0.0,0.0,53.77125854492188,-0.33386980295181273,225.6
58946,14,0.0,0.0,0.0,53.369301659720286,-2.9162966864449635,125.35714285714286
132157,5,0.0,0.0,0.0,53.36521530151367,-3.066647005081177,236.4
25989,1,0.0,0.0,0.0,51.6970329284668,-3.0329930782318115,282.0
12197417,24,0.0,0.0,0.0,51.54567273457845,-0.06657733294802408,125.625
8880325,14,0.0,0.0,0.0,51.56377438136509,-0.0006860000596913908,106.07142857142857
116221,6,0.0,0.0,0.0,53.520529429117836,-2.975448648134867,125.16666666666667
6459,3,0.0,0.0,0.0,53.23606491088867,0.2336099992195765,223.66666666666666
10082,7,0.0,0.0,0.0,51.19864545549665,-0.20165500257696425,85.28571428571429
92158,1,0.0,0.0,0.0,53.594032287597656,-2.2209370136260986,-1.0
82015,10,0.0,0.0,0.0,53.573463439941406,-2.5330461263656616,185.0
102307,1,0.0,0.0,0.0,51.702476501464844,-1.9425909519195557,163.0
66731,1,0.0,0.0,0.0,52.4932975769043,0.047835998237133026,62.0
14580,1,0.0,0.0,0.0,51.375892639160156,0.5000429749488831,14.0
4062,5,0.0,0.0,0.0,52.19198303222656,-2.2362862110137938,91.8
115113,2,0.0,0.0,0.0,54.76879692077637,-1.5808724761009216,322.0
13425,4,0.0,0.0,0.0,51.40937423706055,0.5013582482933998,170.75
89006,5,0.0,0.0,0.0,53.97256851196289,-1.102271604537964,116.8
131543,1,0.0,0.0,0.0,53.22595977783203,-0.5370439887046814,198.0
98461,3,0.0,0.0,0.0,52.756727854410805,-1.9256316423416138,160.33333333333334
96069,5,0.0,0.0,0.0,51.60518798828125,-1.065154206752777,132.2
7910,4,0.0,0.0,0.0,52.41108798980713,-1.554543524980545,182.0
4099,1,0.0,0.0,0.0,51.991722106933594,-1.700613021850586,342.0
50006,1,0.0,0.0,0.0,54.24000549316406,-1.5990400314331055,150.0
103676,5,0.0,0.0,0.0,51.71121444702148,-1.3529088020324707,122.6
6770336,2,0.0,0.0,0.0,51.70370292663574,0.020940500311553478,59.0
81977,1,0.0,0.0,0.0,53.49412155151367,-2.4883689880371094,118.0
18982,1,0.0,0.0,0.0,53.65290832519531,-2.6273930072784424,-1.0
117772,2,0.0,0.0,0.0,51.279287338256836,0.5345254838466644,50.0
63528,3,0.0,0.0,0.0,52.81340026855469,0.4603646695613861,67.33333333333333
92378,1,0.0,0.0,0.0,53.2266960144043,-0.5376660227775574,-1.0
138000,3,0.0,0.0,0.0,51.453661600748696,0.1571643352508545,195.0
71813,2,0.0,0.0,0.0,54.00017166137695,-1.5487979650497437,128.0
4761,2,0.0,0.0,0.0,53.44314384460449,-2.55633807182312,242.0
59023,2,0.0,0.0,0.0,53.39447784423828,-3.053915500640869,92.0
5669,2,0.0,0.0,0.0,51.86194610595703,-2.1210659742355347,219.0
4741,1,0.0,0.0,0.0,51.35187911987305,-2.014159917831421,69.0
128781,3,0.0,0.0,0.0,52.588645935058594,-1.894912322362264,105.33333333333333
6757925,9,0.0,0.0,0.0,51.5677121480306,0.21021966801749337,210.0
8154220,2,0.0,0.0,0.0,53.76626777648926,-2.6747294664382935,189.0
113298,4,0.0,0.0,0.0,51.422176361083984,-2.5857779383659363,150.5
92590,16,0.0,0.0,0.0,53.53371620178223,-2.2675012052059174,97.3125
4527,2,0.0,0.0,0.0,51.60530471801758,-3.3368465900421143,135.0
5794943,1,0.0,0.0,0.0,50.85497283935547,-1.1971290111541748,118.0
1334802,4,0.0,0.0,0.0,53.4428014755249,-1.5517767369747162,198.0
103727,1,0.0,0.0,0.0,52.184722900390625,-1.709015965461731,178.0
110819,1,0.0,0.0,0.0,53.2916374206543,-2.9248549938201904,348.0
9559805,7,0.0,0.0,0.0,51.53683744158064,0.034512428167675226,135.0
3875,5,0.0,0.0,0.0,51.85095977783203,-2.230547380447388,61.2
91084,5,0.0,0.0,0.0,42.99557952880859,-0.2885944008827209,159.6
37362,1,0.0,0.0,0.0,53.69660186767578,-1.9354779720306396,22.0
64950,1,0.0,0.0,0.0,51.80225372314453,-0.19894100725650787,-1.0
10367961,3,0.0,0.0,0.0,34.592522939046226,-1.4022563298543294,126.0
49767,3,0.0,0.0,0.0,53.9336306254069,-1.8618446588516235,82.0
12639,5,0.0,0.0,0.0,53.810367584228516,-1.5782199859619142,168.0
12669,2,0.0,0.0,0.0,53.67376136779785,-1.944099485874176,20.5
57489,2,0.0,0.0,0.0,52.646141052246094,1.1867340207099915,15.0
105308,4,0.0,0.0,0.0,52.20042324066162,-1.7219547629356384,57.0
3207,5,0.0,0.0,0.0,50.92788543701172,-1.4116811752319336,-1.0
99669,1,0.0,0.0,0.0,51.40970230102539,-1.8198189735412598,245.0
3019839,3,0.0,0.0,0.0,51.77650578816732,-1.425170660018921,157.0
78310,1,0.0,0.0,0.0,53.463985443115234,-2.97658109664917,204.0
17922,4,0.0,0.0,0.0,52.56234359741211,1.7376739978790283,178.75
64030,2,0.0,0.0,0.0,51.61776542663574,-3.9727240800857544,54.5
5213,5,0.0,0.0,0.0,53.942752838134766,-1.1053395986557006,128.4
8955,1,0.0,0.0,0.0,53.44968032836914,-1.345342993736267,98.0
12877,3,0.0,0.0,0.0,54.55206807454427,-1.368474006652832,190.33333333333334
92595,25,0.0,0.0,0.0,53.52700408935547,-2.178322238922119,81.8
3774,1,0.0,0.0,0.0,52.16377258300781,-1.7229880094528198,48.0
1334894,2,0.0,0.0,0.0,53.26193618774414,-1.3868539929389954,249.0
10968150,1,0.0,0.0,0.0,53.3653450012207,-2.00187611579895,67.0
3982,3,0.0,0.0,0.0,53.39128494262695,-2.5942073663075766,195.33333333333334
81995,3,0.0,0.0,0.0,53.61452992757162,-2.302757660547892,275.3333333333333
106793,2,0.0,0.0,0.0,53.748273849487305,-2.372362494468689,-1.0
115721,2,0.0,0.0,0.0,51.766191482543945,0.09706049785017967,200.5
132644,1,0.0,0.0,0.0,52.38066101074219,-0.6440020203590393,78.0
58972,1,0.0,0.0,0.0,53.163997650146484,-2.2120580673217773,-1.0
118502,3,0.0,0.0,0.0,52.6400032043457,-0.7713726758956909,117.0
108650,1,0.0,0.0,0.0,52.80109405517578,-1.632593035697937,-1.0
50801,6,0.0,0.0,0.0,51.0594596862793,-1.79708065589269,114.83333333333333
133318,1,0.0,0.0,0.0,51.71160125732422,-3.4474029541015625,222.0
72913,1,0.0,0.0,0.0,51.450252532958984,-2.407160997390747,109.0
555,3,0.0,0.0,0.0,52.48969650268555,-2.120715936024984,120.66666666666667
3896,11,0.0,0.0,0.0,52.41964270851829,-1.9451574629003352,135.1818181818182
11285,2,0.0,0.0,0.0,50.50910568237305,-3.619133949279785,70.5
132550,4,0.0,0.0,0.0,52.19612216949463,-1.7191109955310822,249.0
95446,1,0.0,0.0,0.0,51.31584930419922,-2.207611083984375,-1.0
57954,7,0.0,0.0,0.0,54.94391359601702,-1.4029162781579154,151.42857142857142
8154052,5,0.0,0.0,0.0,53.700374603271484,-2.6632150650024413,114.0
92381,1,0.0,0.0,0.0,53.271602630615234,-1.252601981163025,120.0
59220,7,0.0,0.0,0.0,53.44328417096819,-2.943228312901088,83.14285714285714
5677,6,0.0,0.0,0.0,52.57443300882975,-2.0217518409093223,49.333333333333336
8132,3,0.0,0.0,0.0,50.88716125488281,-2.8560527165730796,33.0
87252,1,0.0,0.0,0.0,50.838157653808594,0.4768519997596741,186.0
887,1,0.0,0.0,0.0,53.397891998291016,-0.7756749987602234,0.0
13788,1,0.0,0.0,0.0,50.75501251220703,0.26783400774002075,0.0
10985,6,0.0,0.0,0.0,51.58730697631836,0.08104950065414111,142.5
5782,1,0.0,0.0,0.0,51.21076965332031,0.2547760009765625,118.0
8926,1,0.0,0.0,0.0,52.63838195800781,-1.1890109777450562,86.0
5916,4,0.0,0.0,0.0,52.735652923583984,-1.7288192808628082,104.75
132445,9,0.0,0.0,0.0,54.98840077718099,-1.613633804851108,254.0
9945778,1,0.0,0.0,0.0,52.70210266113281,-1.3704099655151367,331.0
11150007,7,0.0,0.0,0.0,51.394746507917134,-0.1342035691652979,141.42857142857142
24132,3,0.0,0.0,0.0,53.651536305745445,-1.7893336216608684,34.666666666666664
6709376,1,0.0,0.0,0.0,52.42190933227539,-1.4388970136642456,120.0
6948052,3,0.0,0.0,0.0,51.52483240763346,-0.5301836629708608,206.0
107851,2,0.0,0.0,0.0,51.65468215942383,-3.334771513938904,102.0
10780390,10,0.0,0.0,0.0,51.46280632019043,0.06675049865152687,162.0
96219,1,0.0,0.0,0.0,52.96063232421875,-1.0670219659805298,-1.0
104306,3,0.0,0.0,0.0,52.71036275227865,-2.1210357348124185,112.66666666666667
91019,3,0.0,0.0,0.0,35.46312586466471,-0.8312370379765829,130.0
131305,1,0.0,0.0,0.0,54.54759979248047,-3.5856330394744873,216.0
54424,10,0.0,0.0,0.0,51.64057731628418,0.4535223990678787,66.8
4184,6,0.0,0.0,0.0,50.63303820292155,-2.4583656787872314,144.0
8369,1,0.0,0.0,0.0,51.28434371948242,-2.447395086288452,71.0
86897,6,0.0,0.0,0.0,51.800100326538086,-0.13224550088246664,127.16666666666667
11645874,8,0.0,0.0,0.0,51.46022033691406,0.04360412518144585,123.75
74587,4,0.0,0.0,0.0,53.7739143371582,-0.34418975561857224,114.0
4246,2,0.0,0.0,0.0,50.84451484680176,-1.0678889751434326,160.0
4144,1,0.0,0.0,0.0,51.38697052001953,0.19457800686359406,309.0
66069,4,0.0,0.0,0.0,52.225037574768066,0.13981399685144424,171.0
92583,6,0.0,0.0,0.0,53.52593167622884,-2.1883201599121094,147.16666666666666
8451,4,0.0,0.0,0.0,51.70178985595703,-0.03495049988850951,192.75
101780,9,0.0,0.0,0.0,52.40333218044705,-1.4828939967685275,70.11111111111111
4784,4,0.0,0.0,0.0,52.4352445602417,-0.7424612492322922,142.5
6770381,1,0.0,0.0,0.0,51.77235412597656,0.09473299980163574,314.0
6486,16,0.0,0.0,0.0,50.824602365493774,-0.1412167507223785,114.25
73797,6,0.0,0.0,0.0,53.399138768514,-2.172079881032308,51.333333333333336
94355,6,0.0,0.0,0.0,53.3700148264567,-1.3283305168151855,176.0
6228,3,0.0,0.0,0.0,51.7528190612793,-1.2801076571146648,37.333333333333336
116973,1,0.0,0.0,0.0,53.694091796875,-1.4845930337905884,189.0
24238,2,0.0,0.0,0.0,53.363563537597656,-1.6016734838485718,320.5
88881,2,0.0,0.0,0.0,52.810136795043945,-2.8317450284957886,18.0
98978,11,0.0,0.0,0.0,50.82705931230025,-0.1600514528426257,131.9090909090909
9644,1,0.0,0.0,0.0,53.439247131347656,-3.044440984725952,73.0
183,1,0.0,0.0,0.0,53.31680679321289,-3.8106560707092285,177.0
11149859,15,0.0,0.0,0.0,51.50294723510742,-0.3620715320110321,186.0
9161,1,0.0,0.0,0.0,50.8750114440918,-0.004614000208675861,150.0
14761,1,0.0,0.0,0.0,51.763851165771484,-1.1967240571975708,48.0
114781,4,0.0,0.0,0.0,51.51955699920654,0.4129982516169548,43.75
36484,1,0.0,0.0,0.0,54.77744674682617,-1.5815999507904053,140.0
8150,7,0.0,0.0,0.0,52.98126057216099,-1.4059445687702723,183.85714285714286
54826,4,0.0,0.0,0.0,51.74608898162842,0.4871689975261688,134.75
81950,2,0.0,0.0,0.0,53.573509216308594,-2.357709527015686,220.5
3684,4,0.0,0.0,0.0,51.1693639755249,-0.2599497474730015,116.25
59225,3,0.0,0.0,0.0,53.01001739501953,-2.211756706237793,212.0
92599,5,0.0,0.0,0.0,53.55915069580078,-2.1060626029968263,160.6
105812,2,0.0,0.0,0.0,51.10355758666992,-3.9874184131622314,288.0
39510,7,0.0,0.0,0.0,52.65410777500698,-1.1147097178867884,130.14285714285714
7532,4,0.0,0.0,0.0,53.64917182922363,-2.3116363286972046,233.5
8154235,10,0.0,0.0,0.0,48.3925121307373,-2.565413570404053,199.8
4834,2,0.0,0.0,0.0,52.0726432800293,1.1320170164108276,240.0
399755,9,0.0,0.0,0.0,53.47195900811089,-2.0319363673528037,66.33333333333333
63371,2,0.0,0.0,0.0,50.4006233215332,-4.126382112503052,208.0
69971,2,0.0,0.0,0.0,52.80706977844238,-2.1170345544815063,37.0
1719806,7,0.0,0.0,0.0,52.57115500313895,-1.9156614201409476,188.71428571428572
132732,1,0.0,0.0,0.0,52.372718811035156,-1.2652260065078735,0.0
97884,1,0.0,0.0,0.0,53.298927307128906,-1.8874549865722656,197.0
5602,18,0.0,0.0,0.0,53.52126036749946,-2.1331856515672474,119.27777777777777
5441687,1,0.0,0.0,0.0,52.50162124633789,-2.1147820949554443,165.0
2440,1,0.0,0.0,0.0,51.571815490722656,-3.218074083328247,276.0
3571268,2,0.0,0.0,0.0,52.25758743286133,-1.889230489730835,81.0
7185,3,0.0,0.0,0.0,50.535170237223305,-3.6087236404418945,188.0
134172,2,0.0,0.0,0.0,51.511648178100586,-0.715910017490387,234.0
36885,1,0.0,0.0,0.0,51.31923294067383,-0.5560579895973206,-1.0
105970,3,0.0,0.0,0.0,52.434757232666016,-0.09512799978256226,281.6666666666667
752419,1,0.0,0.0,0.0,51.448768615722656,0.20511899888515472,70.0
133110,11,0.0,0.0,0.0,50.374394850297406,-4.143503405831077,137.45454545454547
8007925,1,0.0,0.0,0.0,52.683834075927734,-3.1610450744628906,163.0
93179,1,0.0,0.0,0.0,51.1459846496582,-0.9791809916496277,222.0
89745,1,0.0,0.0,0.0,54.82200241088867,-1.4525179862976074,151.0
133503,12,0.0,0.0,0.0,53.356563568115234,-1.4391615092754364,203.0
12269,9,0.0,0.0,0.0,53.21005418565538,0.31479477551248336,138.66666666666666
3663,13,0.0,0.0,0.0,52.4080936725323,-1.4881736957109892,98.07692307692308
8348,5,0.0,0.0,0.0,54.923648834228516,-1.7428557872772217,115.2
117925,2,0.0,0.0,0.0,55.23363494873047,-1.7003199458122253,79.0
5614939,1,0.0,0.0,0.0,53.089332580566406,-1.4839149713516235,135.0
86083,2,0.0,0.0,0.0,54.63900947570801,-3.5450170040130615,75.0
12229976,2,0.0,0.0,0.0,51.54650115966797,-2.5192099809646606,-1.0
3876,4,0.0,0.0,0.0,51.547675132751465,-1.7715129852294922,152.75
7756338,3,0.0,0.0,0.0,50.12244415283203,-5.624421278635661,196.0
4227,4,0.0,0.0,0.0,53.42951202392578,-2.6158382892608643,212.0
70162,1,0.0,0.0,0.0,51.27608108520508,1.0808290243148804,126.0
30539,4,0.0,0.0,0.0,53.76527976989746,-1.5760537385940552,53.25
9126,6,0.0,0.0,0.0,51.652971267700195,-4.030940771102905,207.83333333333334
51022,1,0.0,0.0,0.0,52.814395904541016,1.3806079626083374,199.0
95748,2,0.0,0.0,0.0,52.64024543762207,1.3210560083389282,155.5
61761,3,0.0,0.0,0.0,53.50670496622721,-1.3069313367207844,83.66666666666667
132850,1,0.0,0.0,0.0,50.79973602294922,-1.083448052406311,84.0
57425,1,0.0,0.0,0.0,51.509857177734375,-0.5901640057563782,-1.0
4399,1,0.0,0.0,0.0,52.79000473022461,-0.15384000539779663,-1.0
132416,7,0.0,0.0,0.0,54.654637472970144,-1.2232438496180944,252.85714285714286
5222,17,0.0,0.0,0.0,50.8245470383588,-1.1082174146876616,173.8235294117647
10336114,5,0.0,0.0,0.0,50.74816055297852,-1.6714254140853881,76.4
8554,1,0.0,0.0,0.0,51.947731018066406,-0.27536100149154663,-1.0
59112,8,0.0,0.0,0.0,53.42149019241333,-2.947471112012863,194.875
102836,3,0.0,0.0,0.0,50.96685663859049,-3.2205139795939126,141.66666666666666
131156,1,0.0,0.0,0.0,54.17601013183594,-3.136104106903076,228.0
133386,2,0.0,0.0,0.0,53.25351905822754,-1.4469599723815918,78.0
1421951,6,0.0,0.0,0.0,53.283700942993164,-1.6463159918785095,145.83333333333334
31819,2,0.0,0.0,0.0,50.68141555786133,-2.2216960191726685,137.5
17897,10,0.0,0.0,0.0,50.96563873291016,0.06342029981315137,116.3
10983650,9,0.0,0.0,0.0,51.52985848320855,0.046918888912639685,170.0
11280,3,0.0,0.0,0.0,51.07221984863281,-3.9990010261535645,120.0
80660,3,0.0,0.0,0.0,50.456015268961586,-4.4784614245096845,92.66666666666667
182,1,0.0,0.0,0.0,53.28374481201172,-3.8031599521636963,353.0
4609,3,0.0,0.0,0.0,50.722860972086586,-2.0012903213500977,182.66666666666666
41104,2,0.0,0.0,0.0,53.32718086242676,-2.683247447013855,54.0
12000,2,0.0,0.0,0.0,53.714378356933594,-1.879496991634369,91.0
6097,1,0.0,0.0,0.0,51.90345764160156,-1.1692060232162476,270.0
5272,1,0.0,0.0,0.0,52.13125228881836,-2.303730010986328,-1.0
3695,3,0.0,0.0,0.0,53.40441640218099,-1.3394920031229656,42.0
69937,2,0.0,0.0,0.0,53.10511589050293,-2.0326954126358032,29.5
66511,1,0.0,0.0,0.0,54.77735137939453,-1.598492980003357,135.0
12318,3,0.0,0.0,0.0,35.42323303222656,0.19694600502649942,108.0
128630,17,0.0,0.0,0.0,52.51566022985122,-1.9194647704853731,74.11764705882354
4585,5,0.0,0.0,0.0,50.817491149902345,-0.4243825852870941,142.8
8828916,1,0.0,0.0,0.0,52.22604751586914,-2.7405779361724854,-1.0
75645,1,0.0,0.0,0.0,50.609561920166016,-2.4567599296569824,-1.0
6078,1,0.0,0.0,0.0,51.073875427246094,-1.7959460020065308,-1.0
74927,4,0.0,0.0,0.0,50.7343692779541,-1.8425757586956024,99.25
98675,6,0.0,0.0,0.0,51.3673038482666,1.3910488088925679,220.0
100164,1,0.0,0.0,0.0,51.88679122924805,0.9026089906692505,-1.0
15262,1,0.0,0.0,0.0,51.792789459228516,-4.086069107055664,142.0
102306,1,0.0,0.0,0.0,52.554813385009766,0.0778300017118454,132.0
1515664,2,0.0,0.0,0.0,52.57352828979492,-2.133412480354309,104.0
54421,2,0.0,0.0,0.0,51.569671630859375,0.48722201585769653,162.5
8249,1,0.0,0.0,0.0,51.462562561035156,-2.12168288230896,291.0
120730,7,0.0,0.0,0.0,51.469957079206196,-2.5920030048915317,210.85714285714286
3870,14,0.0,0.0,0.0,50.98101234436035,-1.3690735782895769,77.5
83397,1,0.0,0.0,0.0,52.44603729248047,-2.1569271087646484,31.0
6927,2,0.0,0.0,0.0,54.826908111572266,-1.7750329971313477,209.5
114086,2,0.0,0.0,0.0,51.89292526245117,0.8991889953613281,281.0
132817,2,0.0,0.0,0.0,50.791276931762695,-0.6136355102062225,42.0
132646,2,0.0,0.0,0.0,52.40430450439453,-0.7434785068035126,144.0
50409,3,0.0,0.0,0.0,51.07306925455729,-1.8069576819737752,174.66666666666666
26877,3,0.0,0.0,0.0,51.582393646240234,-0.6059033373991648,204.0
132566,1,0.0,0.0,0.0,52.19218444824219,-1.7013729810714722,126.0
1334733,3,0.0,0.0,0.0,53.31666692097982,-1.4234583377838135,174.0
88913,3,0.0,0.0,0.0,51.66115697224935,-4.009719371795654,105.66666666666667
6156,4,0.0,0.0,0.0,53.544057846069336,-1.4256137609481812,262.5
95676,4,0.0,0.0,0.0,51.31827354431152,1.0542419850826263,133.5
9151942,4,0.0,0.0,0.0,39.147414207458496,-1.2829647362232208,156.0
4912,4,0.0,0.0,0.0,51.48536682128906,0.3029097467660904,105.75
98807,1,0.0,0.0,0.0,52.65214157104492,-0.48169800639152527,-1.0
70205,1,0.0,0.0,0.0,50.36542892456055,-4.083445072174072,72.0
131178,1,0.0,0.0,0.0,54.24946212768555,-2.998415946960449,78.0
7981,8,0.0,0.0,0.0,51.36678600311279,0.5599335059523582,89.25
9608994,3,0.0,0.0,0.0,53.53743362426758,-0.0011886665597558022,204.0
91092,8,0.0,0.0,0.0,53.761287689208984,-0.36494287475943565,240.75
1608939,2,0.0,0.0,0.0,52.22136878967285,0.8570660054683685,235.5
185,2,0.0,0.0,0.0,53.06366539001465,-3.00005042552948,174.5
4546,3,0.0,0.0,0.0,52.88656870524088,1.0741873184839885,127.33333333333333
124944,1,0.0,0.0,0.0,51.52170181274414,-0.7161700129508972,354.0
3496,4,0.0,0.0,0.0,52.69460391998291,0.4013122469186783,34.75
27755,6,0.0,0.0,0.0,52.88147481282552,0.5932993243137995,93.0
4247,3,0.0,0.0,0.0,51.823394775390625,-2.528130054473877,236.0
5265,6,0.0,0.0,0.0,51.442902247111,-2.5147082010904946,103.83333333333333
12228951,1,0.0,0.0,0.0,53.25892639160156,-1.906690001487732,-1.0
1858983,2,0.0,0.0,0.0,52.991079330444336,-2.135259509086609,152.0
128611,13,0.0,0.0,0.0,52.462670252873345,-2.021733980912429,162.0
112572,1,0.0,0.0,0.0,53.99739074707031,-1.503702998161316,-1.0
4591287,1,0.0,0.0,0.0,51.6944694519043,-0.42705199122428894,249.0
2414,1,0.0,0.0,0.0,51.75076675415039,-0.4890899956226349,271.0
1447949,3,0.0,0.0,0.0,53.77937316894531,-2.9598940213521323,196.66666666666666
107656,1,0.0,0.0,0.0,51.34000015258789,0.15625199675559998,181.0
9441,4,0.0,0.0,0.0,51.641085624694824,0.38505999743938446,170.75
10335987,5,0.0,0.0,0.0,50.821458435058595,-1.5229802131652832,25.2
10473,1,0.0,0.0,0.0,51.75334930419922,-0.33761799335479736,-1.0
10424012,10,0.0,0.0,0.0,51.5390811920166,-0.1657880999147892,193.5
92526,5,0.0,0.0,0.0,53.48977508544922,-2.0640374183654786,61.4
17975,5,0.0,0.0,0.0,52.68443222045899,-1.089480423927307,87.0
71455,3,0.0,0.0,0.0,51.38837814331055,0.48761865496635437,90.0
29862,3,0.0,0.0,0.0,51.69359334309896,-0.5936376750469208,87.66666666666667
4215,3,0.0,0.0,0.0,52.93267822265625,-1.4534186919530232,101.33333333333333
11514993,3,0.0,0.0,0.0,50.160744984944664,-5.447766621907552,137.33333333333334
3670281,1,0.0,0.0,0.0,51.32553482055664,-0.7540850043296814,85.0
4135,3,0.0,0.0,0.0,53.3902587890625,-2.5840272903442383,147.33333333333334
120483,6,0.0,0.0,0.0,51.3897336324056,-2.412182172139486,59.833333333333336
93206,1,0.0,0.0,0.0,52.28234100341797,-1.513416051864624,90.0
10799557,3,0.0,0.0,0.0,52.31173197428385,-1.0586336851119995,136.0
12463,2,0.0,0.0,0.0,53.85836219787598,-1.9183499813079834,107.0
969330,4,0.0,0.0,0.0,55.03092861175537,-1.5913679599761963,219.0
19011,4,0.0,0.0,0.0,51.66677188873291,-0.6680977493524551,89.5
1871938,23,0.0,0.0,0.0,53.43686012599779,-2.23654960549396,98.3913043478261
6770363,6,0.0,0.0,0.0,51.72657457987467,0.14339550087849298,92.33333333333333
10196,1,0.0,0.0,0.0,53.416404724121094,-2.145904064178467,164.0
54719,4,0.0,0.0,0.0,52.63568878173828,1.2785369753837585,88.5
104014,2,0.0,0.0,0.0,50.732900619506836,-3.509313941001892,39.0
66417,2,0.0,0.0,0.0,51.95160102844238,-0.2762565016746521,172.5
89241,2,0.0,0.0,0.0,50.78577423095703,-2.297680974006653,101.5
131762,1,0.0,0.0,0.0,53.2466926574707,-0.5147370100021362,324.0
74222,1,0.0,0.0,0.0,53.27065658569336,-2.5395309925079346,54.0
6555,4,0.0,0.0,0.0,50.33601665496826,-5.099127411842346,205.25
9099894,2,0.0,0.0,0.0,54.60995674133301,-2.9623990058898926,198.0
18913,1,0.0,0.0,0.0,51.07362747192383,-1.7951580286026,209.0
11224,5,0.0,0.0,0.0,51.36508712768555,0.5418815970420837,118.4
2231,1,0.0,0.0,0.0,50.81956481933594,-0.6102150082588196,304.0
12680,2,0.0,0.0,0.0,53.636474609375,-1.7869204878807068,23.5
12300,8,0.0,0.0,0.0,54.548423767089844,-1.3092986345291138,213.75
66732,1,0.0,0.0,0.0,52.35038757324219,-0.18049299716949463,121.0
158593,3,0.0,0.0,0.0,52.80394999186198,-0.1869573394457499,84.0
8603,1,0.0,0.0,0.0,50.19548797607422,-5.32107400894165,245.0
12466,1,0.0,0.0,0.0,53.822357177734375,-1.9507520198822021,23.0
607,1,0.0,0.0,0.0,52.59292984008789,-2.1310811042785645,206.0
104879,1,0.0,0.0,0.0,54.2972526550293,-2.726823091506958,168.0
92600,6,0.0,0.0,0.0,53.51425043741862,-2.1795624494552612,57.5
10983951,12,0.0,0.0,0.0,51.4984442392985,-0.411916583776474,180.0
3565,2,0.0,0.0,0.0,53.73824119567871,-2.4894495010375977,4.0
13230,1,0.0,0.0,0.0,52.6263427734375,-1.9900480508804321,118.0
114126,1,0.0,0.0,0.0,51.71113586425781,-0.6082550287246704,-1.0
3454985,1,0.0,0.0,0.0,51.4152946472168,-2.5950369834899902,-1.0
399784,6,0.0,0.0,0.0,53.45378748575846,-2.3084797064463296,123.16666666666667
8685,1,0.0,0.0,0.0,51.71785354614258,-2.135335922241211,316.0
58953,1,0.0,0.0,0.0,53.90399169921875,-1.6918460130691528,-1.0
6554006,1,0.0,0.0,0.0,52.26371383666992,-2.1084721088409424,275.0
17842,9,0.0,0.0,0.0,52.63367165459527,1.2569533321592543,113.55555555555556
103480,3,0.0,0.0,0.0,53.62754694620768,-0.7257520159085592,118.0
11316679,16,0.0,0.0,0.0,51.567140340805054,-0.25398625154048204,168.75
37227,1,0.0,0.0,0.0,53.66178894042969,-1.6385109424591064,-1.0
7097,3,0.0,0.0,0.0,51.46670786539713,-2.554504712422689,-1.0
7290,3,0.0,0.0,0.0,55.05923970540365,-1.5524506568908691,128.66666666666666
1609,8,0.0,0.0,0.0,53.459640979766846,-2.307364732027054,119.375
10805,3,0.0,0.0,0.0,51.58377329508463,0.1224423348903656,120.0
59698,2,0.0,0.0,0.0,50.7509880065918,-3.258871555328369,255.0
11650,1,0.0,0.0,0.0,51.894927978515625,-2.061368942260742,128.0
10965757,1,0.0,0.0,0.0,51.9139518737793,-0.43024298548698425,-1.0
11959,1,0.0,0.0,0.0,53.71464157104492,-1.8853620290756226,308.0
113822,1,0.0,0.0,0.0,52.76546096801758,-0.8829479813575745,-1.0
61700,11,0.0,0.0,0.0,50.72847713123668,-1.829694617878307,57.63636363636363
86091,4,0.0,0.0,0.0,54.83871078491211,-3.0744194984436035,190.5
113195,1,0.0,0.0,0.0,51.27558135986328,1.080623984336853,60.0
12687,7,0.0,0.0,0.0,53.814405713762554,-1.540267859186445,100.42857142857143
93644,11,0.0,0.0,0.0,53.47179898348722,-2.3327199545773594,122.18181818181819
4824,2,0.0,0.0,0.0,51.755069732666016,-1.2280980348587036,186.0
969436,4,0.0,0.0,0.0,54.88266372680664,-1.377343475818634,147.5
45408,1,0.0,0.0,0.0,52.08684539794922,-1.9523160457611084,-1.0
115524,10,0.0,0.0,0.0,51.55882453918457,0.6408617079257966,109.8
6684,14,0.0,0.0,0.0,51.983707427978516,-0.6497377859694617,124.71428571428571
17635,2,0.0,0.0,0.0,51.452579498291016,-0.9368994832038879,132.0
76204,21,0.0,0.0,0.0,51.55345662434896,0.5896527596882412,116.52380952380952
18177,1,0.0,0.0,0.0,51.36708068847656,0.5795249938964844,186.0
43337,2,0.0,0.0,0.0,53.577592849731445,-0.6642754971981049,-1.0
63076,1,0.0,0.0,0.0,53.07143020629883,-3.0276401042938232,338.0
8770,2,0.0,0.0,0.0,54.989871978759766,-1.6628680229187012,183.0
83495,4,0.0,0.0,0.0,53.959938049316406,-1.0808497369289398,152.25
5715,4,0.0,0.0,0.0,53.12837219238281,-2.8052417635917664,109.0
48843,8,0.0,0.0,0.0,55.03424787521362,-1.5098007321357727,121.375
52774,9,0.0,0.0,0.0,51.70824983384874,-0.42478744520081413,136.55555555555554
54556,6,0.0,0.0,0.0,51.87449709574381,0.941952665646871,142.66666666666666
27656,3,0.0,0.0,0.0,53.04025014241537,-2.1323720614115396,70.33333333333333
5376,5,0.0,0.0,0.0,52.61110000610351,-1.1392626285552978,92.6
5535,2,0.0,0.0,0.0,52.86835289001465,-2.663848042488098,148.5
132389,3,0.0,0.0,0.0,54.53749338785807,-1.2692253589630127,136.0
3865,9,0.0,0.0,0.0,50.58425521850586,-2.4520047505696616,207.22222222222223
9981,4,0.0,0.0,0.0,53.53610134124756,-1.3210192322731018,163.5
5267,2,0.0,0.0,0.0,51.949602127075195,-2.1145730018615723,252.0
72745,4,0.0,0.0,0.0,53.34251689910889,-1.9513217210769653,179.0
93045,2,0.0,0.0,0.0,53.272056579589844,-1.214243471622467,144.0
92150,1,0.0,0.0,0.0,53.6118049621582,-2.1158339977264404,326.0
1512210,2,0.0,0.0,0.0,50.73033142089844,-1.8717129826545715,221.0
133015,5,0.0,0.0,0.0,51.25600662231445,-1.109894585609436,163.2
101319,8,0.0,0.0,0.0,52.65386247634888,-1.1430403888225555,175.125
3983550,1,0.0,0.0,0.0,52.02558517456055,0.855355978012085,80.0
128764,5,0.0,0.0,0.0,52.605604553222655,-2.01576714515686,91.4
70605,1,0.0,0.0,0.0,50.71799850463867,-1.9850900173187256,13.0
128700,4,0.0,0.0,0.0,52.591485023498535,-2.118707239627838,88.0
92079,2,0.0,0.0,0.0,52.24111366271973,-0.8982780277729034,180.0
10464977,1,0.0,0.0,0.0,54.28400802612305,-0.38779398798942566,-1.0
10980866,1,0.0,0.0,0.0,52.571475982666016,0.8242480158805847,-1.0
8921,4,0.0,0.0,0.0,38.035762786865234,-2.6276204586029053,151.5
4212,2,0.0,0.0,0.0,52.4854736328125,-1.9618250131607056,166.0
120434,2,0.0,0.0,0.0,50.93239974975586,-2.289436101913452,132.5
111481,7,0.0,0.0,0.0,51.56827817644392,-1.7946755715778895,89.57142857142857
4200,1,0.0,0.0,0.0,53.03044128417969,-2.1655099391937256,-1.0
10792551,7,0.0,0.0,0.0,50.833268301827566,-0.13158842708383287,131.28571428571428
12529,9,0.0,0.0,0.0,53.801400078667534,-1.5407063431209989,101.11111111111111
133136,1,0.0,0.0,0.0,50.4029426574707,-3.8593320846557617,240.0
3918538,1,0.0,0.0,0.0,51.52928161621094,0.7948309779167175,-1.0
82024,3,0.0,0.0,0.0,53.56527582804362,-2.445696989695231,258.3333333333333
81993,1,0.0,0.0,0.0,53.48279571533203,-2.3361940383911133,74.0
9073015,3,0.0,0.0,0.0,51.444618225097656,-0.9779033263524374,182.33333333333334
3912,1,0.0,0.0,0.0,51.189823150634766,1.0702879428863525,12.0
120613,7,0.0,0.0,0.0,51.37919453212193,-2.3824847085135326,100.85714285714286
5059,7,0.0,0.0,0.0,52.420309339250835,-1.485189574105399,34.857142857142854
59065,1,0.0,0.0,0.0,52.96938705444336,-2.1597208976745605,62.0
88676,7,0.0,0.0,0.0,53.79924883161272,-3.033529451915196,160.28571428571428
78223,2,0.0,0.0,0.0,54.53485298156738,-1.2068524956703186,77.0
109796,2,0.0,0.0,0.0,53.30293083190918,-2.5319600105285645,198.0
3976,7,0.0,0.0,0.0,54.8433837890625,-1.7379669972828455,109.71428571428571
6612,2,0.0,0.0,0.0,51.91636085510254,-0.5045744925737381,175.0
41146,6,0.0,0.0,0.0,52.029890060424805,-0.743306835492452,210.0
13177,3,0.0,0.0,0.0,51.64849599202474,-3.0272939999898276,136.0
113205,1,0.0,0.0,0.0,0.0,0.0,0.0
9559299,6,0.0,0.0,0.0,51.5304209391276,0.04392116734137138,45.0
67414,1,0.0,0.0,0.0,52.314308166503906,-1.9328709840774536,256.0
82346,1,0.0,0.0,0.0,52.567813873291016,0.9166520237922668,113.0
11650086,2,0.0,0.0,0.0,52.61254692077637,1.7234500050544739,85.5
6080,2,0.0,0.0,0.0,52.694942474365234,-2.022918939590454,266.0
12094782,2,0.0,0.0,0.0,52.37339210510254,1.1097649931907654,57.5
32415,1,0.0,0.0,0.0,51.46064758300781,-1.309730052947998,281.0
94821,3,0.0,0.0,0.0,53.52920277913412,-2.6612563133239746,86.66666666666667
7982,17,0.0,0.0,0.0,51.58390224681181,-3.3335453341988956,153.52941176470588
78684,5,0.0,0.0,0.0,53.5729362487793,-1.4247724056243896,199.2
7726,1,0.0,0.0,0.0,53.369163513183594,-1.21138596534729,-1.0
70668,8,0.0,0.0,0.0,50.91475439071655,-1.3842294961214066,170.0
72952,2,0.0,0.0,0.0,53.46158409118652,-2.7115819454193115,151.5
102570,2,0.0,0.0,0.0,53.728736877441406,-2.4976245164871216,48.5
4018639,2,0.0,0.0,0.0,51.70901298522949,-0.31918199360370636,40.5
72362,1,0.0,0.0,0.0,51.00398254394531,-0.936398983001709,111.0
128658,4,0.0,0.0,0.0,52.49415111541748,-2.0035902559757233,120.25
43937,2,0.0,0.0,0.0,51.89703941345215,-2.166509509086609,147.0
132378,6,0.0,0.0,0.0,53.2480583190918,-2.854709506034851,169.0
81914,1,0.0,0.0,0.0,55.000404357910156,-1.594349980354309,213.0
4087095,7,0.0,0.0,0.0,52.96004213605608,-1.1792494228907995,172.0
131063,1,0.0,0.0,0.0,52.13142013549805,-0.3870680034160614,72.0
75806,1,0.0,0.0,0.0,54.77699279785156,-1.5754050016403198,192.0
4460955,1,0.0,0.0,0.0,53.131900787353516,-1.5120309591293335,86.0
3804,2,0.0,0.0,0.0,53.826189041137695,-3.054952025413513,177.0
11930,4,0.0,0.0,0.0,53.64431667327881,-1.4270344972610474,122.25
84155,2,0.0,0.0,0.0,53.40045738220215,-1.406779944896698,69.0
9031654,14,0.0,0.0,0.0,51.40633910042899,-0.08681921394807952,115.71428571428571
7171,1,0.0,0.0,0.0,53.07429122924805,-0.8102329969406128,46.0
335907,1,0.0,0.0,0.0,51.519832611083984,-0.7370229959487915,196.0
61403,4,0.0,0.0,0.0,53.61104393005371,-1.4863845109939575,60.0
17895,1,0.0,0.0,0.0,52.629798889160156,1.2990050315856934,349.0
42705,1,0.0,0.0,0.0,54.48515319824219,-0.615447998046875,-1.0
59189,1,0.0,0.0,0.0,53.03691482543945,-2.247452974319458,132.0
132994,2,0.0,0.0,0.0,51.13413047790527,-1.395696997642517,255.0
133577,4,0.0,0.0,0.0,53.570523262023926,-1.4654462337493896,171.0
17985,6,0.0,0.0,0.0,51.13095474243164,-0.17463083316882452,97.33333333333333
100773,5,0.0,0.0,0.0,53.43545074462891,-2.9534093856811525,164.2
73400,1,0.0,0.0,0.0,50.150657653808594,-5.078771114349365,290.0
7223,2,0.0,0.0,0.0,52.598615646362305,-1.1377654671669006,250.5
10245968,13,0.0,0.0,0.0,51.470429347111626,-0.06361715366634038,117.6923076923077
86040,1,0.0,0.0,0.0,54.04679489135742,-2.7996299266815186,282.0
57641,3,0.0,0.0,0.0,54.90507507324219,-1.5261530081431072,208.0
3983541,1,0.0,0.0,0.0,52.10347366333008,0.6725640296936035,118.0
10794184,2,0.0,0.0,0.0,54.89837646484375,-1.5546364784240723,221.0
81812,5,0.0,0.0,0.0,53.49103775024414,-2.3434549808502196,129.0
133010,1,0.0,0.0,0.0,51.254878997802734,-1.1698709726333618,18.0
59181,2,0.0,0.0,0.0,53.41246795654297,-3.0270270109176636,256.0
9951628,5,0.0,0.0,0.0,53.347818756103514,-1.3936576128005982,128.6
36865,5,0.0,0.0,0.0,52.86300430297852,-1.5686896085739135,140.6
102701,2,0.0,0.0,0.0,54.61647415161133,-1.3246919512748718,93.0
120734,5,0.0,0.0,0.0,51.46098709106445,-2.551115036010742,175.8
9393399,13,0.0,0.0,0.0,51.54684037428636,-0.2465515388892247,124.61538461538461
12197440,9,0.0,0.0,0.0,51.59832678900825,-0.022735444207986195,145.0
1436,2,0.0,0.0,0.0,54.98612403869629,-1.7028029561042786,204.0
98455,3,0.0,0.0,0.0,52.29766082763672,-0.8290500044822693,78.0
11656395,2,0.0,0.0,0.0,51.56842803955078,0.4408800005912781,-1.0
103428,1,0.0,0.0,0.0,52.32334518432617,-0.0710970014333725,-1.0
32616,1,0.0,0.0,0.0,50.77248001098633,0.10050100088119507,251.0
3693,4,0.0,0.0,0.0,53.35611057281494,-1.0957967340946198,126.0
7300,4,0.0,0.0,0.0,51.0275354385376,-1.7036002278327942,90.5
348487,8,0.0,0.0,0.0,51.48825120925903,-0.08171787578612566,129.375
108655,2,0.0,0.0,0.0,50.33930969238281,-4.789740324020386,-1.0
6951,4,0.0,0.0,0.0,52.497260093688965,-2.1472837924957275,127.75
61042,3,0.0,0.0,0.0,53.68038686116537,-1.5380176703135173,182.0
7286,6,0.0,0.0,0.0,50.81677563985189,-1.8585226734479268,95.0
32646,3,0.0,0.0,0.0,53.37444305419922,-2.9228920141855874,33.333333333333336
13076,2,0.0,0.0,0.0,52.604604721069336,-1.9953655004501343,176.5
2142,5,0.0,0.0,0.0,51.350684356689456,-0.2502613991498947,126.0
9771895,6,0.0,0.0,0.0,52.46632321675619,-2.0215796629587808,151.33333333333334
15346,1,0.0,0.0,0.0,51.603492736816406,-3.3403549194335938,192.0
59203,3,0.0,0.0,0.0,53.419386545817055,-2.546802361806234,187.33333333333334
131443,1,0.0,0.0,0.0,50.77557373046875,0.30057400465011597,78.0
9496400,2,0.0,0.0,0.0,50.620391845703125,-3.403017520904541,234.0
4069075,18,0.0,0.0,0.0,51.38735347323947,0.02418166699094905,200.0
11668,3,0.0,0.0,0.0,52.05475107828776,-2.624873638153076,209.0
63101,5,0.0,0.0,0.0,53.43222351074219,-2.728019618988037,237.6
104008,1,0.0,0.0,0.0,50.885196685791016,0.5544289946556091,354.0
73565,2,0.0,0.0,0.0,53.621944427490234,-2.1474640369415283,81.5
66443,4,0.0,0.0,0.0,50.43105125427246,-3.9225136637687683,141.0
100691,2,0.0,0.0,0.0,54.914588928222656,-1.6523690223693848,35.5
81972,1,0.0,0.0,0.0,53.562313079833984,-2.4370288848876953,185.0
109798,5,0.0,0.0,0.0,53.415643310546876,-2.303462600708008,177.0
1691953,1,0.0,0.0,0.0,51.88446044921875,-2.1037518978118896,0.0
28480,5,0.0,0.0,0.0,51.56619033813477,0.709836208820343,106.6
10027,2,0.0,0.0,0.0,51.13656044006348,0.2555820047855377,271.5
27554,1,0.0,0.0,0.0,51.069618225097656,-1.7957110404968262,-1.0
344,4,0.0,0.0,0.0,52.48391342163086,1.6351214945316315,101.0
73265,1,0.0,0.0,0.0,52.04148864746094,-2.729835033416748,341.0
3903647,2,0.0,0.0,0.0,51.40388298034668,-1.2852395176887512,63.5
133012,2,0.0,0.0,0.0,51.249494552612305,-1.109211504459381,195.0
10372,3,0.0,0.0,0.0,53.44346618652344,-1.3156919876734416,37.333333333333336
7680,12,0.0,0.0,0.0,53.44856230417887,-2.1838988860448203,123.5
37723,1,0.0,0.0,0.0,53.872379302978516,-0.8257250189781189,312.0
12701,3,0.0,0.0,0.0,53.812636057535805,-1.5668296813964844,163.0
91131,2,0.0,0.0,0.0,53.36457633972168,-0.7936079800128937,189.0
112172,1,0.0,0.0,0.0,52.246726989746094,0.7070260047912598,357.0
93371,1,0.0,0.0,0.0,51.878944396972656,-0.41111400723457336,210.0
59223,4,0.0,0.0,0.0,53.06495189666748,-2.404066026210785,203.75
59247,2,0.0,0.0,0.0,53.4626579284668,-2.7007559537887573,133.0
12094760,1,0.0,0.0,0.0,52.52333450317383,1.237874984741211,342.0
44454,1,0.0,0.0,0.0,51.91401672363281,-2.57497501373291,72.0
133144,2,0.0,0.0,0.0,25.185012817382812,-2.0621955394744873,123.0
110065,1,0.0,0.0,0.0,52.74296569824219,-0.8917580246925354,9.0
2250765,2,0.0,0.0,0.0,52.43145561218262,-1.3716580271720886,279.0
38573,2,0.0,0.0,0.0,51.82728576660156,-0.7090534865856171,149.0
9951729,3,0.0,0.0,0.0,53.396629333496094,-1.4607996543248494,154.33333333333334
32209,1,0.0,0.0,0.0,53.422489166259766,-2.9271960258483887,145.0
6212367,11,0.0,0.0,0.0,51.4823525168679,-0.41451854326508264,151.36363636363637
59213,4,0.0,0.0,0.0,53.40974044799805,-2.9728517532348633,161.75
10212,1,0.0,0.0,0.0,50.54266357421875,-4.15967321395874,57.0
9122196,1,0.0,0.0,0.0,54.137386322021484,-1.5189180374145508,275.0
13875,1,0.0,0.0,0.0,52.058258056640625,1.1570290327072144,86.0
1449792,1,0.0,0.0,0.0,54.54375457763672,-1.548421025276184,11.0
9647,1,0.0,0.0,0.0,52.46522521972656,1.7045340538024902,338.0
92538,15,0.0,0.0,0.0,53.51422627766927,-2.221072562535604,118.66666666666667
3983538,1,0.0,0.0,0.0,52.24787902832031,0.7103689908981323,-1.0
9800576,2,0.0,0.0,0.0,53.23838806152344,-1.6089975237846375,177.0
4963,12,0.0,0.0,0.0,53.392584482828774,-2.253254771232605,99.08333333333333
38591,6,0.0,0.0,0.0,54.92942746480306,-1.732888678709666,193.0
132375,2,0.0,0.0,0.0,54.53653144836426,-1.219164490699768,219.0
79768,4,0.0,0.0,0.0,50.47365760803223,-3.6951034665107727,48.5
2156787,2,0.0,0.0,0.0,51.5125732421875,-0.5972190201282501,206.5
70660,11,0.0,0.0,0.0,53.44560865922408,-2.231955636631359,98.9090909090909
70667,5,0.0,0.0,0.0,50.89427642822265,-1.3808748245239257,119.8
106137,1,0.0,0.0,0.0,54.895362854003906,-2.9336578845977783,162.0
82027,2,0.0,0.0,0.0,53.594600677490234,-2.427064061164856,-1.0
45907,2,0.0,0.0,0.0,51.65969657897949,-3.9421850442886353,187.5
3173682,1,0.0,0.0,0.0,51.383705139160156,-2.3614261150360107,165.0
12070,2,0.0,0.0,0.0,53.681495666503906,-1.5040419697761536,120.5
131561,2,0.0,0.0,0.0,53.31219673156738,-0.6816684901714325,171.0
10967893,1,0.0,0.0,0.0,52.893741607666016,-2.1902709007263184,230.0
41504,1,0.0,0.0,0.0,53.389625549316406,-2.597346067428589,-1.0
4279907,1,0.0,0.0,0.0,51.82581329345703,-0.7958080172538757,60.0
13046,5,0.0,0.0,0.0,51.75636749267578,-1.2235438346862793,102.2
7462,8,0.0,0.0,0.0,51.4776291847229,-3.4524871110916138,116.25
1334873,1,0.0,0.0,0.0,53.47172927856445,-1.3505280017852783,324.0
133277,5,0.0,0.0,0.0,51.64688720703125,-3.0188965797424316,158.4
111317,2,0.0,0.0,0.0,51.4749813079834,-0.4376534968614578,86.5
106496,2,0.0,0.0,0.0,52.41520309448242,0.17572349682450294,42.0
92149,1,0.0,0.0,0.0,53.600181579589844,-2.1382880210876465,56.0
7559,1,0.0,0.0,0.0,50.69922637939453,-1.308670997619629,305.0
17987,2,0.0,0.0,0.0,52.5090446472168,1.397137463092804,290.5
1945084,6,0.0,0.0,0.0,51.61368942260742,-0.08873316645622253,150.0
77261,3,0.0,0.0,0.0,53.405836741129555,-1.4592990080515544,83.0
3291033,2,0.0,0.0,0.0,51.37022399902344,0.05754099786281586,135.0
12534,5,0.0,0.0,0.0,53.75252685546875,-1.7642790079116821,84.6
65479,1,0.0,0.0,0.0,50.9814338684082,-4.1860880851745605,330.0
59107,1,0.0,0.0,0.0,53.656707763671875,-2.992676019668579,137.0
93177,2,0.0,0.0,0.0,50.800289154052734,-0.9827629923820496,141.0
1552,1,0.0,0.0,0.0,53.3658332824707,-2.2755320072174072,249.0
5383,1,0.0,0.0,0.0,51.9130973815918,-0.28234800696372986,51.0
17819,2,0.0,0.0,0.0,50.79401779174805,0.07816450297832489,91.5
3099477,1,0.0,0.0,0.0,51.91070556640625,-0.6423100233078003,330.0
30531,5,0.0,0.0,0.0,53.79483184814453,-1.5323390007019042,199.2
73807,3,0.0,0.0,0.0,53.78201421101888,-1.497605323791504,140.0
1629655,3,0.0,0.0,0.0,53.188507080078125,-1.6758636633555095,311.3333333333333
8582,2,0.0,0.0,0.0,51.7911262512207,-1.5312010049819946,141.0
81749,6,0.0,0.0,0.0,50.662407557169594,-3.5737510124842324,143.0
1853810,1,0.0,0.0,0.0,53.61368942260742,-0.65516597032547,269.0
91552,4,0.0,0.0,0.0,54.233924865722656,-0.3536200001835823,142.0
105278,2,0.0,0.0,0.0,52.387197494506836,-0.08939550071954727,-1.0
110922,5,0.0,0.0,0.0,54.863243865966794,-1.436838412284851,70.0
5932,5,0.0,0.0,0.0,52.643656158447264,-1.1628301858901977,123.4
39010,7,0.0,0.0,0.0,52.4916011265346,-1.7751984255654472,113.85714285714286
3989,1,0.0,0.0,0.0,52.04829406738281,-0.020500000566244125,-1.0
6757504,15,0.0,0.0,0.0,51.46188990275065,-0.12295813212792078,192.0
5739,6,0.0,0.0,0.0,52.534636815389,-1.8591134945551555,85.16666666666667
1668138,9,0.0,0.0,0.0,52.50259017944336,-1.8451875580681696,157.11111111111111
3746,13,0.0,0.0,0.0,52.42852548452524,-1.9601205403988178,70.38461538461539
81074,1,0.0,0.0,0.0,53.375770568847656,-2.930924892425537,-1.0
7025,4,0.0,0.0,0.0,52.61015701293945,-1.1168180108070374,184.0
131822,4,0.0,0.0,0.0,53.217345237731934,-0.552340492606163,148.5
90264,4,0.0,0.0,0.0,50.76261329650879,-1.917085975408554,181.25
8388,5,0.0,0.0,0.0,52.01578979492187,1.2530293941497803,83.0
55714,2,0.0,0.0,0.0,53.86324691772461,-1.8603090047836304,306.5
4016162,2,0.0,0.0,0.0,51.5560245513916,0.6488929986953735,149.0
204,1,0.0,0.0,0.0,53.05118942260742,-2.9674150943756104,73.0
97455,5,0.0,0.0,0.0,50.821198272705075,-1.1924529790878295,189.4
3330789,3,0.0,0.0,0.0,51.65823618570963,-0.656675656636556,233.0
91154,7,0.0,0.0,0.0,53.668133871895925,-0.5207338503428868,153.42857142857142
15532,1,0.0,0.0,0.0,50.81760787963867,-0.1224140003323555,-1.0
10984052,4,0.0,0.0,0.0,51.56352615356445,-0.25304849818348885,123.75
4007,1,0.0,0.0,0.0,51.129905700683594,-2.998492956161499,-1.0
7725,12,0.0,0.0,0.0,53.37674299875895,-1.4634177486101787,52.583333333333336
91051,4,0.0,0.0,0.0,53.3413667678833,-1.1837659776210785,126.0
7640,9,0.0,0.0,0.0,51.81439208984375,-0.23614300125175053,136.0
6995,4,0.0,0.0,0.0,54.563852310180664,-1.2614929974079132,66.5
12340746,1,0.0,0.0,0.0,52.22262954711914,-2.7578890323638916,155.0
3726,1,0.0,0.0,0.0,50.77369689941406,0.10514000058174133,267.0
564959,4,0.0,0.0,0.0,53.692049980163574,-2.6652870178222656,19.75
240478,3,0.0,0.0,0.0,51.36657969156901,1.3791199922561646,180.0
10984186,25,0.0,0.0,0.0,51.53099716186524,-0.02542316011385992,154.8
59073,5,0.0,0.0,0.0,53.0562629699707,-2.0877366065979004,31.2
84551,1,0.0,0.0,0.0,51.3521728515625,-1.9889169931411743,256.0
6758,4,0.0,0.0,0.0,50.75891304016113,-1.917185753583908,217.75
13513,2,0.0,0.0,0.0,52.43369674682617,-1.498468041419983,0.0
78050,6,0.0,0.0,0.0,51.81230545043945,0.5096709976593653,122.16666666666667
9307759,3,0.0,0.0,0.0,36.656988779703774,-1.0795413255691528,70.0
4531656,1,0.0,0.0,0.0,53.01046371459961,-3.034792900085449,174.0
133265,1,0.0,0.0,0.0,51.700843811035156,-3.0385520458221436,132.0
131801,2,0.0,0.0,0.0,53.2384090423584,-0.5445090234279633,177.0
3704022,4,0.0,0.0,0.0,50.48978519439697,-4.772539496421814,110.75
10071056,13,0.0,0.0,0.0,51.44858639056866,-0.015946153831184626,152.30769230769232
86399,3,0.0,0.0,0.0,51.267199198404946,1.0957943598429363,180.0
4004,1,0.0,0.0,0.0,50.3702392578125,-4.142013072967529,-1.0
6770,3,0.0,0.0,0.0,52.99199295043945,-2.1236323515574136,143.0
9306,3,0.0,0.0,0.0,51.18193435668945,0.2856559952100118,-1.0
95048,1,0.0,0.0,0.0,53.47081756591797,-2.565948963165283,137.0
82010,2,0.0,0.0,0.0,53.584177017211914,-2.419678568840027,167.0
72906,1,0.0,0.0,0.0,51.987770080566406,-2.4645578861236572,251.0
138523,14,0.0,0.0,0.0,51.362357003348215,-0.06164778622665575,151.07142857142858
5041,3,0.0,0.0,0.0,50.363599141438804,-4.111687024434407,93.0
84491,2,0.0,0.0,0.0,51.622915267944336,-3.9513925313949585,167.5
116632,6,0.0,0.0,0.0,54.64666493733724,-1.402824838956197,114.83333333333333
740131,3,0.0,0.0,0.0,52.9178466796875,-1.4073083400726318,70.33333333333333
7224,5,0.0,0.0,0.0,51.6126205444336,-3.8010637760162354,202.8
4290,4,0.0,0.0,0.0,51.03125762939453,-1.9396635293960571,257.0
6072,2,0.0,0.0,0.0,50.36691665649414,-4.146358013153076,36.5
5364,11,0.0,0.0,0.0,51.46089761907404,-2.588047829541293,103.72727272727273
54823,4,0.0,0.0,0.0,51.7302360534668,0.4560219943523407,48.25
91043,2,0.0,0.0,0.0,53.089683532714844,-1.3911990523338318,135.0
17638,3,0.0,0.0,0.0,51.452046712239586,-0.9484930038452148,154.66666666666666
4190170,1,0.0,0.0,0.0,52.05763626098633,-2.718735933303833,-1.0
138484,13,0.0,0.0,0.0,51.651263603797325,-0.10889446133604416,190.3846153846154
132430,1,0.0,0.0,0.0,54.65842819213867,-1.2503889799118042,0.0
28385,1,0.0,0.0,0.0,53.799312591552734,-1.5396939516067505,-1.0
3436067,1,0.0,0.0,0.0,53.1429328918457,-1.1975280046463013,62.0
7835149,1,0.0,0.0,0.0,52.93242645263672,-3.065424919128418,156.0
51087,6,0.0,0.0,0.0,51.637722651163735,-3.464384158452352,156.0
7691,1,0.0,0.0,0.0,51.18370056152344,0.3575739860534668,95.0
131898,2,0.0,0.0,0.0,53.57047080993652,-0.6502780020236969,267.0
3698056,1,0.0,0.0,0.0,51.439117431640625,-2.602665901184082,-1.0
29629,1,0.0,0.0,0.0,51.271141052246094,0.1932770013809204,-1.0
6691904,1,0.0,0.0,0.0,53.16452407836914,-2.2201809883117676,281.0
22583,1,0.0,0.0,0.0,53.867164611816406,-1.9088979959487915,265.0
6008,8,0.0,0.0,0.0,51.04167985916138,-0.27892724983394146,65.375
101952,4,0.0,0.0,0.0,51.47439384460449,-2.536896049976349,102.75
5804770,3,0.0,0.0,0.0,53.76733144124349,-2.226232369740804,116.33333333333333
133087,1,0.0,0.0,0.0,50.97752380371094,-3.2267189025878906,330.0
82031,1,0.0,0.0,0.0,53.57577133178711,-2.431696891784668,344.0
41650,3,0.0,0.0,0.0,52.633898417154946,1.2529096603393555,98.0
4940,1,0.0,0.0,0.0,50.98651885986328,-2.90482497215271,265.0
131763,3,0.0,0.0,0.0,53.21342849731445,-0.5164426565170288,238.0
90428,1,0.0,0.0,0.0,52.49747848510742,-1.8956040143966675,11.0
74590,2,0.0,0.0,0.0,53.103254318237305,-2.4501880407333374,159.5
4950016,1,0.0,0.0,0.0,51.375728607177734,-2.436997890472412,-1.0
3451,2,0.0,0.0,0.0,52.373281478881836,-1.9961280226707458,130.0
100294,6,0.0,0.0,0.0,52.46944363911947,-1.8122103611628215,141.66666666666666
85937,3,0.0,0.0,0.0,54.57697041829427,-1.1742786566416423,85.66666666666667
58845,4,0.0,0.0,0.0,53.37880229949951,-3.0149067640304565,149.5
13955,1,0.0,0.0,0.0,51.373409271240234,-0.6737359762191772,-1.0
86037,9,0.0,0.0,0.0,54.05472267998589,-2.823027319378323,141.33333333333334
5196,5,0.0,0.0,0.0,52.04706726074219,1.169309377670288,126.8
113301,8,0.0,0.0,0.0,51.446914196014404,-2.5607990324497223,143.375
7130,6,0.0,0.0,0.0,50.39271036783854,-4.13197922706604,73.33333333333333
9218,2,0.0,0.0,0.0,52.630558013916016,-1.2682479619979858,193.0
6291,6,0.0,0.0,0.0,54.95107078552246,-1.5780578255653381,183.66666666666666
120512,4,0.0,0.0,0.0,51.369232177734375,-2.3541200160980225,130.0
86063,1,0.0,0.0,0.0,54.319496154785156,-2.72733211517334,6.0
57625,7,0.0,0.0,0.0,54.91065107073103,-1.514994706426348,83.28571428571429
132939,1,0.0,0.0,0.0,51.2387809753418,-0.7868199944496155,72.0
73399,4,0.0,0.0,0.0,52.42548179626465,-1.5121715068817139,110.75
132851,2,0.0,0.0,0.0,50.8381233215332,-1.0364345014095306,123.0
8642556,9,0.0,0.0,0.0,51.474698808458115,0.06199388930367099,125.0
6375,4,0.0,0.0,0.0,53.99660778045654,-1.0629627704620361,119.75
6839,5,0.0,0.0,0.0,51.21991882324219,1.355268406867981,146.4
12358,9,0.0,0.0,0.0,53.70565499199761,-1.6522952185736761,127.33333333333333
4566075,3,0.0,0.0,0.0,52.93189366658529,-1.52332599957784,125.66666666666667
4642,2,0.0,0.0,0.0,51.87887763977051,-0.4586170017719269,91.0
110499,2,0.0,0.0,0.0,54.09764862060547,-1.2182599902153015,195.0
28714,1,0.0,0.0,0.0,50.68534851074219,-2.3795769214630127,330.0
6205,2,0.0,0.0,0.0,51.407470703125,-2.056720495223999,233.5
399813,1,0.0,0.0,0.0,53.387901306152344,-2.347588062286377,-1.0
54247,1,0.0,0.0,0.0,52.68947982788086,-2.7357261180877686,28.0
5735,4,0.0,0.0,0.0,51.953370094299316,-2.121698498725891,151.5
9951653,15,0.0,0.0,0.0,53.37992858886719,-1.4449989398320515,115.6
115807,3,0.0,0.0,0.0,53.227003733317055,-4.139695644378662,75.66666666666667
4145,13,0.0,0.0,0.0,50.83139008742113,-0.16251476997366318,94.84615384615384
9827,2,0.0,0.0,0.0,51.7265682220459,-4.155109405517578,153.0
91389,1,0.0,0.0,0.0,50.54832077026367,-4.147529125213623,-1.0
4534129,1,0.0,0.0,0.0,51.305477142333984,-0.5658310055732727,215.0
103999,7,0.0,0.0,0.0,43.60008239746094,0.49409628765923636,138.0
137859,5,0.0,0.0,0.0,51.554934692382815,0.10397580116987229,135.0
134346,1,0.0,0.0,0.0,53.95939254760742,-1.0882949829101562,61.0
65742,3,0.0,0.0,0.0,51.75396219889323,0.5035136540730795,118.0
6510,7,0.0,0.0,0.0,53.374639238630024,-1.4190131255558558,229.71428571428572
68947,2,0.0,0.0,0.0,52.07901382446289,0.719419002532959,14.5
6387,2,0.0,0.0,0.0,50.96873474121094,-1.3752660155296326,164.0
26635,3,0.0,0.0,0.0,52.99812444051107,-2.1667116483052573,142.0
11872546,1,0.0,0.0,0.0,52.53074645996094,-1.4274959564208984,243.0
5600207,1,0.0,0.0,0.0,51.814327239990234,-0.8149309754371643,-1.0
1421925,1,0.0,0.0,0.0,53.206886291503906,-1.6834919452667236,5.0
19702,1,0.0,0.0,0.0,52.31000900268555,-1.9447029829025269,-1.0
8435,2,0.0,0.0,0.0,51.42197227478027,-2.252478003501892,-1.0
70954,1,0.0,0.0,0.0,53.12849807739258,-1.213014006614685,24.0
57297,1,0.0,0.0,0.0,54.195743560791016,-2.584768056869507,320.0
91418,2,0.0,0.0,0.0,54.575958251953125,-1.3316689729690552,240.0
11897,8,0.0,0.0,0.0,51.76103162765503,-0.27450012415647507,115.5
89756,2,0.0,0.0,0.0,52.05651092529297,1.1512454748153687,152.5
59171,4,0.0,0.0,0.0,53.41334056854248,-2.9181315302848816,170.5
132705,1,0.0,0.0,0.0,52.21416473388672,-0.944707989692688,120.0
38225,5,0.0,0.0,0.0,51.12590026855469,-0.1800576001405716,193.4
867,6,0.0,0.0,0.0,52.62513415018717,-1.1339048345883687,80.33333333333333
96864,4,0.0,0.0,0.0,51.74981689453125,-1.2323059737682343,137.0
104010,4,0.0,0.0,0.0,38.04398250579834,-2.6531862616539,117.0
120585,4,0.0,0.0,0.0,51.3929500579834,-2.413169503211975,132.25
10984176,24,0.0,0.0,0.0,51.56615495681763,0.19176049965123335,133.125
133690,2,0.0,0.0,0.0,53.47166633605957,-1.4505740404129028,273.0
7601192,14,0.0,0.0,0.0,51.53934397016253,-0.1257119279886995,141.42857142857142
357,1,0.0,0.0,0.0,52.72468566894531,0.41315600275993347,7.0
10785919,3,0.0,0.0,0.0,53.70775477091471,-1.4095786412556965,28.666666666666668
38563,1,0.0,0.0,0.0,50.95368576049805,-0.015915000811219215,170.0
79208,3,0.0,0.0,0.0,54.96349207560221,-1.603289008140564,87.33333333333333
122894,1,0.0,0.0,0.0,52.26710510253906,-2.1524410247802734,-1.0
13973,4,0.0,0.0,0.0,51.36631202697754,-0.7241459935903549,57.75
81940,2,0.0,0.0,0.0,53.51972770690918,-2.3176350593566895,251.5
10628219,5,0.0,0.0,0.0,51.47046432495117,0.033674600347876546,135.0
49548,5,0.0,0.0,0.0,51.88977890014648,-0.4250520050525665,170.6
2396,2,0.0,0.0,0.0,51.4890193939209,0.2759785056114197,28.0
4828,4,0.0,0.0,0.0,51.08090877532959,1.116094022989273,105.0
113204,1,0.0,0.0,0.0,51.16708755493164,0.8974230289459229,228.0
22586,2,0.0,0.0,0.0,53.8667106628418,-1.911796510219574,-1.0
3877828,3,0.0,0.0,0.0,53.76679229736328,-0.34405966599782306,276.0
84784,1,0.0,0.0,0.0,52.62913513183594,1.295451045036316,-1.0
97191,2,0.0,0.0,0.0,53.249807357788086,-1.3849245309829712,189.0
89481,6,0.0,0.0,0.0,53.397576649983726,-2.950386881828308,193.0
7279,2,0.0,0.0,0.0,54.85304832458496,-1.343084990978241,249.0
57428,4,0.0,0.0,0.0,52.20980262756348,0.1082135010510683,190.5
6770355,2,0.0,0.0,0.0,51.66984176635742,0.11234550178050995,128.0
67394,1,0.0,0.0,0.0,52.38595199584961,-2.24953293800354,-1.0
9011,2,0.0,0.0,0.0,50.87899208068848,0.008065000060014427,46.5
6595881,1,0.0,0.0,0.0,52.345001220703125,-1.4018830060958862,210.0
133068,2,0.0,0.0,0.0,50.40336227416992,-4.1607396602630615,216.0
59024,2,0.0,0.0,0.0,53.390974044799805,-3.0404295921325684,153.0
7435,1,0.0,0.0,0.0,54.886104583740234,-1.421326994895935,198.0
12462,1,0.0,0.0,0.0,53.86260986328125,-1.924718976020813,99.0
104011,1,0.0,0.0,0.0,50.74156951904297,-3.5049540996551514,318.0
11913036,1,0.0,0.0,0.0,53.303836822509766,-1.1217570304870605,24.0
131415,2,0.0,0.0,0.0,50.832876205444336,0.24147100001573563,117.0
77358,1,0.0,0.0,0.0,51.772315979003906,-3.207197904586792,336.0
1985,5,0.0,0.0,0.0,51.37870864868164,-0.4705614000558853,124.6
7937773,7,0.0,0.0,0.0,51.45074190412249,-0.0867392857159887,186.42857142857142
11149813,11,0.0,0.0,0.0,51.51201178810813,-0.08841418220915577,159.54545454545453
816478,1,0.0,0.0,0.0,50.63373947143555,-1.1796740293502808,6.0
5027,2,0.0,0.0,0.0,52.90314483642578,-1.489615023136139,-1.0
1421942,1,0.0,0.0,0.0,53.343894958496094,-1.7742359638214111,181.0
113066,3,0.0,0.0,0.0,51.33965301513672,-1.2270370175441105,168.0
19346,4,0.0,0.0,0.0,53.79299068450928,-2.2447807788848877,109.25
14395,2,0.0,0.0,0.0,51.08563804626465,1.1577875018119812,234.0
80761,1,0.0,0.0,0.0,51.014549255371094,-4.217047214508057,276.0
59131,2,0.0,0.0,0.0,52.38373565673828,1.6348484754562378,-1.0
10246204,4,0.0,0.0,0.0,51.51682662963867,-0.24274974688887596,180.0
2593611,1,0.0,0.0,0.0,52.76401138305664,-1.2189600467681885,236.0
1801597,1,0.0,0.0,0.0,51.40738296508789,-0.0031330001074820757,315.0
4112,1,0.0,0.0,0.0,52.733367919921875,-1.0972390174865723,33.0
107917,6,0.0,0.0,0.0,51.114218393961586,1.266684353351593,82.0
131757,1,0.0,0.0,0.0,53.23341369628906,-0.5328969955444336,126.0
131775,2,0.0,0.0,0.0,53.36258888244629,-0.4186354875564575,0.0
24217,2,0.0,0.0,0.0,53.443729400634766,-2.7419919967651367,50.0
110918,5,0.0,0.0,0.0,54.84164886474609,-1.3719475984573364,129.2
7107,7,0.0,0.0,0.0,52.62053625924246,-1.1631954227175032,130.57142857142858
1757931,3,0.0,0.0,0.0,51.89823913574219,-0.49534868200620014,125.0
7509,8,0.0,0.0,0.0,51.56933069229126,-1.774674728512764,153.375
111083,1,0.0,0.0,0.0,53.37468338012695,-1.4735660552978516,-1.0
6237,1,0.0,0.0,0.0,53.77423095703125,-0.9820200204849243,-1.0
59108,5,0.0,0.0,0.0,53.471824645996094,-2.9864377975463867,153.4
110067,2,0.0,0.0,0.0,52.77685356140137,-1.003289520740509,169.5
7050958,2,0.0,0.0,0.0,51.495540618896484,0.0779150016605854,157.5
64160,5,0.0,0.0,0.0,53.01310043334961,-1.3077814340591432,108.0
12368,6,0.0,0.0,0.0,53.07797622680664,-1.2220298449198406,159.33333333333334
6684746,5,0.0,0.0,0.0,52.58523101806641,-1.5743989944458008,207.4
5342,7,0.0,0.0,0.0,54.760494232177734,-1.400218861443656,130.28571428571428
13083,3,0.0,0.0,0.0,51.58393478393555,-3.2386130491892495,190.0
138540,8,0.0,0.0,0.0,51.61973524093628,-0.09733399981632829,140.625
4387,4,0.0,0.0,0.0,51.569899559020996,-1.7811657786369324,160.0
116772,2,0.0,0.0,0.0,54.5530891418457,-1.2517229914665222,168.5
56939,2,0.0,0.0,0.0,51.73300552368164,-1.176701009273529,-1.0
9559727,1,0.0,0.0,0.0,51.54600524902344,-0.17955699563026428,315.0
6691495,6,0.0,0.0,0.0,52.591885248819985,-2.1036991278330484,211.66666666666666
1698156,1,0.0,0.0,0.0,51.70872116088867,-3.43703293800354,126.0
3471314,19,0.0,0.0,0.0,51.53602058009098,-0.10922078945134815,156.31578947368422
117546,3,0.0,0.0,0.0,52.61279424031576,-1.677913983662923,271.3333333333333
8769,2,0.0,0.0,0.0,54.49538040161133,-1.5499749779701233,139.5
8879891,12,0.0,0.0,0.0,51.4270216623942,-0.14298858431478342,142.5
128673,11,0.0,0.0,0.0,52.54392623901367,-1.9161418026143855,75.0
114322,1,0.0,0.0,0.0,51.4096794128418,-0.5089660286903381,-1.0
56208,1,0.0,0.0,0.0,53.769351959228516,-1.0604749917984009,147.0
95552,1,0.0,0.0,0.0,53.46514129638672,-3.01823091506958,-1.0
94873,2,0.0,0.0,0.0,53.51855278015137,-1.1459450125694275,113.5
132688,6,0.0,0.0,0.0,52.28366216023763,-1.5517985026041667,161.0
7756318,1,0.0,0.0,0.0,50.33830642700195,-4.757781028747559,-1.0
10504,1,0.0,0.0,0.0,51.73153305053711,0.677075982093811,94.0
13760,1,0.0,0.0,0.0,51.069217681884766,-1.789584994316101,184.0
9130,14,0.0,0.0,0.0,53.44097627912249,-2.2436887196132114,71.35714285714286
109874,2,0.0,0.0,0.0,52.95954513549805,-1.3070129752159119,168.0
7106,2,0.0,0.0,0.0,53.29129219055176,-1.3865665197372437,288.0
131577,4,0.0,0.0,0.0,53.39946746826172,-0.772703006863594,142.5
92572,2,0.0,0.0,0.0,53.50504493713379,-2.231746554374695,240.5
8822,2,0.0,0.0,0.0,52.054330825805664,1.1505904793739319,97.5
117534,2,0.0,0.0,0.0,52.63188171386719,-1.666354477405548,318.0
1801499,3,0.0,0.0,0.0,51.47239557902018,-0.24702266355355582,150.0
81979,22,0.0,0.0,0.0,53.51962054859508,-2.33920774676583,95.4090909090909
30286,5,0.0,0.0,0.0,53.440259552001955,-2.336332607269287,114.6
7520584,1,0.0,0.0,0.0,52.769290924072266,-3.284735918045044,-1.0
4970944,2,0.0,0.0,0.0,51.85188102722168,-0.20462899655103683,-1.0
132720,6,0.0,0.0,0.0,52.37568664550781,-1.2648656566937764,147.0
78415,2,0.0,0.0,0.0,51.46612358093262,-0.4764004945755005,97.5
84492,2,0.0,0.0,0.0,51.617170333862305,-3.946621060371399,104.5
91071,1,0.0,0.0,0.0,53.09901809692383,-1.3726860284805298,66.0
92614,5,0.0,0.0,0.0,53.50238571166992,-2.268909978866577,114.6
11150177,10,0.0,0.0,0.0,51.591139221191405,-0.27009799927473066,139.5
11478005,9,0.0,0.0,0.0,51.55718697441949,0.10884944349527359,160.0
10628470,8,0.0,0.0,0.0,51.596975326538086,-0.26485887728631496,191.25
29184,2,0.0,0.0,0.0,51.916975021362305,-1.0655010044574738,283.5
133336,2,0.0,0.0,0.0,51.66473960876465,-3.0202990770339966,54.0
10340907,4,0.0,0.0,0.0,51.74721431732178,-1.2167094945907593,135.0
3927,6,0.0,0.0,0.0,53.3816712697347,-1.4612979888916016,45.333333333333336
65676,3,0.0,0.0,0.0,51.44689432779948,-0.4955379863580068,94.66666666666667
81956,18,0.0,0.0,0.0,53.53206359015571,-2.360541727807787,93.0
8766387,1,0.0,0.0,0.0,54.682621002197266,-1.234724998474121,168.0
93042,2,0.0,0.0,0.0,52.56047821044922,-0.20873799920082092,30.0
114317,13,0.0,0.0,0.0,50.81536865234375,-0.420281694485591,124.15384615384616
10977558,1,0.0,0.0,0.0,53.46192932128906,-1.4668840169906616,126.0
113302,1,0.0,0.0,0.0,51.35011672973633,-2.973803997039795,359.0
7907,12,0.0,0.0,0.0,51.46910699208578,-0.2992630849281947,202.5
61391,3,0.0,0.0,0.0,53.69473775227865,-1.4896993239720662,35.333333333333336
113757,5,0.0,0.0,0.0,51.53573303222656,0.7048889875411988,77.0
106398,2,0.0,0.0,0.0,53.55559539794922,-2.5971955060958862,207.5
1757946,8,0.0,0.0,0.0,51.886906147003174,-0.44714437425136566,103.0
4157,3,0.0,0.0,0.0,52.042188008626304,1.1848419904708862,63.333333333333336
8004612,1,0.0,0.0,0.0,52.49113082885742,-2.0614519119262695,118.0
113297,1,0.0,0.0,0.0,51.42841720581055,-2.586441993713379,-1.0
126591,3,0.0,0.0,0.0,53.7498524983724,-0.40228233734766644,223.66666666666666
45345,1,0.0,0.0,0.0,52.515380859375,-1.7192410230636597,146.0
6828,1,0.0,0.0,0.0,52.63655090332031,-1.1303110122680664,-1.0
32968,3,0.0,0.0,0.0,52.64266586303711,1.1185872952143352,118.0
117468,2,0.0,0.0,0.0,52.693084716796875,-2.6001739501953125,-1.0
2712084,2,0.0,0.0,0.0,52.70244789123535,-2.526782989501953,125.0
78298,1,0.0,0.0,0.0,53.392616271972656,-2.989274024963379,342.0
12822,2,0.0,0.0,0.0,53.730247497558594,-1.7305665016174316,151.0
4987,2,0.0,0.0,0.0,53.569828033447266,-1.4730035066604614,120.0
786164,2,0.0,0.0,0.0,50.67290115356445,-2.610571503639221,91.5
46,1,0.0,0.0,0.0,53.20792007446289,-2.9253149032592773,70.0
9559811,10,0.0,0.0,0.0,51.5402114868164,-0.0627096001058817,211.5
113394,1,0.0,0.0,0.0,51.13328552246094,0.8486379981040955,0.0
4266,1,0.0,0.0,0.0,52.887718200683594,-1.2952510118484497,139.0
86053,1,0.0,0.0,0.0,54.54607391357422,-3.5886011123657227,264.0
131421,1,0.0,0.0,0.0,51.02047348022461,0.2616249918937683,78.0
12542,8,0.0,0.0,0.0,53.80439805984497,-1.4876621216535568,109.125
6062,4,0.0,0.0,0.0,50.850226402282715,-0.1064475029706955,41.75
10780458,11,0.0,0.0,0.0,51.617850910533555,-0.13573608987710692,130.9090909090909
817,1,0.0,0.0,0.0,52.9529914855957,-1.4477850198745728,99.0
86003,1,0.0,0.0,0.0,53.732479095458984,-0.8877450227737427,180.0
63100,3,0.0,0.0,0.0,53.395147959391274,-2.9064180056254068,54.0
86098,2,0.0,0.0,0.0,54.50450897216797,-3.0903910398483276,333.0
133463,1,0.0,0.0,0.0,53.532718658447266,-1.5642039775848389,6.0
41693,3,0.0,0.0,0.0,53.61712392171224,-1.6213863293329875,120.33333333333333
12074,1,0.0,0.0,0.0,53.714473724365234,-1.883173942565918,-1.0
3039947,4,0.0,0.0,0.0,51.88991641998291,-2.096737265586853,64.5
335899,1,0.0,0.0,0.0,51.5213508605957,-0.7239710092544556,151.0
59053,4,0.0,0.0,0.0,52.184295654296875,-3.03737872838974,76.5
10423770,6,0.0,0.0,0.0,51.46497472127279,-0.35128016769886017,172.5
7015,4,0.0,0.0,0.0,51.47890281677246,0.26060250774025917,156.75
81605,2,0.0,0.0,0.0,50.3725700378418,-4.98006796836853,265.5
12655,4,0.0,0.0,0.0,53.79625701904297,-1.546347737312317,81.5
62422,2,0.0,0.0,0.0,52.971981048583984,-2.033783435821533,39.0
120735,4,0.0,0.0,0.0,51.466193199157715,-2.54350745677948,83.0
131120,4,0.0,0.0,0.0,52.5601749420166,-0.24643725156784058,111.0
89486,5,0.0,0.0,0.0,53.2730354309082,-2.9218567848205566,106.8
13168,6,0.0,0.0,0.0,51.784702936808266,-1.2704461812973022,174.0
59249,4,0.0,0.0,0.0,53.459983825683594,-2.9776015281677246,160.75
6487,9,0.0,0.0,0.0,51.220098707411026,0.40525855620702106,58.0
18025,13,0.0,0.0,0.0,51.45396393996019,-0.9851318506094126,185.84615384615384
12360,3,0.0,0.0,0.0,53.68724060058594,-1.8396220207214355,219.66666666666666
12071,2,0.0,0.0,0.0,53.713966369628906,-1.8201120495796204,129.0
121495,1,0.0,0.0,0.0,50.61245346069336,-2.453558921813965,-1.0
6757891,9,0.0,0.0,0.0,51.42740461561415,0.04505311045795679,165.0
86117,8,0.0,0.0,0.0,53.140544414520264,-2.664326250553131,147.75
10628578,18,0.0,0.0,0.0,51.55157830980089,0.08941355409721534,172.5
12565,3,0.0,0.0,0.0,53.761941274007164,-1.5777556498845418,301.3333333333333
32821,9,0.0,0.0,0.0,53.36613676283095,-1.4558840062883165,119.0
81929,13,0.0,0.0,0.0,53.539451305682846,-2.473022772715642,75.3076923076923
7747,13,0.0,0.0,0.0,51.57045951256385,-0.1666061545793827,173.07692307692307
7757,10,0.0,0.0,0.0,55.03636093139649,-1.5073146104812623,134.1
8154218,5,0.0,0.0,0.0,42.9914794921875,-2.20867862701416,99.6
45213,3,0.0,0.0,0.0,53.96032842000326,-1.0805820226669312,29.333333333333332
12627,16,0.0,0.0,0.0,53.81516981124878,-1.5156453773379326,148.5625
91407,2,0.0,0.0,0.0,54.56367874145508,-1.2491114735603333,96.0
89784,3,0.0,0.0,0.0,51.335062662760414,-0.41923466324806213,116.0
65476,7,0.0,0.0,0.0,50.706036703927175,-3.5069009917122975,161.14285714285714
19157,2,0.0,0.0,0.0,53.988922119140625,-1.0719050168991089,266.0
65484,2,0.0,0.0,0.0,25.169286727905273,-1.8274445533752441,0.0
8932,1,0.0,0.0,0.0,51.21413803100586,-2.3843629360198975,160.0
10767,3,0.0,0.0,0.0,52.86449305216471,-1.9608319600423176,130.0
7467723,1,0.0,0.0,0.0,55.77705001831055,-2.0113940238952637,178.0
73430,1,0.0,0.0,0.0,52.830562591552734,0.8467230200767517,-1.0
3039950,2,0.0,0.0,0.0,51.883975982666016,-2.147534489631653,210.0
7589,1,0.0,0.0,0.0,52.17570877075195,-2.2417449951171875,347.0
73304,3,0.0,0.0,0.0,53.80376688639323,-1.5452899932861328,77.33333333333333
9159,1,0.0,0.0,0.0,51.684852600097656,-4.160898208618164,160.0
8642675,12,0.0,0.0,0.0,51.467125256856285,-0.3216147447625796,168.75
484,1,0.0,0.0,0.0,51.40148162841797,-1.3211820125579834,141.0
88478,4,0.0,0.0,0.0,51.011098861694336,-2.2884863018989563,1.0
91952,2,0.0,0.0,0.0,51.470497131347656,-3.4345580339431763,57.0
6356,5,0.0,0.0,0.0,52.05616989135742,1.171801996231079,118.2
5930,4,0.0,0.0,0.0,39.10084247589111,0.1978087518364191,115.5
9249753,2,0.0,0.0,0.0,54.07628059387207,-0.19743900001049042,-1.0
8154118,21,0.0,0.0,0.0,53.67556889851888,-2.6079686823345365,177.14285714285714
12212530,1,0.0,0.0,0.0,51.55705261230469,0.481332004070282,62.0
12236341,1,0.0,0.0,0.0,54.90788269042969,-1.3877700567245483,86.0
3181304,1,0.0,0.0,0.0,50.06641387939453,-5.709749221801758,-1.0
3901844,1,0.0,0.0,0.0,53.415191650390625,-2.9993820190429688,352.0
16075,1,0.0,0.0,0.0,51.76378631591797,0.12637299299240112,161.0
49074,2,0.0,0.0,0.0,53.131431579589844,-1.1893405318260193,93.0
131335,1,0.0,0.0,0.0,54.66248321533203,-2.757370948791504,216.0
2136899,7,0.0,0.0,0.0,51.6510979788644,-0.04240928590297699,128.57142857142858
4460938,1,0.0,0.0,0.0,53.1118049621582,-1.5204310417175293,358.0
4279888,1,0.0,0.0,0.0,51.84988021850586,-1.0719759464263916,15.0
77428,6,0.0,0.0,0.0,52.9340451558431,-2.1639846563339233,224.16666666666666
8429,7,0.0,0.0,0.0,45.88435091291155,-1.1852317026683263,86.57142857142857
9249751,4,0.0,0.0,0.0,53.74858283996582,-0.37939974665641785,37.75
12197137,17,0.0,0.0,0.0,51.42232580745922,-0.3217002907220055,158.8235294117647
9393420,13,0.0,0.0,0.0,51.49523485623873,-0.19956953823566437,138.46153846153845
5307789,1,0.0,0.0,0.0,54.39444351196289,-3.484105110168457,330.0
6005645,1,0.0,0.0,0.0,53.791229248046875,-1.7507569789886475,202.0
6862,1,0.0,0.0,0.0,53.30188751220703,-1.3308559656143188,84.0
9400183,7,0.0,0.0,0.0,53.84496470860073,-3.0403730188097273,134.57142857142858
84324,2,0.0,0.0,0.0,53.54181671142578,-1.5165064930915833,120.0
84326,4,0.0,0.0,0.0,53.24027633666992,-1.376503735780716,151.5
6770454,1,0.0,0.0,0.0,51.83242416381836,-0.0610710009932518,347.0
3728638,2,0.0,0.0,0.0,51.71169090270996,-4.2262187004089355,-1.0
117465,7,0.0,0.0,0.0,52.66565268380301,-2.114774686949594,190.71428571428572
8362,6,0.0,0.0,0.0,51.60748608907064,0.06843699949483077,90.0
12815,1,0.0,0.0,0.0,53.98185729980469,-1.5361850261688232,161.0
4987107,1,0.0,0.0,0.0,51.1527214050293,1.2954260110855103,66.0
17852,12,0.0,0.0,0.0,51.15875498453776,-0.17394483089447021,171.83333333333334
104007,1,0.0,0.0,0.0,50.852447509765625,0.4794920086860657,306.0
9562,1,0.0,0.0,0.0,50.85185241699219,-1.1794240474700928,-1.0
55733,1,0.0,0.0,0.0,53.93697738647461,-1.0729860067367554,-1.0
16339,1,0.0,0.0,0.0,54.511234283447266,-1.6307990550994873,98.0
3841912,1,0.0,0.0,0.0,53.74491500854492,-0.34667399525642395,241.0
11645999,14,0.0,0.0,0.0,51.491172790527344,-0.188656570655959,196.07142857142858
133057,7,0.0,0.0,0.0,50.78102820260184,-3.4512034484318326,188.57142857142858
133586,1,0.0,0.0,0.0,53.375667572021484,-1.471879005432129,30.0
7617,4,0.0,0.0,0.0,54.95284366607666,-1.6768947839736938,133.5
50629,4,0.0,0.0,0.0,53.83177471160889,-1.704384982585907,100.5
1173727,1,0.0,0.0,0.0,54.859092712402344,-1.572638988494873,-1.0
17965,1,0.0,0.0,0.0,50.86513900756836,0.0668879970908165,167.0
30,1,0.0,0.0,0.0,53.168601989746094,-3.1365859508514404,98.0
68946,1,0.0,0.0,0.0,51.441043853759766,0.3755649924278259,301.0
70666,4,0.0,0.0,0.0,50.91083240509033,-1.378798246383667,141.25
94953,2,0.0,0.0,0.0,50.627450942993164,-3.392326593399048,249.0
63367,3,0.0,0.0,0.0,53.79124069213867,-1.6230196555455525,110.0
8294,10,0.0,0.0,0.0,53.377981948852536,-1.4373116970062256,155.4
10336100,4,0.0,0.0,0.0,50.64938259124756,-2.2110130190849304,210.25
3969,2,0.0,0.0,0.0,53.26251983642578,-1.4543399810791016,45.0
3683,1,0.0,0.0,0.0,51.28789520263672,1.0848300457000732,228.0
8559,1,0.0,0.0,0.0,50.54830551147461,-4.147564888000488,90.0
138002,4,0.0,0.0,0.0,51.44979381561279,0.12013174965977669,90.0
80477,1,0.0,0.0,0.0,53.506629943847656,-2.9316859245300293,54.0
3099469,1,0.0,0.0,0.0,51.917598724365234,-0.6607120037078857,280.0
10761,1,0.0,0.0,0.0,51.98872756958008,-1.6866379976272583,4.0
65113,2,0.0,0.0,0.0,53.36825752258301,-1.4392290115356445,63.5
5073,3,0.0,0.0,0.0,53.09581756591797,-2.45237406094869,174.66666666666666
89608,1,0.0,0.0,0.0,53.69316864013672,-0.8290830254554749,0.0
100262,1,0.0,0.0,0.0,51.73625564575195,0.467289000749588,-1.0
53365,3,0.0,0.0,0.0,52.901814778645836,-1.4391570091247559,58.333333333333336
93630,3,0.0,0.0,0.0,51.01849492390951,-3.0953409671783447,146.0
120408,3,0.0,0.0,0.0,51.01565806070963,-3.096697966257731,46.0
9709,1,0.0,0.0,0.0,53.56869125366211,-2.401918888092041,98.0
12197261,14,0.0,0.0,0.0,51.568207604544504,-0.22866892708199366,221.78571428571428
3655,5,0.0,0.0,0.0,51.29907989501953,-2.4657618045806884,108.6
138020,5,0.0,0.0,0.0,51.40537872314453,-0.21972279846668244,234.0
58868,1,0.0,0.0,0.0,53.42967987060547,-2.80576491355896,242.0
11517,3,0.0,0.0,0.0,50.736829121907554,-1.871497670809428,88.0
73067,4,0.0,0.0,0.0,54.83195781707764,-1.7945950031280518,36.5
3115,2,0.0,0.0,0.0,50.378482818603516,-4.210910797119141,6.5
6212322,7,0.0,0.0,0.0,51.543348584856304,-0.2145157137087413,128.57142857142858
7115,2,0.0,0.0,0.0,51.93450736999512,-0.8274079859256744,244.5
24193,5,0.0,0.0,0.0,52.544036102294925,-2.0466941833496093,111.6
6032,4,0.0,0.0,0.0,51.807838439941406,-2.4522218108177185,223.5
69073,2,0.0,0.0,0.0,51.27327346801758,-0.5142090022563934,140.5
57490,1,0.0,0.0,0.0,52.625099182128906,1.2207590341567993,246.0
73169,1,0.0,0.0,0.0,52.710506439208984,-2.7523629665374756,163.0
94820,10,0.0,0.0,0.0,53.528982162475586,-2.58038010597229,97.0
44607,1,0.0,0.0,0.0,53.226165771484375,-0.5377429723739624,-1.0
12197212,11,0.0,0.0,0.0,51.639040513472125,-0.26082900031046435,204.54545454545453
7666,16,0.0,0.0,0.0,53.45981550216675,-2.1255645006895065,143.4375
12791,5,0.0,0.0,0.0,53.68767395019531,-1.8072373867034912,139.6
96071,1,0.0,0.0,0.0,51.594120025634766,-1.126291036605835,12.0
10246393,14,0.0,0.0,0.0,51.56713730948312,0.1803876438311168,118.92857142857143
6115,4,0.0,0.0,0.0,52.70268249511719,-2.0140960216522217,82.5
57759,5,0.0,0.0,0.0,52.64106140136719,-1.1281466245651246,117.4
131601,2,0.0,0.0,0.0,53.57197952270508,-0.09080249816179276,189.0
78990,3,0.0,0.0,0.0,53.32501093546549,-2.1299633185068765,126.33333333333333
82013,1,0.0,0.0,0.0,53.58066177368164,-2.4005119800567627,-1.0
50467,2,0.0,0.0,0.0,51.08464241027832,-1.7930079698562622,39.0
132912,7,0.0,0.0,0.0,50.88484900338309,-0.18856671026774816,149.14285714285714
7399,14,0.0,0.0,0.0,52.563083921160015,-2.0614855034010753,101.07142857142857
25842,6,0.0,0.0,0.0,53.798604329427086,-1.5270023345947266,121.66666666666667
18152,6,0.0,0.0,0.0,52.73420969645182,1.0723796486854553,112.5
3571109,1,0.0,0.0,0.0,52.29214859008789,-1.5358450412750244,168.0
10340908,3,0.0,0.0,0.0,51.748287200927734,-1.2395430008570354,196.0
104619,2,0.0,0.0,0.0,52.45688247680664,-2.183360457420349,186.5
82022,3,0.0,0.0,0.0,53.55006408691406,-2.3706113497416177,132.0
4758175,2,0.0,0.0,0.0,53.7159366607666,-1.6441324949264526,119.0
4647,1,0.0,0.0,0.0,53.12263107299805,-1.1308139562606812,108.0
1397,1,0.0,0.0,0.0,54.947322845458984,-1.6199899911880493,-1.0
5595,9,0.0,0.0,0.0,52.58837339613173,-1.1619053151872423,66.88888888888889
132709,1,0.0,0.0,0.0,52.530338287353516,-1.4927129745483398,348.0
98976,14,0.0,0.0,0.0,51.75352532523019,-1.1777167788573675,75.42857142857143
9498199,5,0.0,0.0,0.0,52.20350952148438,0.1190760001540184,174.0
128587,3,0.0,0.0,0.0,52.604129791259766,-2.120052973429362,114.66666666666667
2419172,4,0.0,0.0,0.0,51.28538513183594,1.078245222568512,124.5
91152,2,0.0,0.0,0.0,53.79402732849121,-0.4570309966802597,90.0
9629,2,0.0,0.0,0.0,53.92935562133789,-0.7799659967422485,-1.0
80479,1,0.0,0.0,0.0,53.51705551147461,-2.91410493850708,330.0
1572,5,0.0,0.0,0.0,53.5868278503418,-2.480481433868408,160.2
7790835,9,0.0,0.0,0.0,51.48692109849718,0.10907377757959896,135.0
122554,2,0.0,0.0,0.0,53.82056427001953,-1.5676279664039612,251.0
3039960,4,0.0,0.0,0.0,51.91542339324951,-2.0754287242889404,102.0
3931,16,0.0,0.0,0.0,50.91358518600464,-1.3995574861764908,144.4375
7422,5,0.0,0.0,0.0,55.089900970458984,-1.5651505947113038,197.2
79265,2,0.0,0.0,0.0,53.43128967285156,-2.779215455055237,154.0
10277862,3,0.0,0.0,0.0,52.84192021687826,-1.6973673502604167,158.33333333333334
132435,10,0.0,0.0,0.0,54.61153984069824,-1.2629796981811523,225.0
8686,1,0.0,0.0,0.0,52.92477035522461,-1.469288945198059,280.0
8037,9,0.0,0.0,0.0,53.381400638156464,-2.9465238518185086,230.66666666666666
42287,3,0.0,0.0,0.0,53.665304819742836,-1.8360686699549358,164.0
22588,1,0.0,0.0,0.0,53.95989990234375,-2.0219459533691406,252.0
7817,5,0.0,0.0,0.0,51.63492660522461,-3.1251505851745605,134.4
6061443,2,0.0,0.0,0.0,52.79200744628906,-1.9953225255012512,237.5
90789,2,0.0,0.0,0.0,51.31504440307617,0.028211500495672226,67.5
34216,1,0.0,0.0,0.0,52.2944221496582,-1.5235810279846191,258.0
3830,2,0.0,0.0,0.0,51.39968490600586,0.534756988286972,162.5
38579,4,0.0,0.0,0.0,54.815857887268066,-1.4305084943771362,129.5
61945,4,0.0,0.0,0.0,54.827003479003906,-1.5003567337989807,155.5
92609,1,0.0,0.0,0.0,53.53885269165039,-2.1400609016418457,82.0
7756443,1,0.0,0.0,0.0,50.17215347290039,-5.123528957366943,-1.0
113956,5,0.0,0.0,0.0,53.76470108032227,-2.7170300483703613,168.0
10345,6,0.0,0.0,0.0,51.48645146687826,-0.3914181689421336,175.83333333333334
57302,1,0.0,0.0,0.0,52.063472747802734,-1.338521957397461,270.0
9213,1,0.0,0.0,0.0,51.4138298034668,-0.8108429908752441,64.0
109039,13,0.0,0.0,0.0,54.87969471858098,-1.508949380654555,187.30769230769232
132533,5,0.0,0.0,0.0,41.80556411743164,-0.7041002154350281,114.0
11587,11,0.0,0.0,0.0,51.53362898393111,-0.04947781909934499,143.1818181818182
69934,1,0.0,0.0,0.0,53.10275650024414,-2.023400068283081,56.0
87237,2,0.0,0.0,0.0,51.799795150756836,-0.20085600018501282,-1.0
19355,3,0.0,0.0,0.0,53.806129455566406,-2.2044883569081626,-1.0
3703,1,0.0,0.0,0.0,50.85183334350586,-1.1795190572738647,-1.0
91393,2,0.0,0.0,0.0,54.60334777832031,-1.291012465953827,288.0
132697,1,0.0,0.0,0.0,52.526214599609375,-1.5663199424743652,66.0
95017,1,0.0,0.0,0.0,53.258522033691406,-0.09754999727010727,248.0
5052,9,0.0,0.0,0.0,52.605303870307075,1.7280903392367892,138.22222222222223
64096,6,0.0,0.0,0.0,50.723280588785805,-1.8744926651318867,117.5
9308,3,0.0,0.0,0.0,53.53489557902018,-1.3390663464864094,246.0
1757942,4,0.0,0.0,0.0,51.894001960754395,-0.5095662474632263,211.0
4406,23,0.0,0.0,0.0,53.42207054469896,-2.248714322629182,142.04347826086956
10142501,1,0.0,0.0,0.0,52.64826583862305,1.3166190385818481,231.0
59271,1,0.0,0.0,0.0,53.32762145996094,-2.69454288482666,118.0
6757527,6,0.0,0.0,0.0,51.47895367940267,0.12644750252366066,217.5
131643,10,0.0,0.0,0.0,53.561410140991214,-0.08229600004851818,178.2
67419,1,0.0,0.0,0.0,52.357337951660156,-2.2693119049072266,199.0
59241,1,0.0,0.0,0.0,53.453468322753906,-2.7382259368896484,165.0
103464,6,0.0,0.0,0.0,53.39093907674154,-1.4630808234214783,213.5
4481,7,0.0,0.0,0.0,50.73904037475586,-1.9300980057035173,115.0
54242,1,0.0,0.0,0.0,53.44944381713867,-2.353239059448242,-1.0
132575,1,0.0,0.0,0.0,0.0,0.0,0.0
7047,1,0.0,0.0,0.0,50.99378204345703,-1.747987985610962,262.0
59105,2,0.0,0.0,0.0,53.907554626464844,-1.1461489796638489,11.0
791,1,0.0,0.0,0.0,53.44329833984375,-1.947721004486084,271.0
5384,3,0.0,0.0,0.0,52.13509877522787,1.0645010272661846,-1.0
33367,8,0.0,0.0,0.0,53.446898460388184,-2.998785823583603,162.5
99170,1,0.0,0.0,0.0,52.626380920410156,1.346356987953186,241.0
10820,1,0.0,0.0,0.0,51.36045455932617,1.0239249467849731,332.0
100987,1,0.0,0.0,0.0,54.6558837890625,-2.741734027862549,237.0
54751,1,0.0,0.0,0.0,55.07345962524414,-1.5272380113601685,300.0
104154,4,0.0,0.0,0.0,50.82607936859131,0.3097899928689003,165.0
177718,4,0.0,0.0,0.0,50.505794525146484,-4.712290644645691,89.5
12826,5,0.0,0.0,0.0,53.89581298828125,-1.4483583927154542,205.8
132861,3,0.0,0.0,0.0,50.865301767985024,-0.9919580022493998,190.0
3436070,5,0.0,0.0,0.0,53.03578414916992,-1.2390331983566285,14.0
17963,3,0.0,0.0,0.0,51.47579574584961,-0.9695466558138529,145.33333333333334
2136782,10,0.0,0.0,0.0,51.38969192504883,-0.29130020141601565,166.5
94627,2,0.0,0.0,0.0,51.769521713256836,-1.2637834548950195,260.0
37789,1,0.0,0.0,0.0,53.64226531982422,-1.7848210334777832,229.0
66350,6,0.0,0.0,0.0,52.28252092997233,-0.21334083626667658,93.16666666666667
57885,2,0.0,0.0,0.0,50.716814041137695,-2.998521566390991,-1.0
10284697,7,0.0,0.0,0.0,51.742733001708984,-1.2229382991790771,101.0
3942,8,0.0,0.0,0.0,53.449069023132324,-2.201293259859085,176.875
12594,11,0.0,0.0,0.0,53.8126369823109,-1.5524458234960383,98.0909090909091
6770367,2,0.0,0.0,0.0,51.76230239868164,0.11405300348997116,173.0
133634,2,0.0,0.0,0.0,53.24575996398926,-1.4227855205535889,132.0
9031774,13,0.0,0.0,0.0,51.48564969576322,-0.3091372331747642,169.6153846153846
6087,1,0.0,0.0,0.0,52.94380187988281,-1.4316010475158691,208.0
5346,4,0.0,0.0,0.0,53.85737228393555,-3.029628276824951,122.75
107850,2,0.0,0.0,0.0,51.479244232177734,-0.4526114910840988,173.5
6082,10,0.0,0.0,0.0,53.012040328979495,-2.209261918067932,91.6
12217458,2,0.0,0.0,0.0,51.54175567626953,0.7273724973201752,337.5
9913,6,0.0,0.0,0.0,51.517355600992836,-2.564908504486084,116.83333333333333
131139,3,0.0,0.0,0.0,51.98410288492838,-0.43565066655476886,158.0
1945168,1,0.0,0.0,0.0,51.57203674316406,-0.1954530030488968,180.0
94862,4,0.0,0.0,0.0,53.50496864318848,-1.1062894761562347,119.5
13799,7,0.0,0.0,0.0,52.40579005650112,-1.5253877128873552,10.428571428571429
18502,5,0.0,0.0,0.0,51.482025909423825,-2.5383623600006104,122.8
6401,1,0.0,0.0,0.0,52.597190856933594,-2.1488149166107178,52.0
10903992,1,0.0,0.0,0.0,51.22954559326172,-3.8285880088806152,102.0
399986,3,0.0,0.0,0.0,53.49803924560547,-2.18231193224589,53.333333333333336
5555,2,0.0,0.0,0.0,52.48393440246582,1.7434844970703125,99.0
81558,1,0.0,0.0,0.0,52.74781036376953,1.0221279859542847,328.0
5816,9,0.0,0.0,0.0,52.43062845865885,-1.9350925419065688,56.111111111111114
4194,3,0.0,0.0,0.0,51.1839345296224,-1.9059579769770305,143.0
92604,5,0.0,0.0,0.0,53.53751754760742,-2.104083442687988,193.0
12003,4,0.0,0.0,0.0,54.7445707321167,-1.651504248380661,84.0
91078,1,0.0,0.0,0.0,53.35451889038086,-0.9815679788589478,30.0
9687,1,0.0,0.0,0.0,54.19658279418945,-1.1058590412139893,57.0
115649,2,0.0,0.0,0.0,51.76463317871094,-0.45350050926208496,179.0
5308027,1,0.0,0.0,0.0,0.0,0.0,0.0
57642,2,0.0,0.0,0.0,54.90598678588867,-1.5359014868736267,117.5
5303205,1,0.0,0.0,0.0,50.94727325439453,-2.638279914855957,152.0
52952,3,0.0,0.0,0.0,54.07112248738607,-2.7329933643341064,119.33333333333333
65494,3,0.0,0.0,0.0,50.717464447021484,-3.5007826487223306,184.0
137971,18,0.0,0.0,0.0,51.51183191935221,-0.0798022776014275,180.0
82021,2,0.0,0.0,0.0,53.58473205566406,-2.363113522529602,186.0
1517421,5,0.0,0.0,0.0,51.202127075195314,-0.805321991443634,157.2
50759,1,0.0,0.0,0.0,50.72638702392578,-3.5079619884490967,134.0
7254,9,0.0,0.0,0.0,52.47406980726454,-2.0354494518703885,26.22222222222222
110885,1,0.0,0.0,0.0,52.30561065673828,-1.945101022720337,-1.0
14592,3,0.0,0.0,0.0,51.13951873779297,0.28448566794395447,237.0
117449,4,0.0,0.0,0.0,52.65951919555664,-2.2567649483680725,191.75
132476,2,0.0,0.0,0.0,55.00529670715332,-1.665850043296814,303.0
85083,9,0.0,0.0,0.0,51.674059549967446,-0.44386732909414506,101.66666666666667
132409,8,0.0,0.0,0.0,48.0440239906311,-1.2372471392154694,156.0
3717,13,0.0,0.0,0.0,54.980913602388824,-1.6098277568817139,167.07692307692307
63106,1,0.0,0.0,0.0,53.5545539855957,-3.0589029788970947,86.0
15014,7,0.0,0.0,0.0,51.59054292951311,-0.006203285800958318,180.0
59205,1,0.0,0.0,0.0,53.34884262084961,-3.0961179733276367,78.0
120698,4,0.0,0.0,0.0,51.45772838592529,-2.589852750301361,104.5
4256782,2,0.0,0.0,0.0,53.90862274169922,-2.808355450630188,285.0
7756442,3,0.0,0.0,0.0,50.184163411458336,-5.145524024963379,157.33333333333334
132473,1,0.0,0.0,0.0,54.974151611328125,-2.1141788959503174,138.0
74954,4,0.0,0.0,0.0,52.63884925842285,1.2907387614250183,38.75
132411,4,0.0,0.0,0.0,54.96703624725342,-1.4578309655189514,142.5
1242357,1,0.0,0.0,0.0,52.80447769165039,-2.1157760620117188,157.0
59285,1,0.0,0.0,0.0,53.390079498291016,-2.861130952835083,-1.0
8702,1,0.0,0.0,0.0,54.23257827758789,-1.34279203414917,-1.0
6512,6,0.0,0.0,0.0,53.94404284159342,-1.0801908373832703,107.16666666666667
56380,2,0.0,0.0,0.0,53.43493461608887,-2.6607155799865723,211.5
104122,2,0.0,0.0,0.0,53.952253341674805,-1.0546085238456726,29.5
89996,1,0.0,0.0,0.0,52.94492721557617,-1.188101053237915,302.0
101051,11,0.0,0.0,0.0,50.825922532515094,-0.9871603575619784,123.27272727272727
118516,1,0.0,0.0,0.0,54.18999481201172,-3.070096015930176,182.0
116079,2,0.0,0.0,0.0,53.128910064697266,-3.5746949911117554,141.5
24171,3,0.0,0.0,0.0,52.58994166056315,-2.0145906607309976,113.66666666666667
2760911,14,0.0,0.0,0.0,51.43461690630232,0.07981085717411977,163.92857142857142
4013,1,0.0,0.0,0.0,51.59571075439453,-1.8050860166549683,110.0
78212,4,0.0,0.0,0.0,52.64269161224365,1.253004014492035,222.0
12746,1,0.0,0.0,0.0,53.76954650878906,-1.749068021774292,167.0
8154214,3,0.0,0.0,0.0,35.77090581258138,-1.8741466204325359,136.0
2743347,2,0.0,0.0,0.0,51.5404167175293,0.7139520049095154,228.0
7432,5,0.0,0.0,0.0,51.58149337768555,-3.7833670139312745,141.6
66009,2,0.0,0.0,0.0,52.937849044799805,-1.4962050318717957,0.0
4053,5,0.0,0.0,0.0,53.36607131958008,-1.4069214105606078,61.6
100831,6,0.0,0.0,0.0,51.62825584411621,-0.7588416635990143,94.33333333333333
131718,1,0.0,0.0,0.0,53.73274612426758,-0.37180399894714355,348.0
11212,4,0.0,0.0,0.0,53.99924182891846,-1.5101574957370758,52.75
94855,1,0.0,0.0,0.0,53.531211853027344,-1.1729029417037964,95.0
11146,2,0.0,0.0,0.0,51.422231674194336,0.24094349890947342,-1.0
8658,6,0.0,0.0,0.0,51.60396957397461,-3.9759105443954468,43.666666666666664
7987,3,0.0,0.0,0.0,51.00157165527344,-0.14309899508953094,77.0
133269,2,0.0,0.0,0.0,51.75363540649414,-3.394553542137146,285.0
6770339,1,0.0,0.0,0.0,51.68576431274414,-0.031228000298142433,275.0
95047,3,0.0,0.0,0.0,53.5182139078776,-2.4426493644714355,115.66666666666667
7543,19,0.0,0.0,0.0,53.503273612574525,-2.3223234226829126,126.47368421052632
94816,1,0.0,0.0,0.0,53.54750061035156,-2.6340150833129883,-1.0
94878,5,0.0,0.0,0.0,53.55228958129883,-1.0914947986602783,66.4
74883,2,0.0,0.0,0.0,53.08178520202637,-2.4601224660873413,34.0
5804772,3,0.0,0.0,0.0,53.71287409464518,-2.35779070854187,150.0
83825,2,0.0,0.0,0.0,53.593461990356445,-1.4272115230560303,163.5
128598,6,0.0,0.0,0.0,52.449849446614586,-1.8627948363622029,19.0
10984089,10,0.0,0.0,0.0,51.52236824035644,-0.31509970128536224,148.5
61351,1,0.0,0.0,0.0,50.386810302734375,-4.089995861053467,222.0
11194,2,0.0,0.0,0.0,51.00103759765625,-0.009711500257253647,208.0
116051,2,0.0,0.0,0.0,53.182289123535156,-3.3738235235214233,79.5
74953,5,0.0,0.0,0.0,52.62931594848633,1.2705574035644531,172.6
94860,3,0.0,0.0,0.0,53.54743321736654,-1.1722886562347412,113.66666666666667
9064867,1,0.0,0.0,0.0,51.443580627441406,-2.135545015335083,200.0
9698234,8,0.0,0.0,0.0,51.514633655548096,-0.041305750113679096,196.875
66416,2,0.0,0.0,0.0,54.59125328063965,-1.4877079725265503,-1.0
1253922,2,0.0,0.0,0.0,52.18372917175293,0.14415299519896507,210.0
102678,3,0.0,0.0,0.0,53.48453267415365,-1.3419503370920818,68.0
12019802,13,0.0,0.0,0.0,51.46262917151818,-0.1081538452551915,117.6923076923077
128739,12,0.0,0.0,0.0,52.52962271372477,-2.1174731850624084,93.5
40270,7,0.0,0.0,0.0,51.24968991960798,-0.7377234271594456,103.71428571428571
80758,1,0.0,0.0,0.0,50.5482292175293,-4.147317886352539,60.0
132940,1,0.0,0.0,0.0,51.29058837890625,-0.7538599967956543,216.0
343,5,0.0,0.0,0.0,52.52255859375,1.5365469932556153,157.4
10965795,1,0.0,0.0,0.0,51.882301330566406,-0.41878101229667664,274.0
6456,3,0.0,0.0,0.0,52.89494959513346,-1.4902693430582683,42.333333333333336
68547,5,0.0,0.0,0.0,52.43276596069336,-1.9590980052947997,205.2
32670,1,0.0,0.0,0.0,52.58980178833008,1.3294880390167236,354.0
16093,9,0.0,0.0,0.0,52.06053246392144,1.1849633190366957,131.22222222222223
101950,14,0.0,0.0,0.0,51.47761126926967,-2.5756544726235524,52.714285714285715
113167,4,0.0,0.0,0.0,53.07186794281006,-0.8027780055999756,87.0
11985693,3,0.0,0.0,0.0,52.471354166666664,-2.104253609975179,213.66666666666666
9249643,6,0.0,0.0,0.0,53.744524002075195,-0.5609784970680872,92.16666666666667
11645854,20,0.0,0.0,0.0,51.51927089691162,-0.11752889938652515,193.5
87885,2,0.0,0.0,0.0,51.26920700073242,-2.7595314979553223,112.5
3751,9,0.0,0.0,0.0,54.57766977945963,-1.1527371274100409,185.88888888888889
82034,1,0.0,0.0,0.0,53.481258392333984,-2.5748729705810547,298.0
8615,1,0.0,0.0,0.0,51.014549255371094,-3.1024010181427,-1.0
6349,8,0.0,0.0,0.0,50.84170341491699,-0.1603184975683689,64.125
4833,1,0.0,0.0,0.0,51.733123779296875,-3.0648269653320312,96.0
39044,6,0.0,0.0,0.0,52.4244016011556,-1.4996228019396465,113.0
113203,4,0.0,0.0,0.0,38.33671283721924,0.6525847464799881,96.0
9279,3,0.0,0.0,0.0,51.1731211344401,0.34353100260098773,192.0
131538,1,0.0,0.0,0.0,50.837890625,0.4755220115184784,0.0
133330,5,0.0,0.0,0.0,51.73390884399414,-3.443041229248047,282.0
10984143,1,0.0,0.0,0.0,51.41951370239258,0.017689000815153122,225.0
107552,1,0.0,0.0,0.0,53.24382019042969,-1.4343589544296265,0.0
6772400,1,0.0,0.0,0.0,50.7216682434082,-3.53377103805542,-1.0
3900,2,0.0,0.0,0.0,52.944549560546875,-1.2117894887924194,119.5
9662,5,0.0,0.0,0.0,51.383636474609375,0.5467706084251404,183.4
9228548,2,0.0,0.0,0.0,52.42149543762207,-1.4622079730033875,123.0
109513,6,0.0,0.0,0.0,52.04225476582845,-0.7133523325125376,166.16666666666666
128601,3,0.0,0.0,0.0,52.59990946451823,-1.9917399883270264,171.66666666666666
95920,2,0.0,0.0,0.0,53.5771427154541,-1.0433220267295837,-1.0
6751,9,0.0,0.0,0.0,53.9703737894694,-1.0791891945732965,96.11111111111111
11478395,14,0.0,0.0,0.0,51.52310752868652,-0.13637878692575864,170.35714285714286
9890,1,0.0,0.0,0.0,51.5155029296875,-0.3047110140323639,0.0
113987,2,0.0,0.0,0.0,50.58119010925293,-2.4479215145111084,147.5
132494,6,0.0,0.0,0.0,54.67738723754883,-1.2190456787745159,240.0
19840,6,0.0,0.0,0.0,53.789450327555336,-1.369596501191457,115.66666666666667
95540,2,0.0,0.0,0.0,51.66597366333008,-3.8871819972991943,45.5
34832,3,0.0,0.0,0.0,52.888240814208984,-1.5131889979044597,78.66666666666667
1439,3,0.0,0.0,0.0,54.96603775024414,-1.386592984199524,254.0
91062,1,0.0,0.0,0.0,53.161781311035156,-1.2001899480819702,234.0
70550,4,0.0,0.0,0.0,51.74338340759277,-1.2449297606945038,134.5
630,1,0.0,0.0,0.0,52.48823928833008,-1.8936009407043457,0.0
91394,2,0.0,0.0,0.0,54.56478309631348,-1.3349189758300781,339.0
96536,1,0.0,0.0,0.0,52.19349670410156,-2.224126100540161,-1.0
35514,1,0.0,0.0,0.0,53.721309661865234,-0.5024840235710144,181.0
18810,2,0.0,0.0,0.0,50.71903038024902,-1.9727714657783508,216.5
132540,3,0.0,0.0,0.0,52.23899841308594,-0.9324913422266642,136.0
10013,4,0.0,0.0,0.0,51.138750076293945,0.26122625544667244,224.25
4893,4,0.0,0.0,0.0,50.7125244140625,-3.532346248626709,93.0
9160,2,0.0,0.0,0.0,51.45769500732422,-0.9097170233726501,240.5
1517354,2,0.0,0.0,0.0,51.20670700073242,-0.6625005006790161,90.0
7925,1,0.0,0.0,0.0,51.38157653808594,-2.357585906982422,-1.0
6953,1,0.0,0.0,0.0,53.261802673339844,-1.4317920207977295,312.0
9494632,3,0.0,0.0,0.0,52.04572550455729,-2.707566022872925,102.33333333333333
4686991,1,0.0,0.0,0.0,54.65578079223633,-2.7440900802612305,338.0
7862,4,0.0,0.0,0.0,51.99392795562744,-1.897090494632721,104.5
128606,11,0.0,0.0,0.0,52.42594112049449,-1.9102373665029353,59.54545454545455
109037,4,0.0,0.0,0.0,38.82813739776611,-1.0056477189064026,216.0
133058,3,0.0,0.0,0.0,50.82366689046224,-3.4247454007466636,76.0
109598,3,0.0,0.0,0.0,54.013421376546226,-1.1230130195617676,152.33333333333334
8996,1,0.0,0.0,0.0,51.411842346191406,-0.8371279835700989,105.0
86208,2,0.0,0.0,0.0,27.257343292236328,-1.5885770320892334,42.0
61388,6,0.0,0.0,0.0,53.55964597066244,-1.4934816757837932,10.833333333333334
17491,9,0.0,0.0,0.0,52.73039627075195,-0.34792500072055393,53.666666666666664
2810668,1,0.0,0.0,0.0,53.44391632080078,-1.312654972076416,243.0
7360,2,0.0,0.0,0.0,54.52258110046387,-1.175630509853363,259.5
51952,5,0.0,0.0,0.0,55.07727279663086,-1.5835792064666747,162.8
6321,2,0.0,0.0,0.0,52.77078819274902,-1.2171970009803772,207.0
68681,5,0.0,0.0,0.0,52.06539688110352,-0.7519985914230347,166.6
399814,1,0.0,0.0,0.0,53.38905715942383,-2.3246889114379883,103.0
74619,3,0.0,0.0,0.0,52.80010732014974,-2.9238683382670083,231.33333333333334
12719,1,0.0,0.0,0.0,53.74882507324219,-1.8809690475463867,51.0
14412,8,0.0,0.0,0.0,51.19469451904297,1.1548867523670197,201.75
109043,7,0.0,0.0,0.0,55.1804084777832,-1.59138057913099,125.28571428571429
8357,1,0.0,0.0,0.0,54.51820755004883,-1.5746480226516724,255.0
9262,2,0.0,0.0,0.0,52.66164207458496,-0.5047350078821182,115.0
131865,3,0.0,0.0,0.0,53.073795318603516,-0.8081253369649252,58.0
4591282,3,0.0,0.0,0.0,51.64338302612305,-0.39297133684158325,158.33333333333334
8342,3,0.0,0.0,0.0,53.560811360677086,-1.5028866529464722,152.0
4810,2,0.0,0.0,0.0,54.53773498535156,-1.5205945372581482,138.0
12721,5,0.0,0.0,0.0,53.78185806274414,-1.5628939867019653,62.0
66409,2,0.0,0.0,0.0,51.69740295410156,-3.4326080083847046,21.0
4763,1,0.0,0.0,0.0,50.828975677490234,-0.25231799483299255,0.0
1278,1,0.0,0.0,0.0,51.6799201965332,-4.16284704208374,-1.0
9031,2,0.0,0.0,0.0,51.416208267211914,-0.7574799954891205,266.5
67404,1,0.0,0.0,0.0,52.28262710571289,-1.92159903049469,281.0
74758,3,0.0,0.0,0.0,52.6293830871582,-1.1085053284962971,140.33333333333334
131122,16,0.0,0.0,0.0,52.582627296447754,-0.25845618918538094,126.75
104490,5,0.0,0.0,0.0,51.41753997802734,-0.4354027986526489,41.0
10646,2,0.0,0.0,0.0,51.40206336975098,-0.7557135224342346,67.0
10973965,1,0.0,0.0,0.0,53.82891082763672,-1.8306349515914917,83.0
109879,42,0.0,0.0,0.0,53.42775780814035,-2.1783130225681124,141.64285714285714
3789,3,0.0,0.0,0.0,53.218274434407554,-1.2906056642532349,234.0
132493,2,0.0,0.0,0.0,54.97610092163086,-1.4047449827194214,225.0
740146,3,0.0,0.0,0.0,53.13875198364258,-1.406199336051941,87.0
103995,4,0.0,0.0,0.0,50.86650466918945,0.558737263083458,121.5
5592,1,0.0,0.0,0.0,50.79302978515625,-3.676801919937134,114.0
14429,6,0.0,0.0,0.0,51.34997113545736,1.2811000148455303,168.0
133084,1,0.0,0.0,0.0,50.38798904418945,-4.053329944610596,12.0
31116,4,0.0,0.0,0.0,52.76011085510254,0.4148697555065155,120.0
5603,1,0.0,0.0,0.0,51.125701904296875,-0.009021000005304813,332.0
57522,2,0.0,0.0,0.0,50.977752685546875,-2.655055522918701,110.0
11093,1,0.0,0.0,0.0,51.07872772216797,-4.0561089515686035,-1.0
30130,1,0.0,0.0,0.0,50.75475311279297,-3.5541749000549316,-1.0
9707428,1,0.0,0.0,0.0,51.479801177978516,-2.1285479068756104,352.0
72584,1,0.0,0.0,0.0,50.15475845336914,-5.072805881500244,-1.0
9120,4,0.0,0.0,0.0,53.38041687011719,-2.2062814831733704,116.75
3199,3,0.0,0.0,0.0,50.68302536010742,-1.5402436256408691,64.33333333333333
4498,6,0.0,0.0,0.0,54.85441462198893,-1.3576366504033406,167.83333333333334
82025,1,0.0,0.0,0.0,53.575775146484375,-2.4272570610046387,-1.0
91598,1,0.0,0.0,0.0,53.79104232788086,-1.7513829469680786,-1.0
34204,4,0.0,0.0,0.0,52.77059555053711,-1.978701800107956,175.0
74323,1,0.0,0.0,0.0,52.587398529052734,0.40081799030303955,260.0
80905,2,0.0,0.0,0.0,51.37638854980469,0.5354079902172089,92.5
681,1,0.0,0.0,0.0,52.21082305908203,-0.26860201358795166,-1.0
1326,1,0.0,0.0,0.0,54.973026275634766,-2.0946669578552246,128.0
41022,2,0.0,0.0,0.0,52.12691879272461,-0.8350250124931335,10.5
131136,5,0.0,0.0,0.0,51.971047973632814,-0.589002811908722,230.4
102641,2,0.0,0.0,0.0,51.18552207946777,0.8881449997425079,96.0
44033,3,0.0,0.0,0.0,53.36245600382487,-3.066403388977051,35.333333333333336
133030,1,0.0,0.0,0.0,51.090576171875,-1.4537019729614258,126.0
48745,4,0.0,0.0,0.0,51.45773220062256,-0.4098827466368675,101.25
32845,2,0.0,0.0,0.0,50.94419479370117,-1.5369499921798706,53.0
9730,1,0.0,0.0,0.0,54.36838912963867,-2.9145760536193848,38.0
6063,1,0.0,0.0,0.0,51.229793548583984,0.47644999623298645,6.0
3856,7,0.0,0.0,0.0,53.97929327828543,-1.1010255473000663,168.57142857142858
60591,3,0.0,0.0,0.0,53.72754669189453,-1.8684276739756267,36.0
94822,6,0.0,0.0,0.0,53.597206115722656,-2.649712006251017,42.5
78784,1,0.0,0.0,0.0,53.49024200439453,-2.0977048873901367,-1.0
132427,5,0.0,0.0,0.0,54.56869659423828,-1.222647786140442,242.4
10246404,8,0.0,0.0,0.0,51.586684226989746,0.19109725207090378,95.625
84024,7,0.0,0.0,0.0,51.43124171665737,-2.207052162715367,136.85714285714286
92507,1,0.0,0.0,0.0,53.51332092285156,-2.205374002456665,258.0
30526,11,0.0,0.0,0.0,53.77984341708097,-1.540818907997825,92.0909090909091
84200,2,0.0,0.0,0.0,52.64042854309082,-1.728564977645874,-1.0
2950932,5,0.0,0.0,0.0,53.2693374633789,-3.471926212310791,18.0
59696,4,0.0,0.0,0.0,50.89676475524902,-3.3931594491004944,190.5
12316,15,0.0,0.0,0.0,53.721056620279946,-1.6701902707417806,105.6
75381,3,0.0,0.0,0.0,51.91511027018229,-2.0881412823994956,118.0
4110,7,0.0,0.0,0.0,52.86898258754185,-1.4499004568372453,160.57142857142858
7274,3,0.0,0.0,0.0,53.91081619262695,-0.8439123233159384,59.666666666666664
19548,2,0.0,0.0,0.0,52.059268951416016,1.1981574892997742,176.0
8157991,1,0.0,0.0,0.0,53.481773376464844,-2.2365639209747314,199.0
2542139,1,0.0,0.0,0.0,51.34428787231445,-2.3451390266418457,251.0
59197,9,0.0,0.0,0.0,53.405896504720054,-2.832806772655911,160.44444444444446
11646260,11,0.0,0.0,0.0,51.595285935835406,0.19397463581778787,151.36363636363637
2399957,6,0.0,0.0,0.0,51.59392229715983,-0.44695516924063367,150.0
32630,11,0.0,0.0,0.0,53.425199335271664,-2.8480058149857954,125.45454545454545
1515515,2,0.0,0.0,0.0,52.20473098754883,-2.12108051776886,16.5
2928598,3,0.0,0.0,0.0,51.37420399983724,-2.375972350438436,96.33333333333333
11723548,1,0.0,0.0,0.0,52.96797561645508,-1.8645249605178833,299.0
9936,1,0.0,0.0,0.0,52.2671012878418,-2.150665044784546,-1.0
111809,4,0.0,0.0,0.0,53.96555805206299,-1.1193130016326904,26.25
75349,2,0.0,0.0,0.0,52.00783157348633,-1.243194043636322,246.0
8619,6,0.0,0.0,0.0,52.14470609029134,0.25734182943900424,128.0
8418,1,0.0,0.0,0.0,50.62812042236328,-4.369679927825928,210.0
6905,2,0.0,0.0,0.0,52.23884201049805,-0.9122905135154724,87.0
127624,2,0.0,0.0,0.0,53.44244384765625,-2.770835518836975,15.5
12806,3,0.0,0.0,0.0,53.830580393473305,-1.529924988746643,202.33333333333334
30537,4,0.0,0.0,0.0,53.83579444885254,-1.5495739877223969,116.5
8186,1,0.0,0.0,0.0,50.901641845703125,-3.486881971359253,-1.0
65115,3,0.0,0.0,0.0,53.72321446736654,-1.1681469678878784,169.33333333333334
10245986,26,0.0,0.0,0.0,51.49675750732422,-0.1328506154509691,188.65384615384616
8100,1,0.0,0.0,0.0,53.274234771728516,-1.8690509796142578,98.0
13787,10,0.0,0.0,0.0,52.41472702026367,-1.4892472982406617,154.6
10983760,4,0.0,0.0,0.0,51.51529598236084,-0.3213907480239868,191.25
2136963,2,0.0,0.0,0.0,51.49520683288574,0.13636799901723862,270.0
87523,3,0.0,0.0,0.0,50.802748362223305,-2.7307120164235434,137.33333333333334
17918,9,0.0,0.0,0.0,51.42956882052951,-1.1333776778644986,128.0
9517,2,0.0,0.0,0.0,51.579036712646484,-3.062442898750305,195.0
2919550,6,0.0,0.0,0.0,51.48081715901693,-0.25803016126155853,112.5
5835,10,0.0,0.0,0.0,51.434458541870114,-2.5539350748062133,114.6
538761,12,0.0,0.0,0.0,51.4287494023641,0.03606624978904923,146.25
4069089,3,0.0,0.0,0.0,51.37263870239258,0.0929156666000684,120.0
5049,2,0.0,0.0,0.0,53.04891395568848,-2.9903839826583862,226.5
1362,5,0.0,0.0,0.0,54.55186157226562,-1.3825721979141234,54.4
6678,3,0.0,0.0,0.0,54.00001780192057,-1.5022296508153279,100.66666666666667
11276,1,0.0,0.0,0.0,51.64125442504883,-3.433608055114746,6.0
72346,10,0.0,0.0,0.0,55.00583267211914,-1.4990920901298523,104.1
92582,7,0.0,0.0,0.0,53.53178405761719,-2.2676706314086914,80.0
103996,4,0.0,0.0,0.0,38.14499568939209,0.42314600944519043,100.5
14177,10,0.0,0.0,0.0,53.644384765625,-1.7788843035697937,71.3
5521,2,0.0,0.0,0.0,52.20259475708008,-2.2117830514907837,48.0
81553,3,0.0,0.0,0.0,52.32881546020508,-0.07454599936803182,153.33333333333334
132849,1,0.0,0.0,0.0,50.80898666381836,-1.0457019805908203,246.0
78419,1,0.0,0.0,0.0,51.469627380371094,-0.4912340044975281,0.0
74926,5,0.0,0.0,0.0,50.727029418945314,-1.8106697797775269,106.2
132791,1,0.0,0.0,0.0,50.83868408203125,-0.7934769988059998,210.0
2712078,1,0.0,0.0,0.0,52.69388961791992,-2.504028081893921,243.0
11268,4,0.0,0.0,0.0,51.24522304534912,-0.17000674828886986,87.75
5514,3,0.0,0.0,0.0,50.14163335164388,-5.136060396830241,83.33333333333333
35413,1,0.0,0.0,0.0,51.38266372680664,-1.3444559574127197,9.0
1283249,1,0.0,0.0,0.0,54.2215576171875,-1.3475209474563599,247.0
81954,17,0.0,0.0,0.0,53.594851325539985,-2.269661959479837,154.58823529411765
24575,1,0.0,0.0,0.0,52.635074615478516,-1.6972249746322632,-1.0
4845,5,0.0,0.0,0.0,53.97015228271484,-1.0426823973655701,123.6
132122,2,0.0,0.0,0.0,53.196311950683594,-2.894528031349182,177.0
9963583,1,0.0,0.0,0.0,54.8653450012207,-1.7071679830551147,200.0
9772163,1,0.0,0.0,0.0,52.386138916015625,-2.246782064437866,212.0
57690,2,0.0,0.0,0.0,52.63975715637207,-2.0864654779434204,278.0
4360,2,0.0,0.0,0.0,50.81075859069824,-0.5197425037622452,94.5
128771,4,0.0,0.0,0.0,52.658355712890625,-1.9260957539081573,108.5
108377,5,0.0,0.0,0.0,53.76435241699219,-0.38240880966186525,141.6
3676,5,0.0,0.0,0.0,53.39814758300781,-2.5907331466674806,102.4
41029,10,0.0,0.0,0.0,51.55140991210938,0.708985698223114,100.9
95218,1,0.0,0.0,0.0,51.070472717285156,-0.32397401332855225,320.0
7834723,2,0.0,0.0,0.0,51.53135108947754,-2.5832804441452026,141.0
11541031,2,0.0,0.0,0.0,52.5970458984375,-1.756941020488739,-1.0
131659,6,0.0,0.0,0.0,53.54119427998861,-0.07409783421705167,139.0
53584,2,0.0,0.0,0.0,52.761234283447266,-2.097885489463806,93.5
5368,2,0.0,0.0,0.0,52.7339973449707,-2.7218739986419678,82.0
95685,4,0.0,0.0,0.0,51.55440425872803,0.23808924853801727,157.5
7796,3,0.0,0.0,0.0,52.600293477376304,-1.1002430121103923,209.66666666666666
10884747,11,0.0,0.0,0.0,51.5067006891424,-0.23213036358356476,147.27272727272728
39681,5,0.0,0.0,0.0,51.373348999023435,-0.7695520043373107,193.8
7524,4,0.0,0.0,0.0,54.578131675720215,-1.0148507505655289,137.75
80476,2,0.0,0.0,0.0,53.51679611206055,-2.938439965248108,84.0
904084,10,0.0,0.0,0.0,51.55395622253418,-0.10392739959061145,144.0
69767,1,0.0,0.0,0.0,52.633304595947266,-1.0468989610671997,-1.0
9755,5,0.0,0.0,0.0,54.953093719482425,-1.586544394493103,77.4
335816,1,0.0,0.0,0.0,51.67158126831055,-0.9692090153694153,43.0
6772420,1,0.0,0.0,0.0,50.633907318115234,-3.4017789363861084,150.0
10983761,10,0.0,0.0,0.0,51.52763328552246,-0.3447646975517273,184.5
5270,1,0.0,0.0,0.0,52.52033615112305,-1.4670809507369995,168.0
43978,6,0.0,0.0,0.0,53.36667251586914,-3.030188004175822,205.0
8394,2,0.0,0.0,0.0,50.385467529296875,-4.401801586151123,235.5
132899,4,0.0,0.0,0.0,50.82848262786865,-0.3912387564778328,174.0
101256,2,0.0,0.0,0.0,51.49665069580078,-2.5918549299240112,150.5
132547,3,0.0,0.0,0.0,34.82576243082682,-0.5989196499188741,70.0
54821,3,0.0,0.0,0.0,51.7450205485026,0.484332670768102,31.333333333333332
90326,2,0.0,0.0,0.0,52.52139854431152,-1.8187080025672913,128.0
4223,15,0.0,0.0,0.0,54.98473536173503,-1.6057487964630126,132.8
23003,7,0.0,0.0,0.0,53.4987907409668,-2.922181708472116,146.71428571428572
14630,5,0.0,0.0,0.0,52.192807006835935,0.12039820104837418,157.2
620,8,0.0,0.0,0.0,52.483635902404785,-1.8867890238761902,70.875
17633,2,0.0,0.0,0.0,51.44770812988281,-0.9463590085506439,219.0
13511,5,0.0,0.0,0.0,52.395670318603514,-1.5309327840805054,112.4
6563,2,0.0,0.0,0.0,53.168806076049805,-3.0432010889053345,186.0
6638,1,0.0,0.0,0.0,50.73680877685547,-1.6699110269546509,278.0
12545,10,0.0,0.0,0.0,53.69346618652344,-1.8383208155632018,155.9
8156363,1,0.0,0.0,0.0,53.02070236206055,-2.1484899520874023,314.0
133011,4,0.0,0.0,0.0,38.44173717498779,-0.8259460031986237,90.0
132981,1,0.0,0.0,0.0,51.20845413208008,-1.4822560548782349,246.0
67374,3,0.0,0.0,0.0,52.739943186442055,-1.7392269770304363,60.333333333333336
78783,2,0.0,0.0,0.0,53.496896743774414,-2.0808844566345215,172.0
4899,1,0.0,0.0,0.0,51.41218185424805,-0.8428919911384583,307.0
6514,5,0.0,0.0,0.0,50.623921966552736,-3.5648475646972657,165.6
10983812,18,0.0,0.0,0.0,51.49627176920573,-0.06354549969546497,197.5
133002,1,0.0,0.0,0.0,51.09994888305664,-1.7044639587402344,288.0
348545,5,0.0,0.0,0.0,51.46608276367188,-0.21081220209598542,171.0
3584,1,0.0,0.0,0.0,51.2731819152832,0.526669979095459,-1.0
131174,1,0.0,0.0,0.0,54.64427185058594,-3.1867849826812744,6.0
57638,5,0.0,0.0,0.0,54.96485137939453,-1.6793442249298096,94.8
1334145,2,0.0,0.0,0.0,51.236440658569336,-0.5752990245819092,297.0
59291,5,0.0,0.0,0.0,53.41298904418945,-3.0072256088256837,77.0
56711,1,0.0,0.0,0.0,52.199195861816406,-2.162252902984619,-1.0
32593,1,0.0,0.0,0.0,51.75390625,-0.33706098794937134,50.0
56218,1,0.0,0.0,0.0,54.66444778442383,-1.6769850254058838,-1.0
73100,15,0.0,0.0,0.0,54.927161661783856,-1.5048670768737793,135.0
92602,3,0.0,0.0,0.0,53.46105194091797,-2.1900880336761475,210.33333333333334
54226,6,0.0,0.0,0.0,51.807271321614586,0.661102498571078,220.16666666666666
9629929,7,0.0,0.0,0.0,51.4524781363351,0.24648356863430568,62.285714285714285
81248,4,0.0,0.0,0.0,51.17954921722412,-0.13586450181901455,111.5
5736,2,0.0,0.0,0.0,51.5262393951416,-2.3263909816741943,175.5
100693,2,0.0,0.0,0.0,54.90867042541504,-1.703332006931305,149.0
10983724,15,0.0,0.0,0.0,51.514198811848956,-0.1780348648627599,123.0
86092,7,0.0,0.0,0.0,39.206651415143696,-2.0985293047768727,158.57142857142858
56949,2,0.0,0.0,0.0,51.13130569458008,-2.996529459953308,201.5
12367,7,0.0,0.0,0.0,53.07777949741909,-1.2340658732822962,118.57142857142857
4554,2,0.0,0.0,0.0,52.5637264251709,-2.2808804512023926,-1.0
11026879,1,0.0,0.0,0.0,52.21099853515625,-0.2678990066051483,135.0
8627,9,0.0,0.0,0.0,52.64980273776584,-1.1530033482445612,101.55555555555556
5708,1,0.0,0.0,0.0,52.754356384277344,0.399493008852005,-1.0
43998,1,0.0,0.0,0.0,0.0,0.0,0.0
5004,1,0.0,0.0,0.0,52.811614990234375,-2.1047120094299316,129.0
48586,1,0.0,0.0,0.0,51.996280670166016,-0.9846919775009155,159.0
24458,1,0.0,0.0,0.0,51.13204574584961,1.3154419660568237,294.0
81938,3,0.0,0.0,0.0,53.50673039754232,-2.374790668487549,57.333333333333336
103514,3,0.0,0.0,0.0,52.903038024902344,-1.4849013487497966,113.33333333333333
10263085,4,0.0,0.0,0.0,52.57236576080322,-2.1163870692253113,37.25
95677,5,0.0,0.0,0.0,51.318251037597655,1.1065499782562256,86.4
133158,1,0.0,0.0,0.0,50.72629165649414,-3.5278160572052,162.0
11343146,2,0.0,0.0,0.0,53.03348731994629,-0.10362500231713057,131.0
11872,5,0.0,0.0,0.0,53.667850494384766,-1.4639595985412597,155.0
5300,2,0.0,0.0,0.0,53.76995086669922,-2.7272789478302,217.5
55713,3,0.0,0.0,0.0,53.62136713663737,-1.7453540166219075,92.66666666666667
59218,3,0.0,0.0,0.0,53.446434020996094,-2.979336420694987,278.6666666666667
6061539,2,0.0,0.0,0.0,52.59328269958496,-2.0779949426651,193.5
57035,1,0.0,0.0,0.0,52.75519561767578,0.44129499793052673,283.0
12959,14,0.0,0.0,0.0,53.357678822108674,-1.4204587170055933,136.28571428571428
11918,6,0.0,0.0,0.0,53.724025090535484,-1.498487154642741,118.33333333333333
98457,5,0.0,0.0,0.0,52.28036804199219,-0.718874192237854,150.0
1477,1,0.0,0.0,0.0,54.838661193847656,-1.811184048652649,359.0
5337,4,0.0,0.0,0.0,52.93084907531738,-1.4580317437648773,39.75
8879954,5,0.0,0.0,0.0,51.4843147277832,0.07867619991302491,135.0
17866,4,0.0,0.0,0.0,52.64916801452637,1.2651064991950989,107.5
32416,16,0.0,0.0,0.0,52.58061695098877,-1.9672943726181984,68.8125
89488,11,0.0,0.0,0.0,53.45783961902965,-2.9342398426749488,135.27272727272728
7691512,3,0.0,0.0,0.0,51.26987075805664,-1.0965306361516316,242.0
93990,2,0.0,0.0,0.0,52.30169105529785,-0.7090070247650146,231.0
5992,1,0.0,0.0,0.0,52.6201057434082,-1.9891079664230347,293.0
3576,1,0.0,0.0,0.0,51.7463493347168,-0.4939729869365692,278.0
9466741,3,0.0,0.0,0.0,52.42323303222656,-1.8648873567581177,226.66666666666666
131255,1,0.0,0.0,0.0,0.0,0.0,0.0
10984011,9,0.0,0.0,0.0,51.58347362942166,-0.32550788587994045,105.0
1865599,1,0.0,0.0,0.0,52.680667877197266,-1.8257180452346802,213.0
100832,5,0.0,0.0,0.0,51.63087921142578,-0.7584801912307739,92.2
60063,2,0.0,0.0,0.0,51.52117919921875,-2.1077585220336914,158.5
83038,1,0.0,0.0,0.0,53.581539154052734,-2.4256389141082764,242.0
887148,1,0.0,0.0,0.0,53.52565383911133,-1.1390199661254883,203.0
114252,2,0.0,0.0,0.0,51.0261344909668,-3.1024105548858643,139.0
4041,3,0.0,0.0,0.0,51.630340576171875,-0.7472220063209534,135.33333333333334
104009,4,0.0,0.0,0.0,50.70157241821289,-3.528789460659027,112.5
12880,1,0.0,0.0,0.0,51.57448959350586,-3.2174980640411377,198.0
58863,2,0.0,0.0,0.0,53.45272445678711,-2.6605089902877808,147.5
8898298,6,0.0,0.0,0.0,53.406284968058266,-1.4871386488278706,135.0
81946,1,0.0,0.0,0.0,53.53013229370117,-2.6623549461364746,158.0
881320,7,0.0,0.0,0.0,55.60368347167969,-2.940288850239345,166.0
6491,1,0.0,0.0,0.0,51.64160919189453,-3.0287139415740967,90.0
3983498,2,0.0,0.0,0.0,51.96304893493652,0.6524330079555511,82.5
9819,1,0.0,0.0,0.0,51.07990264892578,-1.787561058998108,347.0
108477,2,0.0,0.0,0.0,53.21597671508789,-0.8577954769134521,177.5
14746,1,0.0,0.0,0.0,51.60443115234375,-0.692330002784729,-1.0
42279,2,0.0,0.0,0.0,53.80714416503906,-1.459370493888855,70.0
4250093,8,0.0,0.0,0.0,50.84354877471924,-0.14335937518626451,140.0
1261113,17,0.0,0.0,0.0,51.6064338684082,-0.17367035325835734,190.58823529411765
5333,12,0.0,0.0,0.0,52.463191986083984,-1.938323587179184,64.91666666666667
4040512,2,0.0,0.0,0.0,52.245662689208984,1.0189175009727478,96.0
11451,1,0.0,0.0,0.0,52.130184173583984,-2.073904037475586,-1.0
97987,2,0.0,0.0,0.0,52.70156478881836,-1.8194499611854553,312.0
6526,9,0.0,0.0,0.0,51.57416449652778,-1.781646768252055,189.33333333333334
10757,2,0.0,0.0,0.0,51.45663261413574,0.20186450332403183,166.0
29450,3,0.0,0.0,0.0,50.72605005900065,-2.0071773529052734,216.0
21880,3,0.0,0.0,0.0,52.71815490722656,-0.281577005982399,100.66666666666667
7389,1,0.0,0.0,0.0,51.065738677978516,-0.355881005525589,26.0
27735,11,0.0,0.0,0.0,51.65110848166726,-1.264729911630804,135.0
132983,2,0.0,0.0,0.0,51.214168548583984,-1.4629220366477966,264.0
867588,1,0.0,0.0,0.0,51.425716400146484,-1.7015390396118164,256.0
10331814,1,0.0,0.0,0.0,52.629337310791016,1.296401023864746,261.0
32474,2,0.0,0.0,0.0,53.78817176818848,-1.5630744695663452,275.5
75443,2,0.0,0.0,0.0,50.54527282714844,-3.5902810096740723,249.0
4513,1,0.0,0.0,0.0,50.14884948730469,-5.064189910888672,-1.0
16084,2,0.0,0.0,0.0,51.610626220703125,-3.6593209505081177,332.5
64122,1,0.0,0.0,0.0,53.45242691040039,-1.4290610551834106,0.0
5752,2,0.0,0.0,0.0,54.88933753967285,-1.6158304810523987,313.5
67392,4,0.0,0.0,0.0,52.781455993652344,-1.4737557470798492,110.75
92574,6,0.0,0.0,0.0,53.544500986735024,-2.292715152104696,106.66666666666667
132482,2,0.0,0.0,0.0,54.902427673339844,-1.400189995765686,39.0
10529,1,0.0,0.0,0.0,53.68303680419922,-1.3109409809112549,329.0
7508,18,0.0,0.0,0.0,50.914428075154625,-1.4159317811330159,118.88888888888889
5255,2,0.0,0.0,0.0,51.1921329498291,-0.5299355089664459,181.0
14420,2,0.0,0.0,0.0,51.1441707611084,1.2976784706115723,225.0
12487,2,0.0,0.0,0.0,53.786399841308594,-1.789109468460083,15.5
12750,7,0.0,0.0,0.0,53.6513660975865,-1.7791945763996668,116.28571428571429
5017,4,0.0,0.0,0.0,51.419925689697266,-0.4318240061402321,123.75
115868,4,0.0,0.0,0.0,53.2774600982666,-3.5681300163269043,303.0
12197270,14,0.0,0.0,0.0,51.54329763139997,-0.10872850034918104,141.42857142857142
4069283,2,0.0,0.0,0.0,51.520389556884766,-0.023730499669909477,157.5
3676580,1,0.0,0.0,0.0,53.4680061340332,0.05369200184941292,322.0
92531,5,0.0,0.0,0.0,53.50776138305664,-2.2095367908477783,148.6
17958,3,0.0,0.0,0.0,51.45514170328776,-0.9407826662063599,235.0
1870697,3,0.0,0.0,0.0,53.409437815348305,-2.155665715535482,116.0
7833,4,0.0,0.0,0.0,55.09847354888916,-1.544732242822647,115.0
3750,5,0.0,0.0,0.0,51.51648864746094,-3.6331746101379396,125.4
131835,2,0.0,0.0,0.0,53.17422294616699,-1.0942434966564178,282.0
5351,3,0.0,0.0,0.0,50.84504063924154,-0.12066133320331573,87.33333333333333
10311244,3,0.0,0.0,0.0,53.70147832234701,-1.5928717056910198,213.66666666666666
9934,3,0.0,0.0,0.0,51.3713747660319,0.5109073321024576,168.33333333333334
5303207,2,0.0,0.0,0.0,50.94313621520996,-3.033110499382019,169.5
6565,10,0.0,0.0,0.0,52.53214569091797,-1.8407743930816651,208.8
24211,22,0.0,0.0,0.0,52.47163807262074,-1.8805648196827283,126.18181818181819
2249,1,0.0,0.0,0.0,51.52009201049805,0.06683299690485,272.0
12009,3,0.0,0.0,0.0,53.716651916503906,-1.8804373343785603,57.666666666666664
3589,2,0.0,0.0,0.0,52.045780181884766,1.1870535016059875,211.0
6874,1,0.0,0.0,0.0,51.005619049072266,-0.39692598581314087,203.0
94956,1,0.0,0.0,0.0,50.45660400390625,-3.5613811016082764,156.0
12280,1,0.0,0.0,0.0,53.26068115234375,-2.1222329139709473,-1.0
97685,2,0.0,0.0,0.0,26.11888885498047,-0.4486365020275116,96.0
26536,3,0.0,0.0,0.0,52.16467412312826,-0.9644133249918619,162.0
29906,2,0.0,0.0,0.0,50.720088958740234,-1.9219415187835693,106.0
10361,1,0.0,0.0,0.0,51.42913055419922,-0.4557110071182251,272.0
7848,1,0.0,0.0,0.0,51.20527648925781,-2.1854960918426514,245.0
3660,2,0.0,0.0,0.0,52.08804893493652,-0.7387319803237915,92.0
4328,6,0.0,0.0,0.0,51.89414024353027,-0.40001683433850604,71.33333333333333
1296121,2,0.0,0.0,0.0,53.6310977935791,-1.8544880151748657,324.5
6770300,3,0.0,0.0,0.0,52.299425760904946,-0.14992333203554153,62.0
131160,2,0.0,0.0,0.0,54.17317008972168,-3.2467724084854126,180.0
61690,9,0.0,0.0,0.0,50.39499961005317,-5.071680969662136,62.333333333333336
2465360,1,0.0,0.0,0.0,53.68959045410156,-2.697964906692505,-1.0
131309,1,0.0,0.0,0.0,54.54590606689453,-3.590980052947998,258.0
4863,3,0.0,0.0,0.0,52.23527145385742,-1.0271639823913574,242.0
12493,1,0.0,0.0,0.0,53.87230682373047,-1.7092410326004028,325.0
7741,1,0.0,0.0,0.0,54.76594543457031,-1.3341779708862305,93.0
6864,4,0.0,0.0,0.0,52.65766143798828,-1.163705736398697,164.0
126495,2,0.0,0.0,0.0,53.74488830566406,-0.3471820056438446,256.0
3618,2,0.0,0.0,0.0,50.72883415222168,-1.1934059858322144,52.5
94818,17,0.0,0.0,0.0,53.50797742955825,-2.5989848866182217,73.23529411764706
44061,1,0.0,0.0,0.0,54.96694564819336,-1.4701570272445679,54.0
9815,1,0.0,0.0,0.0,51.63779067993164,-0.47750601172447205,50.0
114785,2,0.0,0.0,0.0,51.865278244018555,-1.210099458694458,114.5
131448,1,0.0,0.0,0.0,51.07955551147461,1.1769130229949951,0.0
78416,2,0.0,0.0,0.0,51.4805965423584,-0.457675501704216,133.5
59195,1,0.0,0.0,0.0,53.925506591796875,-1.0670599937438965,316.0
109799,7,0.0,0.0,0.0,53.40257317679269,-2.318873541695731,111.42857142857143
10727,3,0.0,0.0,0.0,50.400438944498696,-4.1250410079956055,94.66666666666667
12197027,4,0.0,0.0,0.0,51.47366237640381,-0.06705324770882726,78.75
11733,7,0.0,0.0,0.0,52.65760857718332,1.0710387229919434,105.0
110100,2,0.0,0.0,0.0,52.0135440826416,-0.735879510641098,194.5
6005,9,0.0,0.0,0.0,53.43262184990777,-2.2532008753882513,155.33333333333334
91947,6,0.0,0.0,0.0,51.41546440124512,-3.3552465438842773,62.833333333333336
119242,4,0.0,0.0,0.0,53.11446952819824,-1.6142029762268066,199.25
4222,10,0.0,0.0,0.0,54.78669395446777,-1.4085544109344483,90.2
104561,5,0.0,0.0,0.0,52.3573486328125,-2.14238600730896,68.2
9766,1,0.0,0.0,0.0,53.59150314331055,-1.5292179584503174,174.0
5909,7,0.0,0.0,0.0,52.47150094168527,-1.7842859881264823,99.28571428571429
53834,7,0.0,0.0,0.0,54.98642076764788,-1.593220864023481,193.57142857142858
11157993,1,0.0,0.0,0.0,52.57276153564453,-0.2509559988975525,73.0
7887,8,0.0,0.0,0.0,52.514949798583984,-1.8714812397956848,105.5
5301829,6,0.0,0.0,0.0,51.775229136149086,-1.3140780131022136,186.5
120702,4,0.0,0.0,0.0,51.477036476135254,-2.5953667163848877,48.5
5892,3,0.0,0.0,0.0,52.83847300211588,-1.6934526761372883,74.33333333333333
8107,6,0.0,0.0,0.0,53.49051984151205,-2.127387523651123,156.66666666666666
61353,3,0.0,0.0,0.0,52.991841634114586,-1.1578119993209839,74.66666666666667
32450,17,0.0,0.0,0.0,51.43531709558823,-2.6190858728745403,68.6470588235294
133008,3,0.0,0.0,0.0,51.26377487182617,-1.0981930096944172,110.0
3700,3,0.0,0.0,0.0,51.385369618733726,-2.3855462869008384,137.66666666666666
6177,2,0.0,0.0,0.0,51.6286563873291,-3.9340059757232666,127.0
132400,3,0.0,0.0,0.0,36.65487289428711,-0.9631470044453939,0.0
79273,2,0.0,0.0,0.0,51.37758255004883,-0.6416074931621552,108.0
18511,1,0.0,0.0,0.0,51.5279541015625,-0.9018139839172363,318.0
133046,5,0.0,0.0,0.0,50.957637023925784,-1.2408310174942017,153.6
109583,1,0.0,0.0,0.0,52.835750579833984,-0.7436180114746094,330.0
10477,9,0.0,0.0,0.0,53.45065138075087,-2.285687976413303,177.77777777777777
6865,5,0.0,0.0,0.0,51.54851379394531,-3.56742377281189,60.2
12633,3,0.0,0.0,0.0,53.79722213745117,-1.596304972966512,150.0
7064,1,0.0,0.0,0.0,51.340633392333984,1.389454960823059,306.0
5618,1,0.0,0.0,0.0,53.91646957397461,-0.17080600559711456,331.0
5864536,1,0.0,0.0,0.0,55.00724411010742,-1.5878950357437134,323.0
790,1,0.0,0.0,0.0,53.443363189697266,-1.9496129751205444,268.0
73960,1,0.0,0.0,0.0,51.37372589111328,-2.137453079223633,-1.0
123904,1,0.0,0.0,0.0,55.011566162109375,-1.6694689989089966,119.0
10628271,16,0.0,0.0,0.0,51.411224603652954,-0.24174237810075283,180.0
7784,1,0.0,0.0,0.0,50.46976089477539,-4.731247901916504,113.0
4188,7,0.0,0.0,0.0,50.66788101196289,-1.199205722127642,153.0
9031513,26,0.0,0.0,0.0,51.498514909010666,-0.15861507763083166,107.3076923076923
131095,2,0.0,0.0,0.0,52.14400863647461,-0.4499160051345825,135.0
2300979,1,0.0,0.0,0.0,51.4857292175293,-0.8161659836769104,83.0
879676,4,0.0,0.0,0.0,55.57400703430176,-2.7226970195770264,124.75
131107,4,0.0,0.0,0.0,52.55837345123291,-0.2508240006864071,118.5
103246,1,0.0,0.0,0.0,51.61203384399414,-3.759140968322754,218.0
15535,2,0.0,0.0,0.0,51.60237693786621,-3.979310989379883,114.0
132392,3,0.0,0.0,0.0,18.296512603759766,-0.4550290107727051,116.0
275,3,0.0,0.0,0.0,52.14988454182943,-0.8508709867795309,92.0
7129515,1,0.0,0.0,0.0,52.11739730834961,0.35311201214790344,106.0
11211652,7,0.0,0.0,0.0,54.21503666469029,-0.32520643302372526,88.0
3731217,2,0.0,0.0,0.0,51.748098373413086,-1.2801870107650757,109.0
7332,2,0.0,0.0,0.0,52.19032669067383,-2.2208584547042847,4.0
87258,11,0.0,0.0,0.0,50.825068733908914,0.41712572357871314,179.45454545454547
4553,7,0.0,0.0,0.0,52.40314156668527,-1.4939847162791662,105.28571428571429
57028,1,0.0,0.0,0.0,53.31635665893555,-3.4933929443359375,199.0
47726,2,0.0,0.0,0.0,51.248708724975586,-0.5620130002498627,178.5
95681,1,0.0,0.0,0.0,52.3952522277832,-1.9776719808578491,108.0
7934,13,0.0,0.0,0.0,52.493308727557846,-1.9584630911166852,110.6923076923077
104615,1,0.0,0.0,0.0,52.77128601074219,-2.2164299488067627,198.0
11033,1,0.0,0.0,0.0,51.78786849975586,-2.6008360385894775,-1.0
138463,13,0.0,0.0,0.0,51.65055729792668,-0.05498876909797008,162.69230769230768
11943,4,0.0,0.0,0.0,53.68635082244873,-1.3483259975910187,92.25
23223,5,0.0,0.0,0.0,51.57693023681641,-2.7138734340667723,164.6
449,1,0.0,0.0,0.0,51.369964599609375,-1.2843459844589233,149.0
7493,3,0.0,0.0,0.0,51.170101165771484,1.0943776766459148,192.0
5614,1,0.0,0.0,0.0,51.3653450012207,-0.39963600039482117,-1.0
3099582,1,0.0,0.0,0.0,52.476600646972656,-0.9188179969787598,-1.0
5801,2,0.0,0.0,0.0,52.628774642944336,-0.2819100096821785,79.0
89661,3,0.0,0.0,0.0,52.63144048055013,-1.1299930016199748,56.666666666666664
580545,2,0.0,0.0,0.0,50.93633270263672,-0.35071849822998047,143.0
4230,2,0.0,0.0,0.0,51.27833938598633,1.0722450017929077,93.0
5438,2,0.0,0.0,0.0,50.38608932495117,-4.146966934204102,152.5
72179,1,0.0,0.0,0.0,53.83986282348633,-2.1878180503845215,94.0
39395,4,0.0,0.0,0.0,53.7740478515625,-1.5220895111560822,75.75
65482,3,0.0,0.0,0.0,50.72537485758463,-3.5261940956115723,122.0
3554,3,0.0,0.0,0.0,54.53104146321615,-1.5556689898173015,2.0
121589,1,0.0,0.0,0.0,52.07805252075195,1.2856700420379639,206.0
132182,10,0.0,0.0,0.0,37.40859718322754,-2.0667051315307616,145.2
9551,1,0.0,0.0,0.0,53.53135299682617,-2.5552260875701904,204.0
5219796,1,0.0,0.0,0.0,53.45240020751953,-2.726931095123291,222.0
12261,2,0.0,0.0,0.0,53.72842597961426,-1.8820070028305054,151.5
132475,3,0.0,0.0,0.0,54.99176279703776,-1.6672373215357463,216.0
1492028,3,0.0,0.0,0.0,51.57341639200846,-1.7743613322575886,82.0
16730,1,0.0,0.0,0.0,51.59527587890625,-3.811779022216797,47.0
2400,1,0.0,0.0,0.0,51.816627502441406,-0.35763299465179443,-1.0
8008300,1,0.0,0.0,0.0,52.9154167175293,-0.6454060077667236,121.0
138470,11,0.0,0.0,0.0,51.431216500022195,-0.12356472895904021,147.27272727272728
6133,12,0.0,0.0,0.0,54.971378008524574,-1.5257195830345154,200.5
4752,1,0.0,0.0,0.0,52.76545715332031,-0.8840799927711487,244.0
9153,4,0.0,0.0,0.0,51.57322120666504,-3.3708537817001343,267.0
1910,1,0.0,0.0,0.0,53.39106750488281,-2.5941479206085205,-1.0
76936,4,0.0,0.0,0.0,53.014527320861816,-3.028328239917755,146.0
132287,2,0.0,0.0,0.0,53.20269775390625,-2.8804969787597656,171.0
7063,5,0.0,0.0,0.0,50.83479385375976,-0.12095480114221573,105.2
9393252,12,0.0,0.0,0.0,51.45747725168864,-0.17291524757941565,135.0
358,1,0.0,0.0,0.0,52.65847396850586,0.5434449911117554,-1.0
103530,2,0.0,0.0,0.0,51.38496780395508,-2.3380775451660156,12.0
910749,1,0.0,0.0,0.0,53.365238189697266,-2.724453926086426,265.0
32622,2,0.0,0.0,0.0,51.133440017700195,-2.9676084518432617,169.5
106270,9,0.0,0.0,0.0,53.83057403564453,-1.5828885634740193,134.55555555555554
6968,5,0.0,0.0,0.0,51.186493682861325,1.2145715951919556,177.6
132035,2,0.0,0.0,0.0,51.78228759765625,-2.0509754419326782,270.0
7060,2,0.0,0.0,0.0,54.77852821350098,-1.6273390054702759,140.5
12757,3,0.0,0.0,0.0,53.79467264811198,-1.7553566694259644,182.0
16708,1,0.0,0.0,0.0,54.08365249633789,-0.18893100321292877,-1.0
2724429,1,0.0,0.0,0.0,52.49324417114258,-1.9997650384902954,182.0
47260,2,0.0,0.0,0.0,51.62114906311035,-0.3611309975385666,112.5
66272,3,0.0,0.0,0.0,54.786546071370445,-1.5718756516774495,82.66666666666667
104683,1,0.0,0.0,0.0,51.24014663696289,-2.3192100524902344,248.0
5584,4,0.0,0.0,0.0,51.24496555328369,-0.1619192510843277,82.75
75348,2,0.0,0.0,0.0,53.493507385253906,-1.4175919890403748,12.0
5083,7,0.0,0.0,0.0,51.4641489301409,-0.5654741483075278,90.42857142857143
8642431,20,0.0,0.0,0.0,51.4854040145874,-0.11061060056090355,112.5
138499,5,0.0,0.0,0.0,51.64727249145508,-0.09488239884376526,198.0
102638,2,0.0,0.0,0.0,51.422637939453125,0.3503279983997345,194.5
17935,4,0.0,0.0,0.0,51.46085166931152,-0.9720887392759323,130.0
12657,10,0.0,0.0,0.0,53.800014114379884,-1.6465057969093322,113.6
96465,2,0.0,0.0,0.0,51.33560562133789,-1.2152255177497864,234.0
69501,6,0.0,0.0,0.0,52.475891749064125,-2.0317859848340354,109.5
4279,5,0.0,0.0,0.0,51.547384643554686,0.6999709844589234,100.4
132638,2,0.0,0.0,0.0,52.51994323730469,-1.4807875156402588,75.0
9143069,5,0.0,0.0,0.0,51.764418029785155,0.4838410019874573,35.0
40998,5,0.0,0.0,0.0,53.39857177734375,-2.5897297859191895,66.2
75379,1,0.0,0.0,0.0,51.88432312011719,-2.0533080101013184,6.0
11074,1,0.0,0.0,0.0,50.77232360839844,-4.123446941375732,-1.0
59172,4,0.0,0.0,0.0,53.4547176361084,-2.9897069931030273,124.0
4615864,1,0.0,0.0,0.0,51.81498718261719,-0.8146200180053711,-1.0
116970,1,0.0,0.0,0.0,53.906089782714844,-1.3716310262680054,270.0
51684,2,0.0,0.0,0.0,53.837507247924805,-1.6308494806289673,103.5
8703,4,0.0,0.0,0.0,53.603668212890625,-1.4812957644462585,211.5
131527,1,0.0,0.0,0.0,50.79059982299805,0.3031499981880188,0.0
7255,4,0.0,0.0,0.0,55.0508508682251,-1.587379515171051,210.75
4419,5,0.0,0.0,0.0,50.38824310302734,-4.15891056060791,126.2
108344,4,0.0,0.0,0.0,53.7418098449707,-2.0408709943294525,130.0
6622,2,0.0,0.0,0.0,53.728050231933594,-2.6948130130767822,32.5
64692,1,0.0,0.0,0.0,53.72581481933594,-1.3616060018539429,144.0
3948197,1,0.0,0.0,0.0,52.664588928222656,1.4949699640274048,-1.0
86048,4,0.0,0.0,0.0,54.04150104522705,-2.8667925000190735,193.5
91105,1,0.0,0.0,0.0,52.66652297973633,0.16069500148296356,156.0
38026,3,0.0,0.0,0.0,51.108723958333336,-1.8229103485743205,-1.0
1621780,2,0.0,0.0,0.0,52.80804443359375,-2.919560432434082,149.5
98224,2,0.0,0.0,0.0,53.80449104309082,-1.7699105143547058,176.0
13047,5,0.0,0.0,0.0,51.75868453979492,-1.2234122037887574,183.6
367635,1,0.0,0.0,0.0,52.51824951171875,-1.995311975479126,204.0
6392,13,0.0,0.0,0.0,51.57618478628305,-1.7914978632560143,95.46153846153847
503217,3,0.0,0.0,0.0,51.78548049926758,-0.6381386717160543,141.66666666666666
10975993,1,0.0,0.0,0.0,52.63103103637695,1.2956379652023315,-1.0
10226,2,0.0,0.0,0.0,51.57821846008301,-0.1948935016989708,292.5
6547,10,0.0,0.0,0.0,53.44657173156738,-2.2615731000900268,113.0
43106,6,0.0,0.0,0.0,51.455239613850914,-0.4515446772178014,210.0
649,4,0.0,0.0,0.0,52.42176055908203,-1.4875987470149994,200.0
12197125,18,0.0,0.0,0.0,51.56922170850966,-0.02247444447129965,162.5
9062,10,0.0,0.0,0.0,53.85440330505371,-1.0613081097602843,125.2
4761215,1,0.0,0.0,0.0,50.339542388916016,-4.635227203369141,178.0
8493,1,0.0,0.0,0.0,50.82234573364258,-0.37295401096343994,176.0
6005607,7,0.0,0.0,0.0,53.81524331229074,-1.7486561366489954,63.285714285714285
11513459,1,0.0,0.0,0.0,51.39268112182617,0.390951007604599,208.0
8154213,4,0.0,0.0,0.0,53.723615646362305,-2.7965487241744995,189.0
6156986,2,0.0,0.0,0.0,53.099979400634766,-2.4502105712890625,184.5
104132,2,0.0,0.0,0.0,50.729068756103516,-1.8720839619636536,331.0
132913,3,0.0,0.0,0.0,51.237884521484375,-0.5863539973894755,196.0
40629,3,0.0,0.0,0.0,52.619187672932945,-2.008138338724772,151.66666666666666
11228,1,0.0,0.0,0.0,50.70539474487305,-3.1807029247283936,356.0
131559,1,0.0,0.0,0.0,53.3974609375,-0.7744359970092773,264.0
37360,3,0.0,0.0,0.0,53.719136555989586,-1.8674790064493816,134.33333333333334
118839,3,0.0,0.0,0.0,52.99820073445638,-0.7240656614303589,150.66666666666666
3389083,2,0.0,0.0,0.0,51.569013595581055,-3.246649980545044,228.0
132905,4,0.0,0.0,0.0,50.81360054016113,-0.4627087563276291,180.0
5819,2,0.0,0.0,0.0,55.02730751037598,-1.6213194727897644,253.5
8695,3,0.0,0.0,0.0,51.76194508870443,0.21473333487908045,111.33333333333333
12019902,25,0.0,0.0,0.0,51.49968200683594,-0.10594263941049575,189.0
7697,15,0.0,0.0,0.0,52.45695139567057,-1.4870333353678384,110.8
5512857,2,0.0,0.0,0.0,51.26725769042969,0.48318150639533997,99.5
7601213,11,0.0,0.0,0.0,51.60966006192294,-0.05088209041224962,130.9090909090909
5359,12,0.0,0.0,0.0,53.36144129435221,-1.4283491671085358,127.16666666666667
18385,2,0.0,0.0,0.0,52.454463958740234,-1.758719027042389,192.0
70370,2,0.0,0.0,0.0,51.769771575927734,-2.2624895572662354,162.0
5698,4,0.0,0.0,0.0,50.10344123840332,-5.238035082817078,124.25
86067,1,0.0,0.0,0.0,54.32978439331055,-2.7450180053710938,336.0
132404,7,0.0,0.0,0.0,54.98547799246652,-1.6485395431518555,168.0
72181,1,0.0,0.0,0.0,53.786041259765625,-2.252840042114258,118.0
22580,1,0.0,0.0,0.0,53.82917022705078,-1.992658019065857,-1.0
10803581,1,0.0,0.0,0.0,52.64107894897461,1.3131649494171143,40.0
8784,2,0.0,0.0,0.0,51.47470283508301,-2.564265012741089,-1.0
69369,1,0.0,0.0,0.0,51.38359832763672,0.5236709713935852,-1.0
78777,3,0.0,0.0,0.0,53.38316090901693,-2.3594849904378257,3.0
3092258,9,0.0,0.0,0.0,51.39955690171983,0.021121666572677594,205.0
58853,3,0.0,0.0,0.0,53.450600941975914,-2.7216637134552,135.0
70669,6,0.0,0.0,0.0,50.916006088256836,-1.3932350079218547,206.0
128703,13,0.0,0.0,0.0,52.54074390117939,-1.9929930063394399,69.6923076923077
5927,2,0.0,0.0,0.0,52.36771774291992,-1.9985045194625854,146.0
67365,2,0.0,0.0,0.0,52.39120864868164,-2.2236214876174927,186.0
61393,2,0.0,0.0,0.0,53.67770957946777,-1.5531489849090576,189.0
12197237,16,0.0,0.0,0.0,51.59594416618347,-0.28661799617111683,157.5
6274,5,0.0,0.0,0.0,50.395914459228514,-4.134103298187256,174.6
6717,3,0.0,0.0,0.0,51.77741495768229,-1.2767939964930217,179.66666666666666
5682654,3,0.0,0.0,0.0,51.445621490478516,-0.41867100199063617,210.0
103287,1,0.0,0.0,0.0,53.00419998168945,-2.2183520793914795,130.0
10246342,13,0.0,0.0,0.0,51.424967545729416,-0.04801384624666893,121.15384615384616
70665,1,0.0,0.0,0.0,50.894107818603516,-1.3486989736557007,289.0
33733,2,0.0,0.0,0.0,51.360212326049805,-0.2833299934864044,225.0
10732,9,0.0,0.0,0.0,53.497704399956596,-2.705238183339437,134.88888888888889
198,3,0.0,0.0,0.0,53.245402018229164,-3.9864997069040933,210.0
19080,1,0.0,0.0,0.0,53.44734573364258,-2.7422640323638916,48.0
782652,3,0.0,0.0,0.0,53.333361307779946,-2.342557986577352,191.0
8516384,1,0.0,0.0,0.0,50.26516342163086,-5.119403839111328,-1.0
12744,5,0.0,0.0,0.0,53.736314392089845,-1.8730775833129882,135.4
1986,5,0.0,0.0,0.0,51.66307373046875,-0.9580994009971618,20.2
9393367,5,0.0,0.0,0.0,51.38196563720703,0.07827320098876953,216.0
11880,2,0.0,0.0,0.0,50.84579277038574,-0.7462334930896759,228.0
9977372,1,0.0,0.0,0.0,53.524871826171875,-1.1388070583343506,-1.0
40165,1,0.0,0.0,0.0,52.32863235473633,-0.18475300073623657,326.0
57067,2,0.0,0.0,0.0,51.896507263183594,-0.19290699809789658,138.5
48330,7,0.0,0.0,0.0,51.59096908569336,-1.713179315839495,190.28571428571428
11642926,2,0.0,0.0,0.0,52.545217514038086,-0.2280694991350174,216.5
138310,9,0.0,0.0,0.0,51.47502644856771,-0.021541333032978907,170.0
107489,1,0.0,0.0,0.0,51.44662094116211,-0.44652101397514343,-1.0
59293,10,0.0,0.0,0.0,52.441050338745114,1.591662311553955,155.1
93174,2,0.0,0.0,0.0,50.788490295410156,-1.0762764811515808,201.0
7021,2,0.0,0.0,0.0,52.51749610900879,-1.9952380061149597,125.5
612,11,0.0,0.0,0.0,52.45196949351918,-1.7762540145353838,79.18181818181819
8113,4,0.0,0.0,0.0,53.44388961791992,-2.2582151889801025,76.5
93643,19,0.0,0.0,0.0,53.497644324051706,-2.2748084695715654,149.78947368421052
64524,1,0.0,0.0,0.0,53.44992446899414,-3.001957893371582,342.0
114549,1,0.0,0.0,0.0,51.48844909667969,-0.39714300632476807,50.0
8475,2,0.0,0.0,0.0,50.38527870178223,-4.1453330516815186,45.5
8154209,1,0.0,0.0,0.0,0.0,0.0,0.0
6770490,1,0.0,0.0,0.0,51.79646682739258,-0.07393799722194672,58.0
57588,3,0.0,0.0,0.0,51.67278798421224,-3.1157613595326743,210.0
6886,1,0.0,0.0,0.0,52.70566177368164,-2.80035400390625,238.0
95675,5,0.0,0.0,0.0,51.332628631591795,1.0544391870498657,168.0
12972,6,0.0,0.0,0.0,51.78649648030599,-1.269894003868103,196.0
94454,5,0.0,0.0,0.0,51.46568832397461,-2.5720865726470947,167.8
106963,6,0.0,0.0,0.0,50.71453730265299,-3.4826755126317344,55.0
133062,1,0.0,0.0,0.0,50.71833038330078,-3.5099549293518066,354.0
25949,1,0.0,0.0,0.0,53.685916900634766,-1.497357964515686,110.0
82383,1,0.0,0.0,0.0,54.08380889892578,-0.18929800391197205,-1.0
91074,2,0.0,0.0,0.0,53.17813301086426,-1.221735954284668,264.0
10984154,11,0.0,0.0,0.0,51.39492971246893,0.06118427284739234,180.0
81559,2,0.0,0.0,0.0,52.753923416137695,0.8888669908046722,144.0
177790,1,0.0,0.0,0.0,50.43013381958008,-4.954991817474365,257.0
75064,3,0.0,0.0,0.0,53.80136362711588,-1.5567683378855388,91.66666666666667
95808,2,0.0,0.0,0.0,52.18221092224121,0.14946650341153145,66.0
8584,1,0.0,0.0,0.0,51.20181655883789,0.12852899730205536,285.0
10984226,14,0.0,0.0,0.0,51.55679375784738,0.11312550040228027,131.78571428571428
1624,9,0.0,0.0,0.0,53.382877349853516,-2.234153641594781,112.44444444444444
5482418,1,0.0,0.0,0.0,51.832435607910156,-0.17659200727939606,40.0
104061,4,0.0,0.0,0.0,51.94618511199951,-0.8183442503213882,159.0
8506,2,0.0,0.0,0.0,54.844865798950195,-1.447246491909027,191.5
2256684,5,0.0,0.0,0.0,51.4337646484375,-0.13934639990329742,171.0
109044,6,0.0,0.0,0.0,55.107231775919594,-1.5875858465830486,128.0
6532627,5,0.0,0.0,0.0,52.92679290771484,-3.34651460647583,76.4
104001,5,0.0,0.0,0.0,50.86393432617187,0.5621950030326843,96.0
5112,2,0.0,0.0,0.0,53.44825553894043,-1.3496304750442505,129.0
76765,1,0.0,0.0,0.0,53.44871520996094,-1.4011540412902832,42.0
3856328,4,0.0,0.0,0.0,51.31807613372803,-0.10992800071835518,180.0
407158,4,0.0,0.0,0.0,53.34271430969238,-2.7800352573394775,121.75
12714,1,0.0,0.0,0.0,53.710811614990234,-2.0966010093688965,197.0
66431,7,0.0,0.0,0.0,52.16665431431362,-0.34524100167410715,148.28571428571428
5982,8,0.0,0.0,0.0,50.38066291809082,-4.121356725692749,164.375
65116,1,0.0,0.0,0.0,53.67031478881836,-1.4885530471801758,346.0
29666,1,0.0,0.0,0.0,51.005821228027344,-0.10361599922180176,298.0
90249,1,0.0,0.0,0.0,53.84415817260742,-0.43165698647499084,-1.0
59276,5,0.0,0.0,0.0,53.35228500366211,-2.6839107990264894,139.0
18057,2,0.0,0.0,0.0,50.83448600769043,-0.15074799954891205,236.0
12094793,1,0.0,0.0,0.0,52.624412536621094,1.2934000492095947,50.0
10246401,6,0.0,0.0,0.0,51.59212112426758,0.21805333097775778,150.0
89740,1,0.0,0.0,0.0,54.774620056152344,-1.5717849731445312,167.0
9201,1,0.0,0.0,0.0,52.32499313354492,-2.043318033218384,120.0
11645764,2,0.0,0.0,0.0,51.51114463806152,-0.03380549978464842,112.5
6709362,1,0.0,0.0,0.0,52.410369873046875,-1.5065280199050903,180.0
5352,2,0.0,0.0,0.0,51.17443084716797,-0.5433460175991058,186.5
32397,1,0.0,0.0,0.0,50.45805358886719,-3.5114219188690186,56.0
6199,2,0.0,0.0,0.0,50.73349571228027,-1.8600280284881592,114.0
1334738,2,0.0,0.0,0.0,53.57096481323242,-1.4266830086708069,123.0
1871942,3,0.0,0.0,0.0,53.45139185587565,-2.2702479362487793,51.666666666666664
72350,2,0.0,0.0,0.0,53.809364318847656,-2.22850501537323,230.5
110325,2,0.0,0.0,0.0,53.45610427856445,-2.1145581007003784,130.0
97950,1,0.0,0.0,0.0,51.57050704956055,-4.031105995178223,323.0
38569,3,0.0,0.0,0.0,54.97073745727539,-1.4711490074793498,91.0
3877782,4,0.0,0.0,0.0,53.766526222229004,-0.33234599977731705,147.0
88874,4,0.0,0.0,0.0,50.828237533569336,-2.5046422481536865,82.5
131119,3,0.0,0.0,0.0,52.237162272135414,0.1139723335703214,208.0
11985731,5,0.0,0.0,0.0,52.473951721191405,-2.119974231719971,72.8
7502,1,0.0,0.0,0.0,50.398895263671875,-3.505765914916992,234.0
31550,1,0.0,0.0,0.0,50.75873947143555,-1.5400869846343994,251.0
58872,3,0.0,0.0,0.0,53.46294275919596,-2.9526706536610923,9.333333333333334
3206,7,0.0,0.0,0.0,50.920162200927734,-1.4066374472209386,45.57142857142857
3704028,2,0.0,0.0,0.0,50.17066192626953,-5.116804122924805,315.5
7023,3,0.0,0.0,0.0,53.305555979410805,-1.4418896436691284,280.0
86465,3,0.0,0.0,0.0,52.702737172444664,-1.286978006362915,108.33333333333333
9268,2,0.0,0.0,0.0,50.58342361450195,-3.4661189317703247,168.5
15348,2,0.0,0.0,0.0,51.660457611083984,-3.350097894668579,252.0
1437,3,0.0,0.0,0.0,36.66476821899414,-1.1092780033747356,168.0
9588,5,0.0,0.0,0.0,53.763066101074216,-0.37702480554580686,93.0
7712,1,0.0,0.0,0.0,51.92925262451172,0.08077500015497208,162.0
11316356,8,0.0,0.0,0.0,51.47425079345703,-0.11532900016754866,135.0
12221,7,0.0,0.0,0.0,50.79990441458566,-0.7814835735729763,189.42857142857142
116701,3,0.0,0.0,0.0,54.57732009887695,-1.1876259644826253,82.0
61947,3,0.0,0.0,0.0,50.37032826741537,-4.1164835294087725,118.0
115077,1,0.0,0.0,0.0,54.924442291259766,-1.5747430324554443,1.0
11652,1,0.0,0.0,0.0,51.95318603515625,-2.0619471073150635,300.0
12614,4,0.0,0.0,0.0,53.80186080932617,-1.6594062447547913,177.25
4848,1,0.0,0.0,0.0,51.080326080322266,-4.0581560134887695,0.0
12738,2,0.0,0.0,0.0,53.57977294921875,-1.7638739943504333,128.5
60892,2,0.0,0.0,0.0,51.38899230957031,-2.2186754941940308,249.5
8642477,4,0.0,0.0,0.0,51.49374294281006,-0.11860349774360657,191.25
821682,1,0.0,0.0,0.0,51.68106460571289,-2.357450008392334,192.0
7656175,1,0.0,0.0,0.0,50.90388870239258,-3.480402946472168,237.0
7133977,6,0.0,0.0,0.0,53.47486368815104,-2.264363169670105,122.83333333333333
131930,2,0.0,0.0,0.0,53.57849311828613,-0.6491569876670837,279.0
3786398,3,0.0,0.0,0.0,53.738792419433594,-0.3880613346894582,200.66666666666666
11514875,3,0.0,0.0,0.0,50.344537099202476,-4.760128974914551,110.0
1334797,2,0.0,0.0,0.0,53.57939910888672,-1.4636964797973633,72.0
92736,3,0.0,0.0,0.0,50.75816980997721,0.2747586617867152,158.66666666666666
11986,6,0.0,0.0,0.0,53.73414993286133,-1.4876213073730469,261.5
2005,4,0.0,0.0,0.0,51.66949272155762,-1.2866422533988953,116.75
76536,3,0.0,0.0,0.0,53.25817362467448,-2.4956254164377847,92.66666666666667
3454972,3,0.0,0.0,0.0,51.45590591430664,-2.593806743621826,87.33333333333333
4069231,7,0.0,0.0,0.0,51.42277799333845,-0.052164286108953614,147.85714285714286
108660,1,0.0,0.0,0.0,50.25991439819336,-5.054887771606445,5.0
13792,5,0.0,0.0,0.0,51.277367401123044,1.19894859790802,98.4
15344,1,0.0,0.0,0.0,51.701087951660156,-3.4193930625915527,198.0
6532629,1,0.0,0.0,0.0,52.87024688720703,-3.6628849506378174,215.0
102800,6,0.0,0.0,0.0,51.116970698038735,-4.095100323359172,207.0
51720,2,0.0,0.0,0.0,51.872745513916016,-2.2856314182281494,177.0
66349,4,0.0,0.0,0.0,52.21570873260498,-0.07586625218391418,223.5
24953,3,0.0,0.0,0.0,50.14663441975912,-5.518019040425618,138.0
72476,2,0.0,0.0,0.0,51.06389045715332,-4.049213409423828,318.0
23641,3,0.0,0.0,0.0,52.69281260172526,-2.7568820317586265,-1.0
4591332,2,0.0,0.0,0.0,51.779144287109375,-0.7111929953098297,166.0
17960,7,0.0,0.0,0.0,52.61375045776367,1.2231677174568176,153.85714285714286
132671,1,0.0,0.0,0.0,52.240318298339844,-1.6062530279159546,174.0
3813,3,0.0,0.0,0.0,53.392059326171875,-2.5855696201324463,103.66666666666667
32399,1,0.0,0.0,0.0,50.54825210571289,-4.147409915924072,324.0
4857,1,0.0,0.0,0.0,51.43210983276367,-2.1872398853302,-1.0
65180,3,0.0,0.0,0.0,53.36237462361654,-1.4072973330815632,-1.0
6298673,18,0.0,0.0,0.0,51.45959069993761,-0.3707832230461968,150.0
104002,2,0.0,0.0,0.0,50.870967864990234,0.5703004896640778,228.0
101221,6,0.0,0.0,0.0,53.78062629699707,-1.560187816619873,123.33333333333333
59016,7,0.0,0.0,0.0,53.39968981061663,-3.0740624836512973,119.71428571428571
5357734,4,0.0,0.0,0.0,54.79173469543457,-1.612644761800766,44.5
7743,1,0.0,0.0,0.0,51.19044494628906,0.27003800868988037,0.0
59211,6,0.0,0.0,0.0,53.409921646118164,-2.967027465502421,77.16666666666667
22943,2,0.0,0.0,0.0,52.60329055786133,-1.0817000269889832,158.0
7225,2,0.0,0.0,0.0,54.99406623840332,-1.6611435413360596,207.0
6770462,1,0.0,0.0,0.0,51.75078201293945,0.08256100118160248,122.0
89760,2,0.0,0.0,0.0,52.33362007141113,0.5744054913520813,199.5
94166,3,0.0,0.0,0.0,52.814187367757164,-1.6293986638387044,116.33333333333333
10984064,26,0.0,0.0,0.0,51.560212502112755,-0.12265503836365846,186.92307692307693
8476,3,0.0,0.0,0.0,50.4729855855306,-3.5394922892252603,58.0
91392,5,0.0,0.0,0.0,54.59444046020508,-1.292020606994629,236.4
92541,12,0.0,0.0,0.0,53.515122731526695,-2.1660079956054688,105.83333333333333
9031360,1,0.0,0.0,0.0,51.54129409790039,0.08418399840593338,225.0
132460,1,0.0,0.0,0.0,54.502437591552734,-1.5739929676055908,174.0
81199,1,0.0,0.0,0.0,51.24706268310547,0.042660001665353775,159.0
70548,2,0.0,0.0,0.0,51.61238098144531,0.5353810042142868,163.5
62545,2,0.0,0.0,0.0,52.52328872680664,-0.3697284907102585,132.0
114104,8,0.0,0.0,0.0,51.89474296569824,0.9161092340946198,170.125
14400,21,0.0,0.0,0.0,48.91752570016043,1.3382198980876379,173.14285714285714
4359,5,0.0,0.0,0.0,51.18978271484375,0.5985927939414978,178.0
9636228,2,0.0,0.0,0.0,52.24892807006836,-0.8811720013618469,207.0
3298197,2,0.0,0.0,0.0,52.01243591308594,-0.7304929792881012,24.5
39009,2,0.0,0.0,0.0,52.55475997924805,-2.1251590251922607,189.0
5305,1,0.0,0.0,0.0,51.73635482788086,0.46683400869369507,-1.0
60590,1,0.0,0.0,0.0,53.72499084472656,-1.8585560321807861,276.0
126528,2,0.0,0.0,0.0,53.75057411193848,-0.37712299823760986,48.5
69968,8,0.0,0.0,0.0,52.51887893676758,-1.9526623785495758,122.0
65477,1,0.0,0.0,0.0,50.721214294433594,-3.5018210411071777,90.0
12165,5,0.0,0.0,0.0,51.6926628112793,-0.23298799693584443,120.0
11316534,14,0.0,0.0,0.0,51.39298003060477,-0.28331364691257477,173.57142857142858
5100,5,0.0,0.0,0.0,52.06881942749023,1.1326930046081543,261.0
109467,5,0.0,0.0,0.0,51.43611297607422,-0.8942032098770142,226.0
67389,1,0.0,0.0,0.0,52.78199768066406,-1.6292790174484253,148.0
72182,1,0.0,0.0,0.0,53.78755187988281,-2.240170955657959,107.0
4663,2,0.0,0.0,0.0,51.078304290771484,-4.045842170715332,117.0
7790819,13,0.0,0.0,0.0,51.446022327129654,0.043625692693659894,225.0
133022,1,0.0,0.0,0.0,51.302364349365234,-1.0415489673614502,204.0
2712091,1,0.0,0.0,0.0,52.626190185546875,-1.7002429962158203,255.0
12771,4,0.0,0.0,0.0,53.792686462402344,-1.7703562080860138,230.25
50989,1,0.0,0.0,0.0,52.977691650390625,-1.9877920150756836,206.0
4566063,7,0.0,0.0,0.0,52.916983468191965,-1.4751091514314925,149.28571428571428
28481,9,0.0,0.0,0.0,51.68364927503798,-0.26670366774002713,153.22222222222223
6128,1,0.0,0.0,0.0,52.658653259277344,-1.1996259689331055,285.0
7698,2,0.0,0.0,0.0,52.928293228149414,-1.4345290064811707,128.0
8005038,1,0.0,0.0,0.0,54.29535675048828,-0.4163230061531067,-1.0
93369,1,0.0,0.0,0.0,51.65409851074219,-3.020375967025757,0.0
59221,3,0.0,0.0,0.0,53.39068730672201,-2.915924628575643,35.666666666666664
9473,1,0.0,0.0,0.0,50.70608901977539,-3.068021059036255,18.0
63219,2,0.0,0.0,0.0,53.50909423828125,-2.967323064804077,127.5
6384,9,0.0,0.0,0.0,50.739420572916664,-1.883346438407898,162.22222222222223
22579,4,0.0,0.0,0.0,53.83119297027588,-1.8811535239219666,105.5
108410,4,0.0,0.0,0.0,52.536380767822266,-1.9942720234394073,87.5
782627,1,0.0,0.0,0.0,53.0923957824707,-2.487924098968506,43.0
4740,1,0.0,0.0,0.0,51.71554946899414,-1.9660060405731201,324.0
61347,4,0.0,0.0,0.0,53.67775821685791,-1.472459763288498,100.0
11985692,2,0.0,0.0,0.0,52.46823310852051,-2.134568929672241,293.0
92597,9,0.0,0.0,0.0,53.553833855523,-2.1266505983140735,36.77777777777778
59209,3,0.0,0.0,0.0,53.95032755533854,-1.0981193383534749,84.66666666666667
10021,1,0.0,0.0,0.0,51.133460998535156,0.26415199041366577,270.0
82007,3,0.0,0.0,0.0,53.51327641805013,-2.466670036315918,19.0
61779,5,0.0,0.0,0.0,51.21505508422852,-0.38074019849300383,197.4
10628414,7,0.0,0.0,0.0,51.375213623046875,0.09979614189692906,115.71428571428571
93115,2,0.0,0.0,0.0,51.22800064086914,-0.791529506444931,117.0
5121,8,0.0,0.0,0.0,50.681116580963135,-1.1921897679567337,76.0
4650,4,0.0,0.0,0.0,39.17146110534668,-0.671390488743782,193.5
94854,2,0.0,0.0,0.0,53.52143096923828,-1.1373890042304993,55.0
1512206,7,0.0,0.0,0.0,50.87674985613142,-1.8113484212330409,81.71428571428571
103729,3,0.0,0.0,0.0,53.040671030680336,-2.2146799564361572,68.66666666666667
86046,4,0.0,0.0,0.0,54.60287952423096,-3.5625396966934204,90.0
138544,12,0.0,0.0,0.0,51.59417756398519,-0.08429250027984381,142.5
18202,3,0.0,0.0,0.0,52.61903381347656,1.315760334332784,161.66666666666666
15260,2,0.0,0.0,0.0,51.61745262145996,-3.9834301471710205,-1.0
7482431,2,0.0,0.0,0.0,51.810773849487305,-0.7983620166778564,117.0
133311,1,0.0,0.0,0.0,51.605228424072266,-3.3389720916748047,204.0
606,10,0.0,0.0,0.0,52.599877166748044,-2.0865129232406616,39.7
6254,3,0.0,0.0,0.0,53.18022028605143,-1.408681035041809,150.0
8036,3,0.0,0.0,0.0,53.223402659098305,-2.6629253228505454,157.0
7116,2,0.0,0.0,0.0,26.09636688232422,-0.8543614745140076,57.0
70563,5,0.0,0.0,0.0,51.572259521484376,-0.6298983931541443,208.2
9186,1,0.0,0.0,0.0,53.01966857910156,-1.3628230094909668,0.0
93111,9,0.0,0.0,0.0,51.30638461642795,-0.7618846694628397,134.66666666666666
10424007,15,0.0,0.0,0.0,51.56538467407226,-0.2037819355726242,138.0
12707,1,0.0,0.0,0.0,53.76844787597656,-1.7953660488128662,299.0
10142,1,0.0,0.0,0.0,54.007591247558594,-0.24872900545597076,340.0
131882,1,0.0,0.0,0.0,53.59052276611328,-0.6457939743995667,60.0
131879,1,0.0,0.0,0.0,53.23302459716797,-0.532600998878479,342.0
399809,1,0.0,0.0,0.0,53.37771224975586,-2.3144609928131104,18.0
6129,1,0.0,0.0,0.0,52.90969467163086,-0.6418629884719849,-1.0
132528,1,0.0,0.0,0.0,52.54389190673828,-1.4008389711380005,216.0
774722,1,0.0,0.0,0.0,53.956993103027344,-1.0925790071487427,-1.0
2332,5,0.0,0.0,0.0,51.401964569091795,-0.29714360237121584,189.0
115076,1,0.0,0.0,0.0,54.90525817871094,-1.5738240480422974,153.0
115611,4,0.0,0.0,0.0,51.90949726104736,0.8933265060186386,-1.0
535336,2,0.0,0.0,0.0,53.44611358642578,-2.0095529556274414,130.5
348805,12,0.0,0.0,0.0,51.48454666137695,0.04699975003798803,112.5
6971,3,0.0,0.0,0.0,52.05028788248698,1.1367913484573364,171.33333333333334
6532227,1,0.0,0.0,0.0,53.0478401184082,-2.9993910789489746,239.0
133101,8,0.0,0.0,0.0,50.38269758224487,-4.111585259437561,207.75
92509,1,0.0,0.0,0.0,53.526485443115234,-2.2125420570373535,286.0
4607,4,0.0,0.0,0.0,38.02828502655029,-2.5410032868385315,196.5
81204,1,0.0,0.0,0.0,51.14508819580078,-0.09043800085783005,-1.0
8326,1,0.0,0.0,0.0,50.14778518676758,-5.08712100982666,26.0
10305401,1,0.0,0.0,0.0,53.92608642578125,-1.0941369533538818,22.0
4589,3,0.0,0.0,0.0,52.06765874226888,1.1498276789983113,123.33333333333333
101546,1,0.0,0.0,0.0,54.55192184448242,-3.586174964904785,174.0
12802,1,0.0,0.0,0.0,53.6448860168457,-1.7853889465332031,102.0
30832,1,0.0,0.0,0.0,50.90716552734375,-1.413512945175171,-1.0
3108,1,0.0,0.0,0.0,50.72565460205078,-3.527129888534546,321.0
7938144,16,0.0,0.0,0.0,51.488877296447754,-0.047854562231805176,154.6875
10491,1,0.0,0.0,0.0,52.06393051147461,-1.339548945426941,0.0
25645,4,0.0,0.0,0.0,51.602787017822266,0.24776024743914604,101.25
93860,19,0.0,0.0,0.0,52.514219785991465,-1.4212804217087596,132.94736842105263
89207,1,0.0,0.0,0.0,53.34131622314453,-1.2846280336380005,85.0
9961859,1,0.0,0.0,0.0,53.21339797973633,-0.5281029939651489,126.0
3504,6,0.0,0.0,0.0,53.17244338989258,-2.471436858177185,221.0
109202,1,0.0,0.0,0.0,51.196041107177734,0.27527499198913574,-1.0
6610,4,0.0,0.0,0.0,51.917428970336914,-2.0762580037117004,216.0
91082,2,0.0,0.0,0.0,53.37563133239746,-0.9804975092411041,243.0
11755,2,0.0,0.0,0.0,52.065189361572266,1.1510370373725891,207.0
131847,3,0.0,0.0,0.0,53.147552490234375,-1.2131653626759846,268.0
5247236,1,0.0,0.0,0.0,50.961830139160156,-1.4311100244522095,-1.0
131502,9,0.0,0.0,0.0,51.35123189290365,1.3115835322274103,109.33333333333333
2252913,1,0.0,0.0,0.0,51.478858947753906,-0.6345279812812805,162.0
6595875,1,0.0,0.0,0.0,52.402069091796875,-1.499603033065796,156.0
4687,1,0.0,0.0,0.0,54.77739334106445,-1.5791579484939575,34.0
57821,1,0.0,0.0,0.0,53.74663162231445,-1.899925947189331,121.0
1438,2,0.0,0.0,0.0,54.99588394165039,-1.6635335087776184,171.0
12762,1,0.0,0.0,0.0,53.932674407958984,-1.3796650171279907,248.0
91845,3,0.0,0.0,0.0,53.545111338297524,-2.1607320308685303,51.0
1296117,3,0.0,0.0,0.0,53.60063044230143,-1.8333933353424072,141.33333333333334
108773,1,0.0,0.0,0.0,50.35661697387695,-4.4551568031311035,-1.0
18153,3,0.0,0.0,0.0,52.637404123942055,1.2875393231709797,159.0
82970,4,0.0,0.0,0.0,52.20669078826904,0.10514375008642673,63.5
1796308,5,0.0,0.0,0.0,51.76884231567383,-1.2527764081954955,94.8
12778,6,0.0,0.0,0.0,53.79521878560384,-1.7786740064620972,99.5
38078,2,0.0,0.0,0.0,53.87721824645996,-0.3079124987125397,136.5
9698686,13,0.0,0.0,0.0,51.40487289428711,0.02764323052878563,138.46153846153845
10780613,6,0.0,0.0,0.0,51.56061045328776,-0.3032560000816981,135.0
74929,4,0.0,0.0,0.0,50.74222373962402,-1.9661734998226166,64.25
4255355,1,0.0,0.0,0.0,51.46609115600586,-0.9582610130310059,264.0
10071134,7,0.0,0.0,0.0,51.53722381591797,-0.07132285780140332,173.57142857142858
58828,3,0.0,0.0,0.0,52.919395446777344,-0.07085866543153922,117.33333333333333
133094,11,0.0,0.0,0.0,50.62810724431818,-3.5142264799638228,172.9090909090909
87236,1,0.0,0.0,0.0,51.791160583496094,-0.11468800157308578,81.0
12019888,20,0.0,0.0,0.0,51.464863777160645,-0.07211290043778718,168.75
6152195,2,0.0,0.0,0.0,52.71254539489746,-2.79971706867218,172.5
101736,1,0.0,0.0,0.0,52.05521774291992,1.155122995376587,-1.0
1514023,1,0.0,0.0,0.0,54.84999084472656,-1.4870400428771973,67.0
132095,3,0.0,0.0,0.0,51.61321512858073,-1.8208400011062622,228.0
8040,1,0.0,0.0,0.0,51.20399475097656,1.3993749618530273,114.0
38251,2,0.0,0.0,0.0,53.67643165588379,-1.5064169764518738,142.5
131110,1,0.0,0.0,0.0,52.12799835205078,-0.5113099813461304,246.0
3873,7,0.0,0.0,0.0,50.7246458871024,-1.3019861664090837,71.42857142857143
8255,1,0.0,0.0,0.0,51.263919830322266,0.5083019733428955,236.0
18044,5,0.0,0.0,0.0,52.643958282470706,1.269797396659851,169.6
17631,2,0.0,0.0,0.0,51.455217361450195,-1.0432369709014893,155.0
6709368,2,0.0,0.0,0.0,52.51792335510254,-1.4679474830627441,57.0
59156,8,0.0,0.0,0.0,53.424352169036865,-2.9282946586608887,210.75
8109,1,0.0,0.0,0.0,50.970794677734375,0.2488899976015091,65.0
3103773,1,0.0,0.0,0.0,54.86485290527344,-1.4373430013656616,335.0
59018,5,0.0,0.0,0.0,53.39592056274414,-3.0673001766204835,182.2
83660,29,0.0,0.0,0.0,49.8559324330297,-0.7359956533744417,168.6206896551724
12608,1,0.0,0.0,0.0,51.894073486328125,-0.4514079988002777,329.0
89663,1,0.0,0.0,0.0,52.90938949584961,-0.6421830058097839,-1.0
92536,15,0.0,0.0,0.0,53.46456349690755,-2.3390718777974446,113.66666666666667
11325,1,0.0,0.0,0.0,51.75704574584961,-0.33406299352645874,227.0
107324,3,0.0,0.0,0.0,53.74831771850586,-0.4017663300037384,26.0
31255,1,0.0,0.0,0.0,50.76137161254883,0.20436300337314606,126.0
4016161,2,0.0,0.0,0.0,51.566932678222656,0.6795519888401031,76.0
12671,2,0.0,0.0,0.0,53.798248291015625,-1.9636819958686829,265.0
112437,1,0.0,0.0,0.0,52.59239196777344,-2.955238103866577,-1.0
80196,2,0.0,0.0,0.0,51.45677947998047,-0.4527044892311096,-1.0
10984124,12,0.0,0.0,0.0,51.643683433532715,-0.06929199925313394,138.75
5869,2,0.0,0.0,0.0,53.43582725524902,-1.358335018157959,54.0
5028,7,0.0,0.0,0.0,52.70105252947126,-1.0370148505483354,130.42857142857142
92160,1,0.0,0.0,0.0,53.614044189453125,-2.2934389114379883,264.0
2598308,2,0.0,0.0,0.0,25.618431091308594,-0.2880474925041199,0.0
6808,1,0.0,0.0,0.0,53.35529327392578,-3.0246410369873047,345.0
11466,1,0.0,0.0,0.0,50.78956985473633,-3.649293899536133,272.0
82023,3,0.0,0.0,0.0,53.58935038248698,-2.534177303314209,236.33333333333334
1719808,7,0.0,0.0,0.0,52.580862862723215,-1.9269890104021346,95.0
94875,4,0.0,0.0,0.0,53.48838996887207,-1.2106590270996094,46.75
6061478,1,0.0,0.0,0.0,52.67509460449219,-1.874945044517517,111.0
11478089,11,0.0,0.0,0.0,51.5190034346147,-0.3499367291277105,151.36363636363637
63225,4,0.0,0.0,0.0,54.828325271606445,-1.4918942749500275,179.5
132714,9,0.0,0.0,0.0,52.31320063273112,-0.8142144415113661,176.0
59169,1,0.0,0.0,0.0,52.0662956237793,-2.7032299041748047,131.0
137834,3,0.0,0.0,0.0,51.57081858317057,0.07925833264986674,150.0
7452,5,0.0,0.0,0.0,52.45936737060547,-1.93471519947052,167.6
1719807,5,0.0,0.0,0.0,52.56712951660156,-1.9406641960144042,170.8
969271,2,0.0,0.0,0.0,54.92682456970215,-1.5835679769515991,97.0
11279,1,0.0,0.0,0.0,54.299137115478516,-1.7646780014038086,93.0
80908,1,0.0,0.0,0.0,55.14411163330078,-1.5274900197982788,276.0
112701,1,0.0,0.0,0.0,52.305179595947266,-1.9449130296707153,-1.0
1260940,6,0.0,0.0,0.0,51.543003718058266,-0.45788849890232086,127.5
6757483,21,0.0,0.0,0.0,51.472160157703215,-0.08936195217427753,132.85714285714286
64159,3,0.0,0.0,0.0,53.059609731038414,-1.2697776556015015,145.33333333333334
131296,6,0.0,0.0,0.0,53.97528902689616,-2.7770998080571494,212.0
6302,2,0.0,0.0,0.0,50.944122314453125,-2.5885379314422607,38.5
11098559,3,0.0,0.0,0.0,51.67024612426758,-0.24377266565958658,84.66666666666667
8160,1,0.0,0.0,0.0,50.865264892578125,-1.4321990013122559,-1.0
17881,1,0.0,0.0,0.0,53.376678466796875,-2.596479892730713,199.0
116862,2,0.0,0.0,0.0,54.56908416748047,-1.2014594674110413,124.0
120870,1,0.0,0.0,0.0,51.356441497802734,-2.9335219860076904,65.0
6009,1,0.0,0.0,0.0,51.27734375,1.0945019721984863,78.0
81997,10,0.0,0.0,0.0,53.57139091491699,-2.3523092031478883,59.1
5327,1,0.0,0.0,0.0,53.3097038269043,-3.739250898361206,-1.0
86056,2,0.0,0.0,0.0,54.870018005371094,-3.021811604499817,144.0
9428,1,0.0,0.0,0.0,51.07680892944336,-4.061206817626953,66.0
3752,13,0.0,0.0,0.0,55.003626309908356,-1.6057895238582904,161.53846153846155
383356,1,0.0,0.0,0.0,52.75369644165039,-1.1470810174942017,234.0
5983961,1,0.0,0.0,0.0,54.92127227783203,-1.8136099576950073,186.0
12765,2,0.0,0.0,0.0,53.81736946105957,-1.7646549940109253,165.5
10157,1,0.0,0.0,0.0,50.72792434692383,-3.531486988067627,-1.0
10984236,8,0.0,0.0,0.0,51.520301818847656,-0.03388962510507554,140.625
2860414,1,0.0,0.0,0.0,52.47121810913086,-2.0190889835357666,92.0
6691663,2,0.0,0.0,0.0,52.812917709350586,-2.5774155855178833,203.0
101783,4,0.0,0.0,0.0,51.487006187438965,-0.9389937520027161,162.75
19351,4,0.0,0.0,0.0,53.77705955505371,-2.317873239517212,137.75
1329,1,0.0,0.0,0.0,54.934295654296875,-2.062753915786743,331.0
103465,7,0.0,0.0,0.0,53.37034225463867,-1.4612892866134644,90.42857142857143
4927203,4,0.0,0.0,0.0,51.52469348907471,0.011409999802708626,21.5
110195,1,0.0,0.0,0.0,54.046817779541016,-2.8012750148773193,336.0
81027,3,0.0,0.0,0.0,51.371707916259766,-2.8952393531799316,242.66666666666666
91725,3,0.0,0.0,0.0,50.40066782633463,-4.147332350413005,172.66666666666666
82382,1,0.0,0.0,0.0,52.80352783203125,-1.6346850395202637,-1.0
61680,1,0.0,0.0,0.0,50.40687942504883,-4.133790016174316,186.0
78745,2,0.0,0.0,0.0,52.755401611328125,0.4007070064544678,8.5
2856003,3,0.0,0.0,0.0,54.9171396891276,-1.7068476676940918,78.33333333333333
28591,3,0.0,0.0,0.0,50.64867146809896,-1.2992740074793498,162.66666666666666
10424017,15,0.0,0.0,0.0,51.546258290608726,-0.21569280127684276,219.0
105412,2,0.0,0.0,0.0,52.24981880187988,0.7111025154590607,270.5
80562,1,0.0,0.0,0.0,51.22249984741211,1.3729820251464844,144.0
79932,2,0.0,0.0,0.0,51.33011245727539,-0.5174039900302887,161.5
53373,4,0.0,0.0,0.0,52.714141845703125,-1.368556261062622,204.5
963146,4,0.0,0.0,0.0,52.61638641357422,-1.1180982887744904,121.25
64090,1,0.0,0.0,0.0,53.689613342285156,-1.6311349868774414,-1.0
3126,4,0.0,0.0,0.0,50.7187614440918,-3.500333249568939,256.5
8723,2,0.0,0.0,0.0,53.52073860168457,-1.4691874980926514,252.0
131096,2,0.0,0.0,0.0,52.224416732788086,0.10243050009012222,213.0
3719,1,0.0,0.0,0.0,53.192787170410156,-2.881803035736084,217.0
32413,1,0.0,0.0,0.0,52.90336608886719,-0.6278839707374573,137.0
128659,17,0.0,0.0,0.0,52.44003363216625,-1.823579423567828,134.8235294117647
18422,3,0.0,0.0,0.0,52.93476104736328,-1.4698353211085002,135.33333333333334
116654,2,0.0,0.0,0.0,54.883012771606445,-1.5764245390892029,262.0
10729,4,0.0,0.0,0.0,52.13363265991211,-2.087939739227295,192.25
74928,1,0.0,0.0,0.0,50.752017974853516,-1.8411500453948975,85.0
3617,4,0.0,0.0,0.0,50.941335678100586,-1.442226529121399,135.75
9809,1,0.0,0.0,0.0,51.05107116699219,-4.122134208679199,34.0
101949,1,0.0,0.0,0.0,51.455875396728516,-2.5962889194488525,-1.0
5767,3,0.0,0.0,0.0,35.75603230794271,-0.8961666822433472,118.0
59204,2,0.0,0.0,0.0,53.44045829772949,-2.879307985305786,127.5
8491927,2,0.0,0.0,0.0,51.5120735168457,-3.706118106842041,109.5
67687,5,0.0,0.0,0.0,51.43814926147461,-0.9687757849693298,147.0
1114516,1,0.0,0.0,0.0,54.45476150512695,-0.664546012878418,179.0
10369,5,0.0,0.0,0.0,51.37749557495117,0.5645565986633301,114.0
87245,1,0.0,0.0,0.0,50.774391174316406,0.25085800886154175,0.0
8755,4,0.0,0.0,0.0,51.47978687286377,-2.5751917362213135,183.25
4615897,3,0.0,0.0,0.0,51.65573755900065,-0.4535403350989024,205.0
12019980,20,0.0,0.0,0.0,51.51115036010742,-0.13396219834685325,103.5
68742,4,0.0,0.0,0.0,52.86610412597656,-0.10371625144034624,125.75
133059,1,0.0,0.0,0.0,0.0,0.0,0.0
83214,2,0.0,0.0,0.0,53.802988052368164,-2.298272490501404,132.0
8754,5,0.0,0.0,0.0,50.37281799316406,-4.172816276550293,121.2
132918,2,0.0,0.0,0.0,51.24188232421875,-0.5497100055217743,213.0
1538,4,0.0,0.0,0.0,55.067137718200684,-2.8834915161132812,96.0
68781,1,0.0,0.0,0.0,52.70417785644531,-2.747870922088623,-1.0
92598,4,0.0,0.0,0.0,53.48293685913086,-2.187134563922882,51.25
7391,1,0.0,0.0,0.0,51.12349319458008,1.2965519428253174,67.0
5834718,4,0.0,0.0,0.0,51.62003040313721,-0.20295375213027,247.5
102045,5,0.0,0.0,0.0,53.81813125610351,-3.024432563781738,90.6
112571,6,0.0,0.0,0.0,51.73878288269043,-1.2236420313517253,89.33333333333333
9340,20,0.0,0.0,0.0,51.48871326446533,-0.28674410209059714,166.5
4043,1,0.0,0.0,0.0,50.991172790527344,-0.10349799692630768,230.0
8642459,14,0.0,0.0,0.0,51.49788611275809,-0.07050735742918082,170.35714285714286
4449,1,0.0,0.0,0.0,53.25944519042969,-2.123100996017456,-1.0
58830,2,0.0,0.0,0.0,53.14559364318848,-0.3570054918527603,64.0
9041865,5,0.0,0.0,0.0,51.80710372924805,0.7324674010276795,83.0
104020,6,0.0,0.0,0.0,52.906215031941734,-1.4502238233884175,144.5
61697,1,0.0,0.0,0.0,50.633750915527344,-4.365001201629639,17.0
65495,2,0.0,0.0,0.0,50.72377967834473,-3.513804078102112,213.0
80762,1,0.0,0.0,0.0,51.01607894897461,-4.201200008392334,114.0
82974,2,0.0,0.0,0.0,51.89088821411133,-0.19556549936532974,163.5
58862,5,0.0,0.0,0.0,53.40207290649414,-2.909185028076172,69.6
133018,3,0.0,0.0,0.0,34.137804667154946,-0.6825420061747233,170.0
1110075,1,0.0,0.0,0.0,52.055912017822266,-2.6973249912261963,68.0
12094792,3,0.0,0.0,0.0,52.622450510660805,1.3174116611480713,96.0
11645887,11,0.0,0.0,0.0,51.48385169289329,-0.09305463595823808,143.1818181818182
3436069,3,0.0,0.0,0.0,53.02022171020508,-0.9984869956970215,-1.0
10348,21,0.0,0.0,0.0,53.48179208664667,-2.3402762413024902,113.14285714285714
56631,4,0.0,0.0,0.0,51.85081958770752,-1.802459478378296,97.0
61358,3,0.0,0.0,0.0,51.68218485514323,-0.6265506744384766,263.3333333333333
109273,3,0.0,0.0,0.0,51.94944508870443,-0.5846753418445587,175.66666666666666
94819,4,0.0,0.0,0.0,53.54419994354248,-2.6491289734840393,106.5
120639,2,0.0,0.0,0.0,51.386260986328125,-2.359613537788391,-1.0
107952,4,0.0,0.0,0.0,51.04187202453613,1.096927985548973,162.0
133116,3,0.0,0.0,0.0,50.47916920979818,-3.534996271133423,116.0
6026,1,0.0,0.0,0.0,50.37050247192383,-4.138956069946289,44.0
117886,2,0.0,0.0,0.0,55.00663757324219,-1.6198714971542358,263.5
3856330,2,0.0,0.0,0.0,51.36433410644531,-0.11821199953556061,90.0
4042,1,0.0,0.0,0.0,51.87510681152344,0.5752739906311035,138.0
133006,3,0.0,0.0,0.0,51.26487477620443,-1.1225993235905964,154.0
5582,5,0.0,0.0,0.0,51.90783843994141,-2.0964941501617433,230.4
10983816,20,0.0,0.0,0.0,51.48282527923584,-0.0663702005520463,139.5
10884728,7,0.0,0.0,0.0,51.500157492501394,-0.2486749972615923,109.28571428571429
6061580,1,0.0,0.0,0.0,53.079986572265625,-2.446536064147949,225.0
4340,2,0.0,0.0,0.0,51.62333297729492,-3.9520649909973145,123.5
6012,3,0.0,0.0,0.0,51.259413401285805,0.47915101051330566,39.0
54228,3,0.0,0.0,0.0,51.69374974568685,0.6682539979616801,83.66666666666667
3806,12,0.0,0.0,0.0,53.697001139322914,-2.466877559820811,137.5
1515627,1,0.0,0.0,0.0,52.379852294921875,-2.2542600631713867,250.0
9393312,16,0.0,0.0,0.0,51.50710344314575,-0.1863297512754798,177.1875
851,2,0.0,0.0,0.0,52.68940353393555,-1.1830555200576782,135.0
131760,1,0.0,0.0,0.0,53.22669219970703,-0.538087010383606,348.0
121118,2,0.0,0.0,0.0,51.68354415893555,-4.853076457977295,261.5
131159,1,0.0,0.0,0.0,54.11202621459961,-3.2279770374298096,48.0
3581,3,0.0,0.0,0.0,51.23929087320963,-0.5879666407903036,-1.0
6261,1,0.0,0.0,0.0,51.06273651123047,-0.33273300528526306,-1.0
23188,1,0.0,0.0,0.0,51.115699768066406,-0.18807600438594818,-1.0
19407,4,0.0,0.0,0.0,53.52872276306152,-2.1294519901275635,64.75
6516857,1,0.0,0.0,0.0,51.016422271728516,-3.840409994125366,342.0
55597,3,0.0,0.0,0.0,51.701663970947266,-1.352340300877889,-1.0
2546845,1,0.0,0.0,0.0,52.25867462158203,0.8089069724082947,272.0
51059,2,0.0,0.0,0.0,53.449745178222656,-2.7292754650115967,241.0
353831,2,0.0,0.0,0.0,53.378028869628906,-2.8799870014190674,137.0
5292,2,0.0,0.0,0.0,53.19214057922363,-0.46707549691200256,189.0
132413,5,0.0,0.0,0.0,32.941488647460936,-0.8548243999481201,79.2
1321,2,0.0,0.0,0.0,54.963191986083984,-1.7455755472183228,98.0
81029,1,0.0,0.0,0.0,51.321372985839844,-2.8353469371795654,346.0
96105,3,0.0,0.0,0.0,55.01562627156576,-1.6753950119018555,216.0
80529,1,0.0,0.0,0.0,51.19078063964844,0.27042898535728455,-1.0
118179,10,0.0,0.0,0.0,51.998697662353514,-0.7045499980449677,142.3
34201,3,0.0,0.0,0.0,52.69276809692383,-1.9802809953689575,111.0
73303,4,0.0,0.0,0.0,53.82322692871094,-1.552660971879959,34.5
2028,1,0.0,0.0,0.0,51.38441848754883,-0.7948039770126343,79.0
59233,10,0.0,0.0,0.0,53.644866943359375,-2.98847382068634,106.1
242007,1,0.0,0.0,0.0,52.12620162963867,-1.6177940368652344,216.0
399699,5,0.0,0.0,0.0,53.463523864746094,-2.2300860404968263,101.2
76938,6,0.0,0.0,0.0,51.38653755187988,0.7605988184611002,105.33333333333333
10424023,13,0.0,0.0,0.0,51.542437039888824,-0.18946007581857535,162.69230769230768
80275,2,0.0,0.0,0.0,51.094839096069336,-1.7656049728393555,132.5
80895,1,0.0,0.0,0.0,51.38495635986328,0.5245879888534546,-1.0
12212527,2,0.0,0.0,0.0,51.65020179748535,0.2787435054779053,328.0
3733,4,0.0,0.0,0.0,50.66573524475098,-2.0266910195350647,47.25
8154217,2,0.0,0.0,0.0,53.92950439453125,-2.1995829343795776,288.0
12749,1,0.0,0.0,0.0,53.55730438232422,-1.819437026977539,5.0
114359,4,0.0,0.0,0.0,50.825608253479004,0.2745799943804741,138.0
12303,3,0.0,0.0,0.0,33.86758931477865,-0.5524836579958597,96.0
39373,1,0.0,0.0,0.0,53.30924606323242,-0.9481580257415771,180.0
8965,5,0.0,0.0,0.0,51.367314147949216,0.5330780029296875,96.2
60896,2,0.0,0.0,0.0,51.66979217529297,-0.8608194887638092,67.0
8783,1,0.0,0.0,0.0,50.95502471923828,-4.135368824005127,0.0
14883,2,0.0,0.0,0.0,50.85652160644531,0.004632500000298023,70.5
3728826,1,0.0,0.0,0.0,51.622955322265625,-3.9184679985046387,169.0
94883,7,0.0,0.0,0.0,53.42591803414481,-1.3095732757023402,174.14285714285714
94876,3,0.0,0.0,0.0,53.53167215983073,-1.0763516426086426,127.33333333333333
128629,6,0.0,0.0,0.0,52.542494455973305,-2.0441436767578125,114.5
77357,1,0.0,0.0,0.0,51.79079055786133,-3.2219491004943848,324.0
8935,2,0.0,0.0,0.0,51.37808418273926,0.5277654826641083,32.0
18181,2,0.0,0.0,0.0,51.31191062927246,-0.3063945025205612,235.0
6518,1,0.0,0.0,0.0,51.014583587646484,-3.103116989135742,-1.0
7545356,2,0.0,0.0,0.0,54.580387115478516,-3.5487265586853027,186.0
239321,1,0.0,0.0,0.0,52.08877944946289,-1.8506720066070557,233.0
9143068,4,0.0,0.0,0.0,51.72060585021973,0.5154257416725159,101.75
132877,16,0.0,0.0,0.0,50.817330837249756,-1.0646576806902885,184.125
61058,1,0.0,0.0,0.0,52.192684173583984,-1.7043739557266235,264.0
53036,2,0.0,0.0,0.0,55.02449989318848,-1.477382481098175,154.0
32349,1,0.0,0.0,0.0,51.145057678222656,-3.5382790565490723,-1.0
9590,1,0.0,0.0,0.0,51.79396057128906,-3.988858938217163,-1.0
14815,4,0.0,0.0,0.0,51.30550479888916,-0.5808382630348206,49.5
46243,4,0.0,0.0,0.0,52.484801292419434,-1.3783735036849976,133.0
12352,6,0.0,0.0,0.0,53.757184982299805,-1.6582379937171936,147.66666666666666
4362,2,0.0,0.0,0.0,52.04843521118164,1.1427105069160461,98.5
11557360,1,0.0,0.0,0.0,53.14019012451172,-0.4149850010871887,151.0
1253920,2,0.0,0.0,0.0,52.213069915771484,0.12695599719882011,69.0
12019912,13,0.0,0.0,0.0,51.466310060941254,0.10612423001573636,141.92307692307693
50007,2,0.0,0.0,0.0,54.29779243469238,-1.8143234848976135,73.0
10070820,13,0.0,0.0,0.0,51.37107907808744,-0.1936105375106518,148.84615384615384
4885,3,0.0,0.0,0.0,51.003065745035805,-3.1509780089060464,138.66666666666666
59256,1,0.0,0.0,0.0,53.451171875,-1.9872030019760132,237.0
128715,8,0.0,0.0,0.0,52.488967418670654,-2.1242506206035614,74.0
131092,4,0.0,0.0,0.0,52.24793338775635,0.06379000144079328,169.5
9677,2,0.0,0.0,0.0,51.2833251953125,-2.4880815744400024,-1.0
132382,6,0.0,0.0,0.0,54.54966036478678,-1.2495698134104412,113.0
94870,1,0.0,0.0,0.0,53.53899383544922,-1.0904940366744995,87.0
158211,2,0.0,0.0,0.0,50.76674270629883,0.28281649947166443,162.0
3983482,2,0.0,0.0,0.0,52.04256057739258,0.7298775017261505,80.5
120811,4,0.0,0.0,0.0,51.375054359436035,-2.7827805280685425,88.5
95678,5,0.0,0.0,0.0,51.30961990356445,1.0998824119567872,141.6
6311,13,0.0,0.0,0.0,51.977494753324066,-0.6317315422571622,162.92307692307693
38750,7,0.0,0.0,0.0,52.44393866402762,-1.837668435914176,118.42857142857143
563550,2,0.0,0.0,0.0,53.38266181945801,-2.0644984245300293,170.0
63067,1,0.0,0.0,0.0,53.373779296875,-3.0436151027679443,250.0
77195,4,0.0,0.0,0.0,53.794426918029785,-1.4491915106773376,81.25
133271,3,0.0,0.0,0.0,51.58749771118164,-3.4977672894795737,184.0
12172,17,0.0,0.0,0.0,49.97158072976505,-1.1378167166429407,174.0
66606,1,0.0,0.0,0.0,53.490596771240234,-2.096801996231079,296.0
92147,2,0.0,0.0,0.0,53.60227394104004,-2.2539525032043457,161.5
4279893,1,0.0,0.0,0.0,51.91844940185547,-0.6603999733924866,187.0
5264,3,0.0,0.0,0.0,50.40214284261068,-4.125041166941325,129.33333333333334
82001,1,0.0,0.0,0.0,53.49174118041992,-2.5251400470733643,167.0
4724,1,0.0,0.0,0.0,51.57295227050781,-3.584980010986328,-1.0
12638,1,0.0,0.0,0.0,53.38565444946289,-3.0576930046081543,336.0
8642428,11,0.0,0.0,0.0,51.4155519658869,-0.12032854692502455,163.63636363636363
5363,3,0.0,0.0,0.0,50.371072133382164,-4.137499650319417,81.33333333333333
3698,8,0.0,0.0,0.0,50.38252401351929,-4.12992262840271,139.25
138456,11,0.0,0.0,0.0,51.576515197753906,0.10054100101644342,110.45454545454545
9432,1,0.0,0.0,0.0,55.004852294921875,-1.5464529991149902,117.0
107422,1,0.0,0.0,0.0,53.844139099121094,-0.431318998336792,102.0
61751,2,0.0,0.0,0.0,53.09267616271973,-0.07276150118559599,-1.0
6948231,1,0.0,0.0,0.0,51.52289581298828,-0.7191410064697266,82.0
11596,11,0.0,0.0,0.0,51.89000563188033,-2.1269416375593706,187.63636363636363
2140821,1,0.0,0.0,0.0,52.555484771728516,-1.197172999382019,183.0
17848,2,0.0,0.0,0.0,51.44977378845215,-0.9785640239715576,117.0
12020263,16,0.0,0.0,0.0,51.520655155181885,-0.09014168754220009,154.6875
39384,3,0.0,0.0,0.0,53.44015248616537,-0.918695350488027,152.0
3791868,2,0.0,0.0,0.0,52.611175537109375,-1.1610174775123596,171.0
133063,4,0.0,0.0,0.0,50.46027183532715,-3.5528337359428406,225.0
8828918,1,0.0,0.0,0.0,52.13482666015625,-3.0024349689483643,-1.0
113228,1,0.0,0.0,0.0,50.93859100341797,-0.02188500016927719,137.0
9313,1,0.0,0.0,0.0,50.62914276123047,-4.354551792144775,-1.0
92514,11,0.0,0.0,0.0,53.46923758766868,-2.2465443827889184,89.81818181818181
117472,2,0.0,0.0,0.0,52.55967140197754,-2.4445855617523193,4.5
131817,3,0.0,0.0,0.0,53.175636291503906,-1.1748820145924885,70.0
1110081,2,0.0,0.0,0.0,52.05346488952637,-2.714014410972595,89.5
81987,1,0.0,0.0,0.0,53.49236297607422,-2.353924036026001,57.0
3571093,2,0.0,0.0,0.0,26.13751792907715,-0.7871339917182922,57.0
41133,1,0.0,0.0,0.0,53.20137023925781,-3.0135650634765625,125.0
51285,4,0.0,0.0,0.0,51.31204605102539,-2.251752495765686,95.25
116753,6,0.0,0.0,0.0,54.78768793741862,-1.5716609954833984,112.83333333333333
3943598,3,0.0,0.0,0.0,51.306402842203774,-0.7351903319358826,172.33333333333334
104978,9,0.0,0.0,0.0,53.39164182874892,-1.4246380064222548,120.77777777777777
110621,1,0.0,0.0,0.0,53.40867614746094,-2.1631739139556885,-1.0
10650267,1,0.0,0.0,0.0,53.729183197021484,-2.4724090099334717,-1.0
5063,2,0.0,0.0,0.0,52.49493217468262,-1.299853503704071,205.0
60496,1,0.0,0.0,0.0,51.34776306152344,0.5332090258598328,13.0
2137,2,0.0,0.0,0.0,50.90157890319824,-0.165181003510952,236.0
6147,4,0.0,0.0,0.0,51.758440017700195,-3.37789249420166,157.5
92518,4,0.0,0.0,0.0,53.55270004272461,-2.0925315022468567,62.5
6551,3,0.0,0.0,0.0,51.260430653889976,0.5409543116887411,133.66666666666666
102347,3,0.0,0.0,0.0,53.38335673014323,-1.4335936705271404,64.66666666666667
107026,4,0.0,0.0,0.0,51.85346031188965,0.10953824780881405,-1.0
782649,1,0.0,0.0,0.0,53.257843017578125,-2.1279709339141846,358.0
57061,4,0.0,0.0,0.0,51.906113624572754,-0.17271200194954872,236.0
10161795,1,0.0,0.0,0.0,52.24568176269531,0.40580299496650696,-1.0
86269,1,0.0,0.0,0.0,0.0,0.0,0.0
128731,16,0.0,0.0,0.0,52.56942391395569,-2.1284182965755463,76.25
7650,11,0.0,0.0,0.0,51.75687026977539,-0.02360045450570231,141.54545454545453
131068,8,0.0,0.0,0.0,52.20751953125,0.14488674886524677,149.25
60064,1,0.0,0.0,0.0,51.485897064208984,-2.1931710243225098,330.0
17905,5,0.0,0.0,0.0,51.46498794555664,-1.0054988026618958,249.0
131940,2,0.0,0.0,0.0,53.15171432495117,0.32849350571632385,225.0
81249,2,0.0,0.0,0.0,51.21333312988281,-0.005972999148070812,123.0
132592,1,0.0,0.0,0.0,52.010215759277344,-1.692803978919983,210.0
7044,8,0.0,0.0,0.0,51.44330644607544,-2.572661519050598,140.75
131892,3,0.0,0.0,0.0,53.58202234903971,-0.6523353457450867,112.0
14171,1,0.0,0.0,0.0,53.83390426635742,-1.77839994430542,81.0
133609,4,0.0,0.0,0.0,53.51653861999512,-1.4584090113639832,138.0
7949958,2,0.0,0.0,0.0,53.872907638549805,-1.4482849836349487,157.0
78705,2,0.0,0.0,0.0,50.42292404174805,-5.049086570739746,-1.0
10983862,13,0.0,0.0,0.0,51.459928659292366,-0.13617438364487428,124.61538461538461
9906,3,0.0,0.0,0.0,34.63139979044596,-0.8778676589330038,104.0
131535,2,0.0,0.0,0.0,50.80446243286133,0.3024885058403015,144.0
113988,2,0.0,0.0,0.0,54.290910720825195,-0.4046289920806885,269.5
99503,13,0.0,0.0,0.0,51.444464463454025,0.2797790731375034,137.84615384615384
102176,1,0.0,0.0,0.0,54.10445022583008,-0.18798600137233734,25.0
4799,3,0.0,0.0,0.0,51.29516474405924,-2.318424622217814,94.33333333333333
3367275,2,0.0,0.0,0.0,51.416709899902344,-0.48729299008846283,117.5
29484,1,0.0,0.0,0.0,52.245826721191406,0.4060930013656616,82.0
7793,1,0.0,0.0,0.0,51.99562454223633,-2.156074047088623,294.0
132924,3,0.0,0.0,0.0,51.16425704956055,-0.5156603256861368,152.0
8602348,3,0.0,0.0,0.0,53.782246907552086,-0.3767550090948741,-1.0
131155,6,0.0,0.0,0.0,54.11321449279785,-3.2324126958847046,119.0
6772426,1,0.0,0.0,0.0,50.64091110229492,-3.3963100910186768,58.0
43980,5,0.0,0.0,0.0,53.35416107177734,-3.0156875610351563,165.6
117937,1,0.0,0.0,0.0,55.596466064453125,-1.8264700174331665,115.0
96860,2,0.0,0.0,0.0,51.57672119140625,0.46195100247859955,-0.5
111578,6,0.0,0.0,0.0,50.912288665771484,-1.3812425136566162,171.66666666666666
132827,2,0.0,0.0,0.0,50.81084060668945,-0.8039965033531189,135.0
6595909,1,0.0,0.0,0.0,52.37306594848633,-1.2605550289154053,90.0
64885,1,0.0,0.0,0.0,52.86075973510742,-0.3852109909057617,-1.0
115994,3,0.0,0.0,0.0,53.31293869018555,-3.4629429976145425,16.333333333333332
1399,2,0.0,0.0,0.0,54.969316482543945,-1.6187645196914673,-1.0
103759,2,0.0,0.0,0.0,52.07810974121094,-0.860837996006012,201.0
132615,4,0.0,0.0,0.0,52.24875259399414,-0.8774662613868713,135.0
30866,8,0.0,0.0,0.0,51.84695053100586,-2.2382955849170685,166.5
9238,2,0.0,0.0,0.0,51.645423889160156,-3.45148503780365,183.0
62407,5,0.0,0.0,0.0,51.42671127319336,-0.9722882151603699,173.8
57063,2,0.0,0.0,0.0,51.913211822509766,-0.19303599745035172,135.0
107852,3,0.0,0.0,0.0,52.21029790242513,0.024757000307242077,86.0
1757959,7,0.0,0.0,0.0,51.893345969063894,-0.47032699840409414,99.28571428571429
5136,2,0.0,0.0,0.0,53.028411865234375,-3.029120922088623,277.5
109508,4,0.0,0.0,0.0,51.78870105743408,-3.2008461952209473,198.0
112832,2,0.0,0.0,0.0,52.2439079284668,0.6108934879302979,248.5
6770370,1,0.0,0.0,0.0,51.75865936279297,0.13228699564933777,340.0
3468,7,0.0,0.0,0.0,54.949793679373606,-1.6026027032307215,157.42857142857142
4354074,2,0.0,0.0,0.0,53.70779991149902,-1.3181304931640625,-1.0
6377,3,0.0,0.0,0.0,50.36606979370117,-4.108277320861816,146.0
5413,1,0.0,0.0,0.0,53.5906867980957,-0.6445419788360596,66.0
59816,3,0.0,0.0,0.0,51.124490102132164,0.2671206593513489,-1.0
2103073,1,0.0,0.0,0.0,50.85371780395508,-1.573287010192871,4.0
80904,2,0.0,0.0,0.0,51.38217353820801,0.5227760076522827,87.0
3983481,2,0.0,0.0,0.0,52.028778076171875,0.7742984890937805,98.5
10299,2,0.0,0.0,0.0,51.40976333618164,-0.7526150047779083,286.0
9490,4,0.0,0.0,0.0,51.42875862121582,-0.5444450080394745,112.0
34553,3,0.0,0.0,0.0,50.33130772908529,-3.752147992451986,112.66666666666667
346,3,0.0,0.0,0.0,52.47487258911133,1.6137800216674805,52.0
4914,1,0.0,0.0,0.0,52.60966110229492,-1.132612943649292,293.0
80822,3,0.0,0.0,0.0,51.39079920450846,-0.4475783308347066,140.66666666666666
106794,1,0.0,0.0,0.0,53.750770568847656,-2.3731579780578613,126.0
10884927,14,0.0,0.0,0.0,51.440646580287385,0.012891285503948373,170.35714285714286
2437,1,0.0,0.0,0.0,51.5362663269043,-3.2061989307403564,180.0
70687,1,0.0,0.0,0.0,50.37957000732422,-4.0184478759765625,264.0
6757532,8,0.0,0.0,0.0,51.47700357437134,-0.057034125085920095,140.625
4385,5,0.0,0.0,0.0,50.9128776550293,-1.4434650182723998,35.0
106796,1,0.0,0.0,0.0,53.75595474243164,-2.3810079097747803,285.0
94861,2,0.0,0.0,0.0,53.536428451538086,-1.1536830067634583,-1.0
9629932,3,0.0,0.0,0.0,51.44113032023112,0.33092200756073,103.66666666666667
18797,8,0.0,0.0,0.0,51.63490629196167,-0.9151519984006882,197.0
9689,1,0.0,0.0,0.0,51.7115592956543,-0.6083580255508423,19.0
97029,1,0.0,0.0,0.0,50.836795806884766,-0.7807180285453796,-1.0
1945241,11,0.0,0.0,0.0,51.52128427678888,0.01620309092951092,143.1818181818182
103682,1,0.0,0.0,0.0,51.68875503540039,-1.271136999130249,-1.0
10786123,2,0.0,0.0,0.0,54.57456016540527,-1.2394559979438782,-1.0
33331,1,0.0,0.0,0.0,50.79594421386719,-1.4778510332107544,33.0
87621,2,0.0,0.0,0.0,53.09589385986328,-2.2341350317001343,175.0
15530,1,0.0,0.0,0.0,50.39695739746094,-3.556339979171753,132.0
2023815,1,0.0,0.0,0.0,53.08555603027344,-1.5724719762802124,165.0
9467052,1,0.0,0.0,0.0,50.94956970214844,-2.6177749633789062,68.0
25109,1,0.0,0.0,0.0,52.06495666503906,1.1190910339355469,61.0
11729,8,0.0,0.0,0.0,54.96679353713989,-1.8250488489866257,21.875
128628,6,0.0,0.0,0.0,52.54456329345703,-2.0430314938227334,83.33333333333333
5944,2,0.0,0.0,0.0,53.396034240722656,-2.6356149911880493,300.0
67396,3,0.0,0.0,0.0,52.787156422932945,-1.5797380208969116,142.66666666666666
1523518,1,0.0,0.0,0.0,52.03041458129883,-2.86537504196167,39.0
9629939,2,0.0,0.0,0.0,51.44520568847656,0.2861595004796982,196.5
100954,2,0.0,0.0,0.0,52.641937255859375,-1.8962685465812683,183.0
72967,4,0.0,0.0,0.0,53.77711200714111,-2.69963002204895,117.5
399729,2,0.0,0.0,0.0,53.46384048461914,-2.176260471343994,53.0
98317,1,0.0,0.0,0.0,52.29168701171875,0.05441400036215782,205.0
66742,1,0.0,0.0,0.0,51.277645111083984,-0.5638530254364014,42.0
175,3,0.0,0.0,0.0,53.32852045694987,-3.4518099625905356,139.0
6770481,1,0.0,0.0,0.0,51.79667663574219,-0.08012499660253525,301.0
9292,6,0.0,0.0,0.0,51.60876274108887,-0.016528666329880554,135.0
10632642,5,0.0,0.0,0.0,51.539179992675784,0.6535153865814209,177.6
3841920,3,0.0,0.0,0.0,54.257537841796875,-0.41090233127276105,111.0
131968,2,0.0,0.0,0.0,53.30440139770508,-1.121638000011444,216.0
69980,6,0.0,0.0,0.0,51.48984591166178,-2.576422611872355,136.83333333333334
26864,5,0.0,0.0,0.0,52.64157333374023,-1.1713566064834595,112.6
10965799,1,0.0,0.0,0.0,51.91046142578125,-0.4154829978942871,199.0
12020068,7,0.0,0.0,0.0,51.360203334263396,-0.14626171120575496,141.42857142857142
58347,1,0.0,0.0,0.0,53.557090759277344,-1.1811139583587646,318.0
80268,4,0.0,0.0,0.0,53.84248161315918,-1.7666952908039093,18.5
95543,1,0.0,0.0,0.0,52.33739471435547,-1.9535470008850098,199.0
1041321,1,0.0,0.0,0.0,52.188690185546875,-2.2312049865722656,228.0
92522,2,0.0,0.0,0.0,53.5402717590332,-2.085224986076355,35.5
13104,1,0.0,0.0,0.0,52.5965576171875,-1.98716402053833,346.0
81784,2,0.0,0.0,0.0,53.32739067077637,-1.622224509716034,123.0
3132888,4,0.0,0.0,0.0,52.918763160705566,-1.4844257533550262,153.5
4429824,9,0.0,0.0,0.0,51.60193761189779,0.029281333373445604,145.0
7930,4,0.0,0.0,0.0,52.99105167388916,-2.13425076007843,223.5
6303,1,0.0,0.0,0.0,51.709896087646484,-1.9518100023269653,0.0
3449837,3,0.0,0.0,0.0,51.74984995524088,-0.3845439950625102,129.0
9393160,9,0.0,0.0,0.0,51.48611068725586,-0.07480211100644535,205.0
58919,5,0.0,0.0,0.0,53.38473739624023,-2.8129451751708983,166.2
7913,2,0.0,0.0,0.0,53.751556396484375,-2.401795983314514,157.5
5482,7,0.0,0.0,0.0,52.4880747113909,-1.9884652921131678,82.42857142857143
121365,5,0.0,0.0,0.0,51.704463958740234,-4.147744607925415,155.4
114980,1,0.0,0.0,0.0,51.611602783203125,-0.4245220124721527,290.0
89763,1,0.0,0.0,0.0,52.247886657714844,0.7107459902763367,212.0
80574,1,0.0,0.0,0.0,50.78862762451172,-1.6116390228271484,168.0
11645879,21,0.0,0.0,0.0,51.486814589727494,-0.1032963806674594,137.14285714285714
128648,8,0.0,0.0,0.0,52.613784313201904,-1.9650181084871292,86.0
9850,2,0.0,0.0,0.0,50.27610206604004,-5.147839546203613,38.0
68085,1,0.0,0.0,0.0,52.75548553466797,-1.6548399925231934,114.0
104657,1,0.0,0.0,0.0,53.07154083251953,-2.16776704788208,-1.0
177697,1,0.0,0.0,0.0,50.66221237182617,-4.380914211273193,35.0
132443,9,0.0,0.0,0.0,54.89804161919488,-1.41385022799174,165.33333333333334
1975,2,0.0,0.0,0.0,52.058937072753906,-1.3499845266342163,201.0
85216,2,0.0,0.0,0.0,51.901716232299805,-0.2129245027899742,-1.0
112175,3,0.0,0.0,0.0,52.73649215698242,-2.0529146989186606,206.0
8647070,3,0.0,0.0,0.0,51.80981699625651,0.15121533224980035,100.33333333333333
782671,1,0.0,0.0,0.0,53.056636810302734,-2.2062389850616455,16.0
9021,1,0.0,0.0,0.0,51.41498947143555,-0.7644510269165039,304.0
10336115,4,0.0,0.0,0.0,50.741981506347656,-1.7136994898319244,77.75
91385,1,0.0,0.0,0.0,50.7343864440918,-3.456831932067871,312.0
2577488,1,0.0,0.0,0.0,51.543296813964844,-0.3454590141773224,0.0
103168,7,0.0,0.0,0.0,47.146574292864116,-1.4142234325408936,92.57142857142857
65478,3,0.0,0.0,0.0,50.80550893147787,-3.5016313393910727,68.0
59158,5,0.0,0.0,0.0,53.382816314697266,-2.8974395751953126,171.8
131761,5,0.0,0.0,0.0,53.2164909362793,-0.5436125993728638,124.8
6350,4,0.0,0.0,0.0,51.19889259338379,0.5190352350473404,180.0
331082,2,0.0,0.0,0.0,52.91475486755371,-1.2581264972686768,159.0
101320,1,0.0,0.0,0.0,55.16942596435547,-1.6911309957504272,265.0
93637,4,0.0,0.0,0.0,51.460028648376465,-0.9992457628250122,195.25
88511,4,0.0,0.0,0.0,54.54941272735596,-1.2843617498874664,146.0
92112,1,0.0,0.0,0.0,52.476654052734375,-0.9189649820327759,138.0
93892,1,0.0,0.0,0.0,53.764183044433594,-0.2932420074939728,0.0
86071,2,0.0,0.0,0.0,54.09723091125488,-2.7464109659194946,225.0
78785,2,0.0,0.0,0.0,53.48930358886719,-2.080180525779724,272.5
5516,2,0.0,0.0,0.0,50.744346618652344,-1.9070770144462585,75.0
102254,1,0.0,0.0,0.0,52.664066314697266,0.16324099898338318,343.0
3120563,1,0.0,0.0,0.0,52.639923095703125,-1.1417579650878906,154.0
66434,3,0.0,0.0,0.0,51.09866587320963,-4.117472012837728,122.0
8391,7,0.0,0.0,0.0,53.734444754464285,-0.12333385646343231,50.142857142857146
348503,12,0.0,0.0,0.0,51.4904842376709,-0.07097108196467161,120.0
3201,5,0.0,0.0,0.0,50.923241424560544,-1.3938883781433105,157.2
78021,2,0.0,0.0,0.0,51.133840560913086,0.8587389886379242,69.0
39036,1,0.0,0.0,0.0,51.3337516784668,-2.2994449138641357,124.0
682,1,0.0,0.0,0.0,52.1876106262207,0.07337599992752075,215.0
8122,1,0.0,0.0,0.0,53.39104461669922,-2.594391107559204,-1.0
101255,1,0.0,0.0,0.0,52.1376953125,-0.4722749888896942,90.0
7227225,1,0.0,0.0,0.0,52.39554977416992,0.24292199313640594,218.0
76209,1,0.0,0.0,0.0,50.414005279541016,-5.069796085357666,99.0
3899,4,0.0,0.0,0.0,52.6245756149292,-1.1592572331428528,134.75
3548,3,0.0,0.0,0.0,52.904074350992836,-1.4750439723332722,145.0
132041,3,0.0,0.0,0.0,51.9549814860026,-2.180471976598104,84.0
5044,1,0.0,0.0,0.0,52.53193664550781,-1.502918004989624,306.0
4376,5,0.0,0.0,0.0,50.40210037231445,-4.183906555175781,52.4
2598310,1,0.0,0.0,0.0,51.183292388916016,-0.6254370212554932,294.0
9492781,3,0.0,0.0,0.0,54.99128087361654,-1.5751586357752483,112.0
7601,12,0.0,0.0,0.0,50.83516756693522,-0.1744765837987264,70.41666666666667
12576,1,0.0,0.0,0.0,53.79716491699219,-1.5356630086898804,-1.0
8398677,1,0.0,0.0,0.0,52.28638458251953,-2.7679879665374756,338.0
128760,11,0.0,0.0,0.0,52.53705978393555,-2.1554666215723213,45.0
109994,1,0.0,0.0,0.0,51.480838775634766,-0.4405359923839569,272.0
30534,3,0.0,0.0,0.0,53.77220026652018,-1.57321564356486,61.666666666666664
94356,8,0.0,0.0,0.0,53.420077323913574,-1.3494921177625656,79.75
103532,3,0.0,0.0,0.0,53.75926208496094,-1.5424553553263347,84.0
131334,2,0.0,0.0,0.0,54.61726951599121,-3.0795655250549316,246.0
131660,5,0.0,0.0,0.0,53.54457778930664,-0.07206579819321632,88.8
64485,1,0.0,0.0,0.0,50.68300247192383,-3.423366069793701,110.0
109507,1,0.0,0.0,0.0,52.26871871948242,-2.1448071002960205,39.0
84023,1,0.0,0.0,0.0,52.59046173095703,1.1972520351409912,235.0
131322,5,0.0,0.0,0.0,54.82172164916992,-3.144128370285034,196.8
7691504,5,0.0,0.0,0.0,51.2798355102539,-1.0789496183395386,154.8
10780634,2,0.0,0.0,0.0,51.52975273132324,-0.12145800143480301,112.5
4463,8,0.0,0.0,0.0,50.81124925613403,-0.07327312434790656,96.0
5906,3,0.0,0.0,0.0,52.59104029337565,-2.190237363179525,129.66666666666666
2802856,1,0.0,0.0,0.0,50.9354133605957,-1.4685779809951782,-1.0
574243,2,0.0,0.0,0.0,52.5392951965332,-1.9919704794883728,250.0
132546,1,0.0,0.0,0.0,52.236751556396484,-0.9118319749832153,282.0
1823624,7,0.0,0.0,0.0,53.41426249912807,-2.253030606678554,131.71428571428572
9400182,6,0.0,0.0,0.0,53.78201421101888,-3.026546518007914,202.33333333333334
131836,3,0.0,0.0,0.0,53.16325124104818,-1.13026229540507,270.0
92517,3,0.0,0.0,0.0,53.55427678426107,-2.10417373975118,113.33333333333333
7564,4,0.0,0.0,0.0,52.57227611541748,-2.049488067626953,102.0
5000,1,0.0,0.0,0.0,50.8516731262207,-1.1792420148849487,-1.0
5541,8,0.0,0.0,0.0,53.764034271240234,-2.486297369003296,100.0
5804773,5,0.0,0.0,0.0,53.70106506347656,-2.261797618865967,198.2
95443,1,0.0,0.0,0.0,51.3524284362793,-1.982172966003418,296.0
11401267,1,0.0,0.0,0.0,54.37997817993164,-2.9035251140594482,336.0
12536,2,0.0,0.0,0.0,53.742849349975586,-2.00035297870636,155.5
128667,10,0.0,0.0,0.0,52.43727760314941,-1.9313569068908691,102.4
131688,1,0.0,0.0,0.0,53.74901580810547,-0.3519020080566406,6.0
1359,2,0.0,0.0,0.0,54.443603515625,-1.6796534657478333,37.0
6926,2,0.0,0.0,0.0,51.64589500427246,-3.814079523086548,114.0
43906,11,0.0,0.0,0.0,53.430972359397195,-2.9427270022305576,89.36363636363636
87103,10,0.0,0.0,0.0,53.85804138183594,-3.0354809045791624,180.8
41657,4,0.0,0.0,0.0,52.47153854370117,1.4221570193767548,11.0
6033,1,0.0,0.0,0.0,51.5626220703125,-1.7799229621887207,268.0
108148,2,0.0,0.0,0.0,51.197975158691406,0.2785314917564392,210.5
2577277,16,0.0,0.0,0.0,51.58932709693909,-0.17225293908268213,160.3125
9641,1,0.0,0.0,0.0,51.605838775634766,-3.3393099308013916,348.0
341,2,0.0,0.0,0.0,52.629167556762695,1.2961984872817993,-1.0
40892,2,0.0,0.0,0.0,52.65520095825195,-1.775959551334381,186.0
93219,8,0.0,0.0,0.0,52.283981800079346,-1.5808798670768738,156.0
10332,2,0.0,0.0,0.0,53.18987274169922,-2.862749457359314,201.0
37692,2,0.0,0.0,0.0,53.62999153137207,-1.6086180210113525,192.0
93108,1,0.0,0.0,0.0,51.09939956665039,-0.8704990148544312,42.0
40904,3,0.0,0.0,0.0,53.32713826497396,-2.669715722401937,121.33333333333333
58962,1,0.0,0.0,0.0,53.59389877319336,-1.2970260381698608,93.0
95545,1,0.0,0.0,0.0,53.41033172607422,-2.8247039318084717,257.0
5069524,7,0.0,0.0,0.0,51.34687805175781,-0.08146199956536293,199.28571428571428
93916,4,0.0,0.0,0.0,39.226396560668945,-1.1587247550487518,108.0
6790,1,0.0,0.0,0.0,52.91807174682617,-3.018955945968628,244.0
101118,1,0.0,0.0,0.0,52.52436828613281,-1.466925024986267,198.0
3841892,1,0.0,0.0,0.0,53.677467346191406,0.0007110000005923212,129.0
17945,2,0.0,0.0,0.0,51.46431922912598,-0.9636429846286774,181.5
94866,1,0.0,0.0,0.0,53.49878692626953,-1.0791809558868408,-1.0
1490914,3,0.0,0.0,0.0,52.55577596028646,0.16150033349792162,230.0
91075,1,0.0,0.0,0.0,53.74455642700195,-0.35137099027633667,348.0
4692,5,0.0,0.0,0.0,51.835923767089845,-0.6780359864234924,64.6
103730,4,0.0,0.0,0.0,53.038076400756836,-2.21246999502182,128.5
54487,5,0.0,0.0,0.0,52.570343017578125,-1.8909256219863892,58.0
92110,1,0.0,0.0,0.0,52.52684783935547,-1.47251296043396,324.0
6770477,1,0.0,0.0,0.0,51.65290069580078,0.5473949909210205,-1.0
6789,17,0.0,0.0,0.0,51.48325864006491,-0.0108239998054855,201.1764705882353
95311,1,0.0,0.0,0.0,53.99365997314453,-1.5382369756698608,220.0
91747,4,0.0,0.0,0.0,53.64402198791504,-1.7607770264148712,123.0
58851,2,0.0,0.0,0.0,53.37278747558594,-3.091162085533142,206.0
4946,4,0.0,0.0,0.0,52.63963508605957,0.7901079952716827,162.25
12259,1,0.0,0.0,0.0,53.75812911987305,-0.2846589982509613,270.0
69045,2,0.0,0.0,0.0,52.66786193847656,-1.1074880361557007,119.5
88082,1,0.0,0.0,0.0,54.06964111328125,-2.8763740062713623,198.0
11295,2,0.0,0.0,0.0,51.872894287109375,-0.04694749880582094,34.5
116703,5,0.0,0.0,0.0,54.52476425170899,-1.3422470092773438,115.4
87325,2,0.0,0.0,0.0,55.079078674316406,-1.5697035193443298,134.5
10458,2,0.0,0.0,0.0,53.419368743896484,-2.1214245557785034,122.5
24221,1,0.0,0.0,0.0,50.50019836425781,-4.427534103393555,237.0
3666,3,0.0,0.0,0.0,52.65028381347656,-1.109910011291504,116.0
9940,1,0.0,0.0,0.0,50.86735153198242,0.5557820200920105,342.0
7790938,9,0.0,0.0,0.0,51.52818255954318,-0.2707296642992232,135.0
5246587,3,0.0,0.0,0.0,50.26104736328125,-5.073063691457112,102.66666666666667
67384,4,0.0,0.0,0.0,52.77907848358154,-1.60350301861763,194.5
2023809,1,0.0,0.0,0.0,53.05072784423828,-1.6879090070724487,63.0
66510,1,0.0,0.0,0.0,54.76845932006836,-1.6460399627685547,289.0
24232,3,0.0,0.0,0.0,53.13783264160156,-2.31303334236145,112.66666666666667
14605,5,0.0,0.0,0.0,52.18650360107422,0.13927719742059708,262.8
6770406,1,0.0,0.0,0.0,51.78839874267578,0.00621799984946847,74.0
92605,8,0.0,0.0,0.0,53.478519916534424,-2.236421376466751,81.375
12527,1,0.0,0.0,0.0,53.724578857421875,-1.861227035522461,-1.0
54653,1,0.0,0.0,0.0,50.26764678955078,-5.0328369140625,121.0
101851,1,0.0,0.0,0.0,51.63844299316406,0.30026599764823914,23.0
128634,5,0.0,0.0,0.0,52.43854522705078,-1.8798671960830688,142.6
120710,6,0.0,0.0,0.0,51.491726557413735,-2.621530850728353,105.33333333333333
6822,1,0.0,0.0,0.0,50.43174743652344,-4.472123146057129,86.0
67388,1,0.0,0.0,0.0,52.28249740600586,-1.9208029508590698,289.0
5246472,3,0.0,0.0,0.0,50.38064829508463,-4.156095663706462,101.0
55477,4,0.0,0.0,0.0,53.029314041137695,-2.1560457348823547,70.5
574235,2,0.0,0.0,0.0,52.607234954833984,-1.9801595211029053,24.0
1242531,1,0.0,0.0,0.0,53.26737594604492,-2.5857200622558594,195.0
155,5,0.0,0.0,0.0,51.64130325317383,-3.9602699756622313,25.0
10239,1,0.0,0.0,0.0,54.332786560058594,-2.7389190196990967,359.0
40725,1,0.0,0.0,0.0,52.1253776550293,-2.0505409240722656,101.0
18201,6,0.0,0.0,0.0,52.64210192362467,1.261185844739278,80.16666666666667
58936,9,0.0,0.0,0.0,53.341141594780815,-2.029563228289286,104.44444444444444
131344,3,0.0,0.0,0.0,50.913567860921226,0.6607709924379984,82.0
30529,12,0.0,0.0,0.0,53.79401238759359,-1.5374909341335297,119.5
131238,4,0.0,0.0,0.0,54.12387561798096,-2.763242781162262,151.5
97554,2,0.0,0.0,0.0,51.379798889160156,1.3486524820327759,303.0
8154208,3,0.0,0.0,0.0,35.85827763875326,-1.7662076950073242,92.0
87884,2,0.0,0.0,0.0,55.09870719909668,-1.7346655130386353,257.0
128714,7,0.0,0.0,0.0,52.42261559622629,-1.8260374239512853,223.42857142857142
6578,4,0.0,0.0,0.0,52.89587688446045,-1.4575112462043762,308.75
67983,5,0.0,0.0,0.0,51.63981628417969,-3.0686202526092528,169.2
9275696,2,0.0,0.0,0.0,54.26564598083496,-0.4163860082626343,104.0
5632,1,0.0,0.0,0.0,51.9881706237793,1.1926709413528442,230.0
32741,10,0.0,0.0,0.0,50.91900978088379,-1.392966091632843,83.6
14856,2,0.0,0.0,0.0,53.399492263793945,-2.6000781059265137,209.5
132911,2,0.0,0.0,0.0,51.24915313720703,-0.5807735025882721,0.0
89496,3,0.0,0.0,0.0,53.56293614705404,-2.778282960255941,230.33333333333334
12369,2,0.0,0.0,0.0,53.69305229187012,-1.404834508895874,-1.0
116743,1,0.0,0.0,0.0,54.51020050048828,-1.5513160228729248,277.0
10514676,7,0.0,0.0,0.0,50.97206497192383,0.08390328394515174,92.42857142857143
93373,3,0.0,0.0,0.0,51.88480758666992,-0.39736167589823407,82.0
2010300,1,0.0,0.0,0.0,52.67208480834961,0.954355001449585,-1.0
4228,9,0.0,0.0,0.0,51.560451931423614,0.5058910018867917,29.11111111111111
114088,3,0.0,0.0,0.0,51.87629191080729,0.9067473411560059,85.33333333333333
6404,11,0.0,0.0,0.0,54.99547923694957,-1.6272482872009277,114.0
6711,4,0.0,0.0,0.0,53.76604461669922,-2.690460741519928,164.5
59153,6,0.0,0.0,0.0,53.03156725565592,-2.1949956814448037,97.66666666666667
9638,1,0.0,0.0,0.0,52.48226547241211,1.7258100509643555,240.0
8733,2,0.0,0.0,0.0,52.60372543334961,-2.0087034702301025,170.5
12665,2,0.0,0.0,0.0,53.78914260864258,-1.7842479944229126,146.0
7270,11,0.0,0.0,0.0,53.85935870083895,-0.639183905991641,165.45454545454547
4008,5,0.0,0.0,0.0,50.72893524169922,-1.9450143814086913,142.6
92520,6,0.0,0.0,0.0,53.53841336568197,-2.2893996636072793,136.16666666666666
104006,1,0.0,0.0,0.0,50.874534606933594,0.606361985206604,114.0
10365,1,0.0,0.0,0.0,51.74839782714844,-2.1386280059814453,347.0
10983781,6,0.0,0.0,0.0,51.516836166381836,-0.4532986680666606,112.5
10437,1,0.0,0.0,0.0,51.33397674560547,-0.26394400000572205,-1.0
94389,4,0.0,0.0,0.0,51.72919178009033,-3.3070939779281616,112.5
82026,3,0.0,0.0,0.0,53.59147516886393,-2.4330080350240073,191.66666666666666
65117,7,0.0,0.0,0.0,53.73993083408901,-1.6725990091051375,57.0
1542405,2,0.0,0.0,0.0,52.534812927246094,-2.118502974510193,109.0
77429,1,0.0,0.0,0.0,53.02248001098633,-2.175229072570801,344.0
59228,6,0.0,0.0,0.0,53.39242045084635,-2.891718109448751,97.66666666666667
13467,4,0.0,0.0,0.0,52.06948661804199,-0.6621800065040588,186.25
5605,1,0.0,0.0,0.0,51.14896774291992,1.2873519659042358,132.0
5698940,2,0.0,0.0,0.0,52.80824279785156,-1.6388750076293945,102.0
73101,1,0.0,0.0,0.0,55.02553176879883,-1.509902000427246,-1.0
132066,1,0.0,0.0,0.0,51.692378997802734,-2.2030580043792725,84.0
103594,2,0.0,0.0,0.0,51.6805534362793,-0.7245140075683594,182.0
7834730,1,0.0,0.0,0.0,51.492942810058594,-2.687088966369629,54.0
8517,6,0.0,0.0,0.0,51.29581769307455,0.4761601636807124,193.33333333333334
7618,1,0.0,0.0,0.0,54.75129318237305,-1.6352659463882446,128.0
19352,7,0.0,0.0,0.0,53.85117721557617,-2.1088087218148366,111.71428571428571
89240,2,0.0,0.0,0.0,50.92932319641113,-2.178395986557007,178.0
73563,1,0.0,0.0,0.0,53.64165496826172,-2.110089063644409,252.0
12619,2,0.0,0.0,0.0,53.64212989807129,-1.8210664987564087,145.5
7750,3,0.0,0.0,0.0,51.763109842936196,-5.004153410593669,85.33333333333333
10424087,11,0.0,0.0,0.0,51.50240776755593,-0.16923800246282059,167.72727272727272
11848,5,0.0,0.0,0.0,53.73127212524414,-1.6707703828811646,134.2
17979,1,0.0,0.0,0.0,50.84316635131836,-0.11956299841403961,209.0
132034,1,0.0,0.0,0.0,51.789649963378906,-2.599497079849243,204.0
10884932,13,0.0,0.0,0.0,51.43589342557467,0.034583999846990295,197.30769230769232
81936,7,0.0,0.0,0.0,53.52732195172991,-2.3847710405077254,223.42857142857142
2194,7,0.0,0.0,0.0,51.40050997052874,-0.4972795716353825,109.14285714285714
131449,2,0.0,0.0,0.0,51.081655502319336,1.182229459285736,114.0
82774,6,0.0,0.0,0.0,51.91005007425944,-2.085682988166809,36.833333333333336
12807,4,0.0,0.0,0.0,53.86092567443848,-1.9190707504749298,89.75
8916474,1,0.0,0.0,0.0,51.74580764770508,-1.406262993812561,108.0
17966,7,0.0,0.0,0.0,51.44887324741909,-1.0016158393451147,175.28571428571428
102414,1,0.0,0.0,0.0,52.199832916259766,-1.7337119579315186,72.0
11316671,8,0.0,0.0,0.0,51.51762247085571,-0.1998470015823841,146.25
200,5,0.0,0.0,0.0,53.32493286132812,-4.231289863586426,35.8
113295,3,0.0,0.0,0.0,51.37355422973633,-2.8757256666819253,1.0
84222,21,0.0,0.0,0.0,52.42498179844448,-1.5879465738932292,117.9047619047619
12544,18,0.0,0.0,0.0,53.931897693210175,-1.535018331474728,110.83333333333333
12120,3,0.0,0.0,0.0,53.688821156819664,-1.5026872952779133,48.666666666666664
110071,1,0.0,0.0,0.0,52.750885009765625,-0.8877699971199036,278.0
73796,2,0.0,0.0,0.0,53.26272964477539,-2.130300998687744,143.5
71849,1,0.0,0.0,0.0,52.01704788208008,0.24592000246047974,346.0
5320,3,0.0,0.0,0.0,51.402540842692055,-2.3746050198872886,158.33333333333334
96865,4,0.0,0.0,0.0,51.54736518859863,0.6075505018234253,69.75
132470,1,0.0,0.0,0.0,54.97221374511719,-2.5175039768218994,126.0
17973,5,0.0,0.0,0.0,51.4429428100586,-0.9657534003257752,191.2
65412,1,0.0,0.0,0.0,50.66916275024414,-4.1507978439331055,237.0
92870,1,0.0,0.0,0.0,52.90578079223633,1.0906590223312378,-1.0
78183,3,0.0,0.0,0.0,53.43871307373047,-2.2616403897603354,108.0
131297,4,0.0,0.0,0.0,53.93082618713379,-2.7738117575645447,163.5
79968,1,0.0,0.0,0.0,51.125213623046875,0.8061710000038147,222.0
3793,4,0.0,0.0,0.0,55.16355514526367,-1.5552747249603271,157.5
67411,7,0.0,0.0,0.0,52.304608481270925,-1.929474149431501,113.57142857142857
7550,1,0.0,0.0,0.0,51.744815826416016,-3.362294912338257,72.0
6187,2,0.0,0.0,0.0,50.9748420715332,-0.14246249943971634,99.0
133520,2,0.0,0.0,0.0,53.2597770690918,-1.4245790243148804,165.0
114133,1,0.0,0.0,0.0,52.6358757019043,1.2783620357513428,354.0
83039,4,0.0,0.0,0.0,53.48443794250488,-2.34774249792099,95.0
131083,6,0.0,0.0,0.0,52.212647120157875,0.04288033271829287,171.0
1870681,1,0.0,0.0,0.0,53.403968811035156,-2.184480905532837,132.0
10628309,5,0.0,0.0,0.0,51.632266998291016,-0.07934460043907166,162.0
6100,6,0.0,0.0,0.0,50.838196436564125,-0.13268299773335457,92.16666666666667
12473,1,0.0,0.0,0.0,53.69817352294922,-1.641126036643982,87.0
82673,1,0.0,0.0,0.0,53.20730209350586,-2.9178049564361572,278.0
91161,4,0.0,0.0,0.0,53.28111743927002,-1.243696242570877,258.0
91551,4,0.0,0.0,0.0,51.936349868774414,-1.8406767547130585,160.5
72351,4,0.0,0.0,0.0,53.89842891693115,-2.1157537698745728,68.75
3841969,1,0.0,0.0,0.0,54.2812614440918,-0.40630999207496643,314.0
1980,5,0.0,0.0,0.0,52.062017822265624,-1.3333165884017943,140.4
23405,2,0.0,0.0,0.0,51.75451850891113,-1.258973479270935,339.0
8714,7,0.0,0.0,0.0,54.89434051513672,-2.946807418550764,138.0
3724424,1,0.0,0.0,0.0,51.427066802978516,0.2833999991416931,145.0
93172,8,0.0,0.0,0.0,50.81629800796509,-1.067240759730339,141.0
106694,1,0.0,0.0,0.0,54.28085708618164,-0.40575000643730164,312.0
3144,20,0.0,0.0,0.0,51.47015895843506,-2.5822795391082765,48.85
86042,11,0.0,0.0,0.0,54.04576006802645,-2.846886721524325,151.63636363636363
112370,3,0.0,0.0,0.0,54.05798212687174,-2.7772216796875,93.0
6202,12,0.0,0.0,0.0,51.45373789469401,-0.298479584356149,142.5
82042,1,0.0,0.0,0.0,53.493656158447266,-2.509735107421875,195.0
53372,5,0.0,0.0,0.0,51.354695892333986,-2.929987573623657,24.4
99504,2,0.0,0.0,0.0,51.43056297302246,0.3712020069360733,4.5
9275695,2,0.0,0.0,0.0,54.26656150817871,-0.3981189876794815,250.0
12315137,1,0.0,0.0,0.0,51.78727340698242,-0.001509999972768128,81.0
94852,1,0.0,0.0,0.0,53.49626922607422,-1.1817009449005127,-1.0
9822,1,0.0,0.0,0.0,54.942691802978516,-1.7175960540771484,281.0
6978,1,0.0,0.0,0.0,50.38372039794922,-3.5116140842437744,-1.0
7843,10,0.0,0.0,0.0,53.74511451721192,-0.3564983010292053,119.8
1512211,2,0.0,0.0,0.0,50.75521469116211,-1.9150840044021606,223.5
800,2,0.0,0.0,0.0,53.1695556640625,-1.8704354763031006,85.5
10630,2,0.0,0.0,0.0,51.316654205322266,-0.24961799383163452,27.0
93180,8,0.0,0.0,0.0,50.87385892868042,-1.0141504853963852,175.5
132857,8,0.0,0.0,0.0,50.84439945220947,-1.0312560126185417,176.25
97034,4,0.0,0.0,0.0,51.91932964324951,0.19788799807429314,196.75
3605,5,0.0,0.0,0.0,53.94913787841797,-1.106439185142517,155.0
3734,1,0.0,0.0,0.0,51.74671936035156,-2.2190608978271484,243.0
6450,7,0.0,0.0,0.0,51.989868709019255,-0.6290651346955981,186.0
787,1,0.0,0.0,0.0,53.363525390625,-1.9986799955368042,315.0
3710,2,0.0,0.0,0.0,52.99542427062988,-2.189238429069519,110.5
17731,3,0.0,0.0,0.0,51.675069173177086,-3.772016684214274,119.66666666666667
8479,1,0.0,0.0,0.0,54.1960563659668,-2.9034299850463867,240.0
2103074,1,0.0,0.0,0.0,50.82499313354492,-1.6967699527740479,316.0
3580,4,0.0,0.0,0.0,51.137481689453125,-0.16940400004386902,183.5
127677,1,0.0,0.0,0.0,53.58969497680664,-0.6953629851341248,13.0
102637,3,0.0,0.0,0.0,52.72449493408203,-2.7391093571980796,64.33333333333333
1395,1,0.0,0.0,0.0,54.93645477294922,-1.780890941619873,283.0
9698513,13,0.0,0.0,0.0,51.38086407001202,0.015381076534350332,155.76923076923077
37392,2,0.0,0.0,0.0,53.6272029876709,-2.1381090879440308,31.0
78225,4,0.0,0.0,0.0,54.56575870513916,-1.099557250738144,190.25
12017,7,0.0,0.0,0.0,53.70281219482422,-1.418860707964216,82.57142857142857
9977655,3,0.0,0.0,0.0,53.721683502197266,-1.5518430074055989,82.66666666666667
131765,2,0.0,0.0,0.0,53.23495864868164,-0.49685700237751007,171.0
6757,1,0.0,0.0,0.0,50.71220779418945,-2.463252067565918,97.0
7079,2,0.0,0.0,0.0,54.77682113647461,-1.58330500125885,151.5
5702,2,0.0,0.0,0.0,52.19967269897461,-2.188759922981262,170.5
58834,4,0.0,0.0,0.0,52.876532554626465,-0.12922474928200245,85.25
62739,3,0.0,0.0,0.0,54.95054244995117,-1.6150026718775432,227.66666666666666
63107,1,0.0,0.0,0.0,53.355224609375,-2.8537158966064453,334.0
111347,1,0.0,0.0,0.0,51.43104934692383,0.2806670069694519,271.0
131988,2,0.0,0.0,0.0,53.263267517089844,-0.9582590162754059,327.0
52941,1,0.0,0.0,0.0,53.56448745727539,-2.205756902694702,82.0
6285645,1,0.0,0.0,0.0,52.52451705932617,-1.4663729667663574,-1.0
27950,3,0.0,0.0,0.0,53.333299001057945,-2.6808103720347085,73.66666666666667
1442,3,0.0,0.0,0.0,54.93963750203451,-1.5306663115819295,104.0
5486,1,0.0,0.0,0.0,50.840396881103516,0.16579100489616394,-1.0
12629,3,0.0,0.0,0.0,53.785772959391274,-1.7252430121103923,122.0
12767,4,0.0,0.0,0.0,53.81138515472412,-1.7733672559261322,125.25
116806,3,0.0,0.0,0.0,54.54278437296549,-1.4291473229726155,49.666666666666664
231321,1,0.0,0.0,0.0,52.97924041748047,-2.1275339126586914,322.0
14567,1,0.0,0.0,0.0,51.71562957763672,-1.9662460088729858,0.0
88809,1,0.0,0.0,0.0,53.49009323120117,-1.0209150314331055,90.0
7780886,1,0.0,0.0,0.0,54.41339111328125,-1.2676780223846436,299.0
91419,2,0.0,0.0,0.0,54.56766128540039,-1.3171795010566711,159.0
132539,1,0.0,0.0,0.0,52.23936462402344,-0.8986350297927856,264.0
9326798,5,0.0,0.0,0.0,51.87011566162109,-1.9134526014328004,68.6
19314,7,0.0,0.0,0.0,51.7530882699149,-1.258148159299578,32.857142857142854
92576,3,0.0,0.0,0.0,53.544821421305336,-2.2639386653900146,172.0
10070872,8,0.0,0.0,0.0,51.45684862136841,-0.34671812504529953,135.0
132492,3,0.0,0.0,0.0,54.98924001057943,-1.4217593669891357,232.0
103273,2,0.0,0.0,0.0,51.83892250061035,-0.328232005238533,73.5
130650,2,0.0,0.0,0.0,52.418853759765625,-1.9736304879188538,22.0
7409,2,0.0,0.0,0.0,50.50277137756348,-4.315221548080444,57.5
54230,1,0.0,0.0,0.0,51.6824836730957,0.5905370116233826,162.0
2855674,1,0.0,0.0,0.0,54.9940071105957,-1.5366170406341553,150.0
132451,3,0.0,0.0,0.0,54.73260625203451,-1.440722664197286,90.0
963144,2,0.0,0.0,0.0,52.66193962097168,-1.099702000617981,132.0
603,9,0.0,0.0,0.0,52.509301079644096,-2.027672674920824,109.66666666666667
12583,1,0.0,0.0,0.0,51.580387115478516,-3.2091410160064697,294.0
8967,1,0.0,0.0,0.0,50.51911163330078,-3.6224429607391357,262.0
61286,1,0.0,0.0,0.0,53.03908157348633,-2.926867961883545,17.0
12285,2,0.0,0.0,0.0,54.527244567871094,-1.5554764866828918,21.0
12693,1,0.0,0.0,0.0,53.890323638916016,-1.6272549629211426,287.0
59264,9,0.0,0.0,0.0,53.382473415798614,-2.8983810212877064,143.11111111111111
38560,2,0.0,0.0,0.0,54.94504356384277,-1.639270007610321,244.0
32601,2,0.0,0.0,0.0,53.37557601928711,-3.060889482498169,188.5
9400187,2,0.0,0.0,0.0,53.80682563781738,-3.007623076438904,316.5
12726,2,0.0,0.0,0.0,53.7852783203125,-1.7754395008087158,-1.0
12019783,1,0.0,0.0,0.0,51.4849967956543,-0.377250999212265,225.0
11944,2,0.0,0.0,0.0,53.725990295410156,-1.9014959931373596,-1.0
131933,2,0.0,0.0,0.0,53.591270446777344,-0.6649734973907471,174.0
1698141,4,0.0,0.0,0.0,51.5831184387207,-1.7969105243682861,165.0
107918,2,0.0,0.0,0.0,32.86572790145874,-5.586044251918793,135.0
86222,1,0.0,0.0,0.0,54.89440155029297,-2.9586760997772217,102.0
11734621,1,0.0,0.0,0.0,54.121089935302734,-2.7610690593719482,-1.0
75278,3,0.0,0.0,0.0,54.893866221110024,-1.5090006987253826,195.33333333333334
13134,11,0.0,0.0,0.0,52.50357090343129,-2.012589357116006,113.0909090909091
59130,6,0.0,0.0,0.0,53.418063481648765,-2.9344508250554404,65.0
93202,1,0.0,0.0,0.0,52.24885559082031,-1.3754090070724487,252.0
114134,1,0.0,0.0,0.0,52.63629150390625,1.23722505569458,291.0
35421,6,0.0,0.0,0.0,53.74000040690104,-1.4129639863967896,86.16666666666667
10903995,1,0.0,0.0,0.0,51.229576110839844,-3.828597068786621,36.0
3611,2,0.0,0.0,0.0,50.63278579711914,-2.433158040046692,106.0
104121,2,0.0,0.0,0.0,53.949249267578125,-1.0404660105705261,57.5
44029,15,0.0,0.0,0.0,53.425559743245444,-2.848843208948771,137.2
7827,1,0.0,0.0,0.0,50.947662353515625,-2.6813619136810303,124.0
1260943,10,0.0,0.0,0.0,51.50327644348145,-0.4675903022289276,121.5
132414,13,0.0,0.0,0.0,54.98191363994892,-1.610751775594858,168.0
19092,3,0.0,0.0,0.0,51.707489013671875,-1.1497810284296672,101.66666666666667
132572,3,0.0,0.0,0.0,52.49042892456055,-0.716387669245402,206.0
112312,4,0.0,0.0,0.0,51.630764961242676,-0.7116517424583435,64.5
6035,1,0.0,0.0,0.0,52.71029281616211,-2.7235279083251953,11.0
116064,4,0.0,0.0,0.0,53.19841003417969,-3.4261884689331055,121.75
10984097,10,0.0,0.0,0.0,51.52722091674805,-0.3523993968963623,157.5
91945,1,0.0,0.0,0.0,51.4884147644043,-3.2103779315948486,106.0
59232,6,0.0,0.0,0.0,53.64030520121256,-2.9860864877700806,162.0
6915,3,0.0,0.0,0.0,33.797253926595054,-2.221566994984945,40.0
9771036,1,0.0,0.0,0.0,50.09983825683594,-5.2724738121032715,321.0
46536,2,0.0,0.0,0.0,54.2882137298584,-0.41484449803829193,103.0
50628,4,0.0,0.0,0.0,53.8805570602417,-1.6604529917240143,63.25
5407494,1,0.0,0.0,0.0,51.16913604736328,-2.6971890926361084,21.0
8689,1,0.0,0.0,0.0,51.64804458618164,-3.764096975326538,-1.0
74459,3,0.0,0.0,0.0,51.24703598022461,-0.7500706712404887,156.0
131800,6,0.0,0.0,0.0,53.22023137410482,-0.5599838296572367,122.0
93082,13,0.0,0.0,0.0,51.30803240262545,-0.6253776871241056,136.15384615384616
131565,5,0.0,0.0,0.0,50.78905181884765,0.28862540125846864,61.2
7580,1,0.0,0.0,0.0,50.10184097290039,-5.281516075134277,329.0
52945,2,0.0,0.0,0.0,53.40291404724121,-2.990134596824646,95.0
130663,3,0.0,0.0,0.0,52.53491973876953,-2.000533660252889,176.0
81239,7,0.0,0.0,0.0,51.258246830531526,-0.055778714429054944,86.28571428571429
7970,1,0.0,0.0,0.0,51.347984313964844,-2.2495479583740234,240.0
3988,4,0.0,0.0,0.0,50.82528591156006,-0.2913752533495426,116.25
7357,2,0.0,0.0,0.0,50.381052017211914,-4.112776517868042,42.0
2905228,4,0.0,0.0,0.0,53.65246105194092,-1.4925965070724487,70.75
3864,3,0.0,0.0,0.0,51.02764892578125,-2.6123973528544107,47.333333333333336
91132,1,0.0,0.0,0.0,53.3973503112793,-0.823045015335083,12.0
10862,1,0.0,0.0,0.0,52.20537185668945,-2.242722988128662,157.0
1631963,1,0.0,0.0,0.0,53.190635681152344,-4.093465805053711,169.0
82032,3,0.0,0.0,0.0,53.50592931111654,-2.5016523202260337,215.33333333333334
11316301,12,0.0,0.0,0.0,51.428945223490395,-0.1732883316775163,86.25
11098526,2,0.0,0.0,0.0,51.65599060058594,-0.32548849284648895,81.5
59188,4,0.0,0.0,0.0,53.45131301879883,-2.741575837135315,23.75
8926635,1,0.0,0.0,0.0,53.027652740478516,-0.5159029960632324,122.0
84785,4,0.0,0.0,0.0,52.606356620788574,1.2513997256755829,68.75
117918,1,0.0,0.0,0.0,55.03675079345703,-1.628844976425171,5.0
103697,1,0.0,0.0,0.0,51.74692916870117,-2.2184550762176514,198.0
103760,2,0.0,0.0,0.0,51.45854568481445,-0.45795249938964844,46.5
35511,4,0.0,0.0,0.0,52.71361827850342,-2.7904369831085205,155.5
9455,2,0.0,0.0,0.0,53.46451950073242,-2.606479048728943,154.5
89770,4,0.0,0.0,0.0,52.251973152160645,0.7099044919013977,235.75
81952,18,0.0,0.0,0.0,53.51812235514323,-2.3189985752105713,100.27777777777777
7132004,1,0.0,0.0,0.0,53.49624252319336,-2.591994047164917,184.0
130641,3,0.0,0.0,0.0,52.304036458333336,-1.9092270135879517,248.33333333333334
13102,4,0.0,0.0,0.0,52.52198886871338,-1.7813774943351746,126.25
133576,2,0.0,0.0,0.0,53.54367446899414,-1.4514350295066833,264.0
38592,4,0.0,0.0,0.0,54.94573783874512,-1.5788719952106476,62.25
133100,10,0.0,0.0,0.0,50.46899642944336,-4.124548292160034,206.4
10984299,8,0.0,0.0,0.0,51.52184724807739,0.045395125169306993,196.875
59113,2,0.0,0.0,0.0,53.006399154663086,-2.203890085220337,57.5
13773,5,0.0,0.0,0.0,52.404527282714845,-1.5565858125686645,125.0
94871,4,0.0,0.0,0.0,53.52598476409912,-1.1143202483654022,68.5
11940,16,0.0,0.0,0.0,51.7619731426239,-0.38195118866860867,117.0
132410,1,0.0,0.0,0.0,54.951324462890625,-1.3987950086593628,234.0
5596,1,0.0,0.0,0.0,51.62340545654297,-3.8115649223327637,289.0
12492,1,0.0,0.0,0.0,53.90501403808594,-1.6923860311508179,-1.0
92246,1,0.0,0.0,0.0,53.641971588134766,-2.104465961456299,264.0
12464,1,0.0,0.0,0.0,53.85812759399414,-1.9193090200424194,220.0
78693,5,0.0,0.0,0.0,50.3727310180664,-4.441348457336426,110.4
88941,7,0.0,0.0,0.0,54.53227996826172,-1.5554054464612688,106.28571428571429
62741,1,0.0,0.0,0.0,54.95144271850586,-1.6275969743728638,326.0
86069,2,0.0,0.0,0.0,54.32917785644531,-2.746711015701294,90.0
30540,5,0.0,0.0,0.0,53.7951057434082,-1.5283499956130981,164.6
1622,6,0.0,0.0,0.0,53.47748311360677,-2.0857208569844565,139.66666666666666
11249666,2,0.0,0.0,0.0,52.02738571166992,-2.9728695154190063,36.5
62773,3,0.0,0.0,0.0,52.98041915893555,-1.28963569800059,33.666666666666664
94884,12,0.0,0.0,0.0,53.44704373677572,-1.3143382569154103,96.41666666666667
5647817,1,0.0,0.0,0.0,52.0593376159668,1.155163049697876,-1.0
96217,1,0.0,0.0,0.0,52.961788177490234,-1.06967294216156,-1.0
132060,1,0.0,0.0,0.0,51.74628448486328,-2.2198829650878906,36.0
4193,2,0.0,0.0,0.0,51.563798904418945,-1.7626370191574097,58.5
14591,14,0.0,0.0,0.0,51.3371650150844,0.5263219220297677,128.78571428571428
9477,3,0.0,0.0,0.0,51.40557607014974,-0.3405333360036214,135.0
7949,1,0.0,0.0,0.0,50.5595703125,-3.504256010055542,75.0
2038,2,0.0,0.0,0.0,51.56511116027832,0.41487449407577515,220.5
6770408,1,0.0,0.0,0.0,51.76174545288086,0.0869159996509552,145.0
92902,1,0.0,0.0,0.0,53.62407684326172,-1.8785200119018555,39.0
9277,2,0.0,0.0,0.0,54.77215003967285,-1.33686101436615,-1.0
4021,8,0.0,0.0,0.0,45.16067552566528,-2.958687663078308,173.25
12340749,1,0.0,0.0,0.0,52.22275924682617,-2.7441999912261963,343.0
4473,1,0.0,0.0,0.0,54.127803802490234,-0.106175996363163,-1.0
32419,3,0.0,0.0,0.0,50.706382751464844,-1.9747153123219807,48.333333333333336
11714244,1,0.0,0.0,0.0,0.0,0.0,0.0
7504,6,0.0,0.0,0.0,50.72797648111979,-1.9385026693344116,72.66666666666667
8768,3,0.0,0.0,0.0,51.56925582885742,-3.5802772839864097,6.666666666666667
8476971,3,0.0,0.0,0.0,52.67668787638346,-3.0138739744822183,-1.0
30724,3,0.0,0.0,0.0,51.38765970865885,0.234825665752093,151.66666666666666
38586,1,0.0,0.0,0.0,51.04518508911133,0.16291700303554535,356.0
63760,1,0.0,0.0,0.0,51.2698974609375,1.0533629655838013,80.0
105671,1,0.0,0.0,0.0,54.20945358276367,-3.2699849605560303,120.0
133168,2,0.0,0.0,0.0,50.801918029785156,-3.827644944190979,162.0
94880,5,0.0,0.0,0.0,53.56922378540039,-1.0509479880332946,84.8
95019,3,0.0,0.0,0.0,51.6064084370931,-1.2195520003636677,119.33333333333333
92471,1,0.0,0.0,0.0,53.958984375,-1.0892460346221924,228.0
6770493,1,0.0,0.0,0.0,51.76252365112305,-0.02488500066101551,291.0
67792,3,0.0,0.0,0.0,51.64122009277344,-2.674734671910604,189.66666666666666
3510,1,0.0,0.0,0.0,51.358726501464844,1.4404850006103516,290.0
108666,1,0.0,0.0,0.0,50.33875274658203,-4.773192882537842,333.0
56224,5,0.0,0.0,0.0,53.727498626708986,-1.3421938180923463,73.8
1734886,1,0.0,0.0,0.0,53.38066482543945,-1.4639960527420044,-1.0
774630,2,0.0,0.0,0.0,52.27129936218262,0.04882749984972179,159.0
91067,1,0.0,0.0,0.0,53.13936996459961,-1.1919260025024414,144.0
61123,2,0.0,0.0,0.0,52.49331283569336,-2.1451724767684937,310.5
782665,1,0.0,0.0,0.0,53.17103958129883,-2.196377992630005,40.0
5834425,14,0.0,0.0,0.0,51.45470373971121,-0.3754281444208963,141.42857142857142
23097,10,0.0,0.0,0.0,51.507165145874026,-1.938747489452362,162.6
95475,1,0.0,0.0,0.0,53.72418212890625,-0.5739930272102356,110.0
10263081,2,0.0,0.0,0.0,52.6281623840332,-2.2721444368362427,162.5
14652,5,0.0,0.0,0.0,51.258444213867186,0.5350216031074524,173.2
9426,1,0.0,0.0,0.0,53.44784927368164,-2.108534097671509,26.0
32600,4,0.0,0.0,0.0,53.36599826812744,-3.0564765334129333,88.5
6770332,3,0.0,0.0,0.0,51.69220733642578,0.059069001426299415,129.33333333333334
3518,2,0.0,0.0,0.0,53.935720443725586,-1.1807929873466492,106.0
7834726,1,0.0,0.0,0.0,51.46280288696289,-2.5100810527801514,102.0
78489,1,0.0,0.0,0.0,51.626163482666016,-0.766264021396637,240.0
102346,3,0.0,0.0,0.0,53.38687006632487,-1.3936086893081665,163.66666666666666
91098,1,0.0,0.0,0.0,53.32940673828125,-0.9519789814949036,24.0
2099712,3,0.0,0.0,0.0,51.16175079345703,-0.16962999602158865,184.0
67225,3,0.0,0.0,0.0,52.85872141520182,0.5136819879213969,157.33333333333334
18011,5,0.0,0.0,0.0,52.63223876953125,1.7054239988327027,127.6
12457,1,0.0,0.0,0.0,53.57533645629883,-1.7808760404586792,57.0
86077,2,0.0,0.0,0.0,27.187564849853516,-1.526872992515564,18.0
7350,6,0.0,0.0,0.0,51.110862731933594,-0.2374480019013087,116.0
38074,4,0.0,0.0,0.0,53.818159103393555,-0.29185250401496887,76.5
54824,1,0.0,0.0,0.0,51.713199615478516,0.5062040090560913,327.0
6757608,3,0.0,0.0,0.0,51.47557576497396,-0.16455633441607156,180.0
5790,3,0.0,0.0,0.0,52.595053354899086,-2.537043650945028,262.0
2566456,2,0.0,0.0,0.0,51.99541473388672,-2.1362274885177612,268.5
114350,1,0.0,0.0,0.0,50.86163330078125,0.25662800669670105,66.0
5689,3,0.0,0.0,0.0,51.86223475138346,-0.49581732352574664,130.66666666666666
4148,7,0.0,0.0,0.0,51.11114774431501,-0.19557571411132812,172.0
39512,1,0.0,0.0,0.0,51.739776611328125,-2.239940881729126,294.0
1614,7,0.0,0.0,0.0,53.41496712820871,-2.154107468468802,9.0
95903,3,0.0,0.0,0.0,51.619378407796226,-3.939953009287516,54.666666666666664
81915,2,0.0,0.0,0.0,52.66731834411621,-2.4726614952087402,186.5
2919507,6,0.0,0.0,0.0,51.37000719706217,0.06153366559495529,142.5
17657,1,0.0,0.0,0.0,52.20439910888672,0.126910001039505,303.0
5023,1,0.0,0.0,0.0,51.64417266845703,-3.0470681190490723,0.0
32418,1,0.0,0.0,0.0,50.7454833984375,-2.0370919704437256,138.0
115820,4,0.0,0.0,0.0,53.19130039215088,-4.194128513336182,157.75
1175,13,0.0,0.0,0.0,52.935314471905045,-1.264708922459529,107.84615384615384
109586,1,0.0,0.0,0.0,52.85967254638672,-3.0519649982452393,162.0
4010,4,0.0,0.0,0.0,50.91258430480957,-1.3796782493591309,157.25
492169,2,0.0,0.0,0.0,53.79955291748047,-3.0522685050964355,127.0
10984172,12,0.0,0.0,0.0,51.54821014404297,0.11568241845816374,108.75
9963514,4,0.0,0.0,0.0,51.50819206237793,-2.5671995282173157,210.0
12236351,1,0.0,0.0,0.0,54.90061569213867,-1.4093379974365234,-1.0
95547,2,0.0,0.0,0.0,53.45553207397461,-2.9214489459991455,16.5
12317,8,0.0,0.0,0.0,53.065157413482666,-1.2161633670330048,182.375
30301,1,0.0,0.0,0.0,51.41080856323242,-1.5179359912872314,211.0
9800580,3,0.0,0.0,0.0,53.303690592447914,-1.6788020133972168,116.0
4297,4,0.0,0.0,0.0,53.20812797546387,-1.410402238368988,190.5
90189,1,0.0,0.0,0.0,52.96004104614258,-1.0659840106964111,306.0
78646,1,0.0,0.0,0.0,52.3622932434082,-1.2583930492401123,294.0
43950,1,0.0,0.0,0.0,53.16825485229492,-2.921341896057129,252.0
59965,3,0.0,0.0,0.0,51.9360720316569,0.3207170019547145,138.66666666666666
32214,22,0.0,0.0,0.0,50.72311453385787,-1.8914504484696821,123.45454545454545
1296104,1,0.0,0.0,0.0,53.568992614746094,-1.7912399768829346,-1.0
94858,4,0.0,0.0,0.0,53.569437980651855,-1.189230501651764,59.5
8767,1,0.0,0.0,0.0,53.030941009521484,-1.487004041671753,12.0
10884933,15,0.0,0.0,0.0,51.46449635823568,0.04901839966575305,165.0
1719805,10,0.0,0.0,0.0,52.56979751586914,-1.9487899899482728,75.9
572,1,0.0,0.0,0.0,52.51957702636719,-2.0160350799560547,1.0
4190166,1,0.0,0.0,0.0,52.178733825683594,-2.796552896499634,228.0
35416,6,0.0,0.0,0.0,53.723571141560875,-1.3770013451576233,81.33333333333333
12094775,1,0.0,0.0,0.0,52.31572723388672,1.2021759748458862,65.0
33155,2,0.0,0.0,0.0,53.33232116699219,-3.1119439601898193,207.0
7503,7,0.0,0.0,0.0,51.42338126046317,-2.5014868463788713,120.85714285714286
93203,2,0.0,0.0,0.0,52.26882362365723,-1.4124454855918884,162.0
6762,3,0.0,0.0,0.0,50.66975021362305,-1.3037556807200115,110.0
1950143,2,0.0,0.0,0.0,54.483022689819336,-0.6348354816436768,38.0
80898,1,0.0,0.0,0.0,51.3929443359375,0.5163440108299255,-1.0
59151,3,0.0,0.0,0.0,53.412794748942055,-2.898636976877848,59.666666666666664
133387,4,0.0,0.0,0.0,53.569016456604004,-1.4886215031147003,208.5
90237,1,0.0,0.0,0.0,53.19402313232422,-2.8890469074249268,138.0
6276,1,0.0,0.0,0.0,51.01504135131836,-3.111052989959717,-1.0
12673,2,0.0,0.0,0.0,53.6076717376709,-1.7952035069465637,32.0
57959,1,0.0,0.0,0.0,52.8306999206543,0.846534013748169,-1.0
7855,13,0.0,0.0,0.0,51.739877260648285,-0.2947752315264482,124.6923076923077
74981,2,0.0,0.0,0.0,51.62901496887207,0.3225555121898651,135.5
77939,3,0.0,0.0,0.0,51.445648193359375,-0.5030943353970846,110.66666666666667
104090,1,0.0,0.0,0.0,53.724666595458984,-1.703225016593933,207.0
101947,9,0.0,0.0,0.0,51.43412102593316,-2.522333780924479,184.44444444444446
10884524,13,0.0,0.0,0.0,51.45788163405199,-0.17089446232869074,145.3846153846154
11645816,17,0.0,0.0,0.0,51.47836011998794,-0.1057001177002402,161.47058823529412
71810,2,0.0,0.0,0.0,50.626651763916016,-2.4340105056762695,-1.0
94863,2,0.0,0.0,0.0,53.507972717285156,-1.0999965071678162,229.5
110028,1,0.0,0.0,0.0,52.69289016723633,-1.7591060400009155,354.0
9937600,1,0.0,0.0,0.0,52.06047058105469,0.9527950286865234,176.0
86079,1,0.0,0.0,0.0,0.0,0.0,0.0
6924,6,0.0,0.0,0.0,52.54331080118815,-1.846261978149414,180.33333333333334
106203,2,0.0,0.0,0.0,50.93013954162598,-1.423794448375702,3.5
19867,1,0.0,0.0,0.0,53.64667510986328,-1.7863140106201172,217.0
9749502,2,0.0,0.0,0.0,52.70113563537598,1.410039484500885,199.0
11928,10,0.0,0.0,0.0,53.617272186279294,-1.3497067928314208,164.2
132712,3,0.0,0.0,0.0,52.227499643961586,-0.9081393281618754,286.0
103665,2,0.0,0.0,0.0,51.51677131652832,-2.559715509414673,49.0
5436,1,0.0,0.0,0.0,50.14408493041992,-5.1035261154174805,11.0
3930,5,0.0,0.0,0.0,50.73400650024414,-1.9371178150177002,243.4
113197,5,0.0,0.0,0.0,51.141754913330075,0.8704725980758667,124.8
632,11,0.0,0.0,0.0,52.51560419256037,-2.044065551324324,81.54545454545455
10370,1,0.0,0.0,0.0,52.07084274291992,1.1522010564804077,342.0
71980,2,0.0,0.0,0.0,50.20948791503906,-5.484091520309448,153.5
113382,1,0.0,0.0,0.0,51.38822937011719,0.574288010597229,270.0
786116,1,0.0,0.0,0.0,50.68287658691406,-2.2215330600738525,219.0
4506,4,0.0,0.0,0.0,50.900474548339844,-0.7726167589426041,157.5
132376,1,0.0,0.0,0.0,54.98104476928711,-1.4434260129928589,30.0
18361,1,0.0,0.0,0.0,53.319400787353516,-3.4898760318756104,320.0
3670,19,0.0,0.0,0.0,54.90533366956209,-1.594237992638036,98.78947368421052
600,2,0.0,0.0,0.0,52.49588203430176,-2.0285240411758423,122.0
1627,2,0.0,0.0,0.0,53.38969802856445,-2.1594719886779785,78.0
9945632,3,0.0,0.0,0.0,52.58735911051432,-1.1073390245437622,132.33333333333334
35414,1,0.0,0.0,0.0,53.68462371826172,-1.2983779907226562,84.0
133339,1,0.0,0.0,0.0,51.654266357421875,-3.020867109298706,0.0
8745079,1,0.0,0.0,0.0,51.69163513183594,-2.4361419677734375,96.0
93102,1,0.0,0.0,0.0,50.98910140991211,-0.7373430132865906,336.0
4604,6,0.0,0.0,0.0,53.97422726949056,-1.0596996545791626,123.83333333333333
7962,1,0.0,0.0,0.0,51.97980880737305,-0.22791999578475952,246.0
5428,5,0.0,0.0,0.0,51.71198196411133,-1.258949589729309,206.4
12596,2,0.0,0.0,0.0,51.58005142211914,-3.106679916381836,276.0
66471,2,0.0,0.0,0.0,52.22176933288574,0.2993349954485893,173.0
17948,12,0.0,0.0,0.0,51.42759164174398,-0.936113660534223,227.58333333333334
15416,1,0.0,0.0,0.0,51.61739730834961,-4.020287036895752,-1.0
11760,4,0.0,0.0,0.0,51.19705677032471,0.3701322451233864,88.5
70659,22,0.0,0.0,0.0,53.45639905062589,-2.2308751453052866,38.5
10984234,25,0.0,0.0,0.0,51.55960494995117,0.08389976007398219,151.2
9733879,1,0.0,0.0,0.0,52.580604553222656,-1.1269949674606323,255.0
1697781,2,0.0,0.0,0.0,52.111162185668945,-0.4312860071659088,165.0
72180,3,0.0,0.0,0.0,53.818721771240234,-2.2194135983784995,197.0
91878,2,0.0,0.0,0.0,50.527015686035156,-4.755131006240845,60.5
48587,1,0.0,0.0,0.0,52.37435531616211,-0.24067899584770203,227.0
11376,3,0.0,0.0,0.0,53.01981735229492,-2.1588003635406494,68.66666666666667
97621,2,0.0,0.0,0.0,53.96847724914551,-1.0809299945831299,104.5
1625,4,0.0,0.0,0.0,53.38932800292969,-2.146887719631195,87.5
50065,4,0.0,0.0,0.0,51.73794937133789,-1.2325339913368225,105.0
112371,1,0.0,0.0,0.0,54.04951477050781,-2.8032379150390625,2.0
115717,3,0.0,0.0,0.0,51.75392532348633,-0.2727993254860242,39.0
93175,1,0.0,0.0,0.0,50.84811019897461,-0.937034010887146,6.0
9458122,1,0.0,0.0,0.0,53.43416976928711,-1.355633020401001,-1.0
399716,5,0.0,0.0,0.0,53.45449447631836,-2.142225980758667,162.8
88577,3,0.0,0.0,0.0,53.31993103027344,-3.347886641820272,136.33333333333334
91035,3,0.0,0.0,0.0,35.86068852742513,-0.23052000006039938,142.0
2598955,1,0.0,0.0,0.0,51.58346176147461,0.007613999769091606,270.0
6664,3,0.0,0.0,0.0,53.99575678507487,-1.5043439865112305,80.66666666666667
93906,2,0.0,0.0,0.0,52.543392181396484,-1.4949139952659607,243.0
91408,2,0.0,0.0,0.0,54.597965240478516,-1.3058404922485352,237.0
10660,1,0.0,0.0,0.0,52.38637924194336,-2.261776924133301,74.0
113202,1,0.0,0.0,0.0,51.075225830078125,0.8482000231742859,336.0
132921,18,0.0,0.0,0.0,50.82262950473361,-0.2957749457822906,172.33333333333334
9291,1,0.0,0.0,0.0,51.78685760498047,-1.490839958190918,118.0
4042551,1,0.0,0.0,0.0,51.44132995605469,0.7584319710731506,113.0
3436072,1,0.0,0.0,0.0,52.90610885620117,-1.236847996711731,215.0
92569,18,0.0,0.0,0.0,53.55880482991537,-2.1946850617726645,118.94444444444444
41202,2,0.0,0.0,0.0,53.212677001953125,-2.8953025341033936,96.0
3348,13,0.0,0.0,0.0,51.490416013277496,-0.3293562325147482,155.76923076923077
63102,1,0.0,0.0,0.0,53.42223358154297,-2.861150026321411,317.0
130562,1,0.0,0.0,0.0,52.543678283691406,-1.9727100133895874,179.0
92372,2,0.0,0.0,0.0,54.0404109954834,-1.2197570204734802,121.5
77854,4,0.0,0.0,0.0,51.54769420623779,-1.2997280359268188,161.75
3074,1,0.0,0.0,0.0,53.318939208984375,-1.5025780200958252,242.0
7961976,2,0.0,0.0,0.0,53.411216735839844,-2.688694477081299,35.0
48845,5,0.0,0.0,0.0,55.004754638671876,-1.5058336019515992,174.0
2905237,1,0.0,0.0,0.0,53.68577575683594,-1.4979510307312012,-1.0
32324,1,0.0,0.0,0.0,52.81399917602539,-2.1453380584716797,110.0
8290481,4,0.0,0.0,0.0,51.38803768157959,-0.30370399355888367,236.25
19861,1,0.0,0.0,0.0,53.69388961791992,-1.6306780576705933,-1.0
12573,2,0.0,0.0,0.0,53.299156188964844,-1.9833694696426392,149.0
5036,7,0.0,0.0,0.0,50.83847318376814,-0.16162899988038198,133.57142857142858
9392,4,0.0,0.0,0.0,51.02628993988037,-0.11143300123512745,87.75
106373,3,0.0,0.0,0.0,51.603773752848305,-3.058351914087931,134.0
128782,2,0.0,0.0,0.0,52.6060676574707,-1.9453125,135.5
1734874,1,0.0,0.0,0.0,53.246089935302734,-1.9031000137329102,150.0
72481,1,0.0,0.0,0.0,50.800533294677734,-3.185960054397583,240.0
132986,2,0.0,0.0,0.0,51.20697021484375,-1.4818540215492249,261.0
47425,1,0.0,0.0,0.0,52.3906135559082,0.14918799698352814,172.0
120879,5,0.0,0.0,0.0,51.3461051940918,-2.9484346389770506,100.2
18203,4,0.0,0.0,0.0,54.761125564575195,-1.4063397347927094,130.0
79271,3,0.0,0.0,0.0,51.267584482828774,-1.0863336722056072,199.33333333333334
8154212,2,0.0,0.0,0.0,53.79160690307617,-2.5238289833068848,153.0
10628292,13,0.0,0.0,0.0,51.48092064490685,-0.190458921285776,110.76923076923077
14392,2,0.0,0.0,0.0,51.90981864929199,-2.0623234510421753,174.0
114094,7,0.0,0.0,0.0,51.900486537388396,0.8878307257379804,102.14285714285714
9900,8,0.0,0.0,0.0,51.79490947723389,-1.3047926425933838,235.5
132438,3,0.0,0.0,0.0,54.56897226969401,-1.3067056735356648,198.0
8375,6,0.0,0.0,0.0,50.80141830444336,-0.7349905073642731,219.0
57820,2,0.0,0.0,0.0,53.73190879821777,-1.8822470307350159,145.0
89898,7,0.0,0.0,0.0,53.690381731305806,-1.8374441351209367,90.14285714285714
92247,3,0.0,0.0,0.0,53.60812759399414,-2.237522999445597,243.0
32598,2,0.0,0.0,0.0,53.72733116149902,-1.7568700313568115,-1.0
92585,5,0.0,0.0,0.0,53.508059692382815,-2.206731748580933,47.0
914,1,0.0,0.0,0.0,53.2265739440918,-0.5373290181159973,324.0
367632,1,0.0,0.0,0.0,52.571746826171875,-2.0009961128234863,-1.0
101254,1,0.0,0.0,0.0,52.19906234741211,-0.6030340194702148,186.0
1957,2,0.0,0.0,0.0,51.905311584472656,-0.8573025166988373,93.5
8066,7,0.0,0.0,0.0,52.48732212611607,-1.8832972730909074,129.85714285714286
42720,1,0.0,0.0,0.0,51.881412506103516,-0.4003309905529022,216.0
46137,12,0.0,0.0,0.0,51.685150464375816,-3.0334179202715554,172.0
12205,6,0.0,0.0,0.0,53.76278813680013,-0.3178664992252986,185.0
3841910,1,0.0,0.0,0.0,53.74287033081055,-0.2354770004749298,287.0
96266,1,0.0,0.0,0.0,50.78544235229492,-1.1001019477844238,-1.0
10160,3,0.0,0.0,0.0,51.38285573323568,-0.3853123386700948,141.33333333333334
131162,5,0.0,0.0,0.0,54.117431640625,-3.224808359146118,204.0
4300,4,0.0,0.0,0.0,54.95997428894043,-1.6098580062389374,123.75
100194,3,0.0,0.0,0.0,53.215929667154946,-4.124191443125407,34.333333333333336
6899,4,0.0,0.0,0.0,52.444515228271484,1.732788473367691,197.5
132155,1,0.0,0.0,0.0,53.33372116088867,-3.021446943283081,156.0
4450,9,0.0,0.0,0.0,53.86847898695204,-3.0213025675879583,181.55555555555554
37824,2,0.0,0.0,0.0,53.65635681152344,-1.779005527496338,82.0
52445,1,0.0,0.0,0.0,53.79779052734375,-1.4436630010604858,273.0
114097,2,0.0,0.0,0.0,51.8795051574707,0.8899705111980438,255.0
12795,6,0.0,0.0,0.0,53.7957452138265,-1.7675906618436177,149.5
61847,2,0.0,0.0,0.0,51.31237602233887,1.383420467376709,150.0
64037,4,0.0,0.0,0.0,53.42160415649414,-1.3974564969539642,139.5
7178,3,0.0,0.0,0.0,52.02197774251302,1.227763334910075,136.66666666666666
8880162,12,0.0,0.0,0.0,51.52222506205241,-0.1029125830779473,210.0
104162,5,0.0,0.0,0.0,50.2395263671875,-5.081404066085815,94.2
18088,1,0.0,0.0,0.0,51.514556884765625,-3.588860034942627,332.0
82020,11,0.0,0.0,0.0,53.57073835893111,-2.430515831167048,147.36363636363637
103726,4,0.0,0.0,0.0,53.034865379333496,-2.202804744243622,195.0
9168,14,0.0,0.0,0.0,51.5732239314488,0.10739435840930257,144.64285714285714
7849612,3,0.0,0.0,0.0,51.61437098185221,-0.7137433290481567,97.66666666666667
59127,5,0.0,0.0,0.0,53.458657836914064,-3.0000420093536375,78.4
24576,2,0.0,0.0,0.0,53.6591682434082,-1.7206859588623047,195.0
5983,3,0.0,0.0,0.0,51.05419413248698,-4.142098744710286,134.0
132039,3,0.0,0.0,0.0,51.84096654256185,-2.266404628753662,70.0
91097,2,0.0,0.0,0.0,53.323150634765625,-1.0645084977149963,267.0
1435,4,0.0,0.0,0.0,44.27976202964783,38.21829557418823,129.0
3099576,1,0.0,0.0,0.0,52.47673416137695,-0.9193029999732971,-1.0
6416,1,0.0,0.0,0.0,53.425132751464844,-1.6040090322494507,24.0
3478,1,0.0,0.0,0.0,50.370643615722656,-4.1295928955078125,283.0
887097,4,0.0,0.0,0.0,53.56736087799072,-1.171006977558136,132.75
5294988,2,0.0,0.0,0.0,52.77041816711426,-1.9548999667167664,178.0
5372,1,0.0,0.0,0.0,51.47916793823242,0.32660698890686035,348.0
9393044,1,0.0,0.0,0.0,51.515621185302734,0.008062000386416912,0.0
1650816,2,0.0,0.0,0.0,52.05702590942383,-2.714222550392151,245.5
130557,2,0.0,0.0,0.0,52.463623046875,-2.020764470100403,280.0
7756433,11,0.0,0.0,0.0,50.22337029196999,-5.2452685616233135,93.0909090909091
2935212,5,0.0,0.0,0.0,52.4675178527832,-1.8091588020324707,104.6
21819,1,0.0,0.0,0.0,53.64715576171875,-1.7797859907150269,263.0
11477992,13,0.0,0.0,0.0,51.5157103905311,-0.018340000533498824,207.69230769230768
59017,8,0.0,0.0,0.0,53.405885219573975,-3.0319577157497406,193.0
32421,2,0.0,0.0,0.0,50.841949462890625,-1.8092215061187744,160.5
11735,4,0.0,0.0,0.0,50.89517021179199,-1.4138994812965393,123.5
6770409,1,0.0,0.0,0.0,51.772300720214844,0.09390100091695786,-1.0
102420,1,0.0,0.0,0.0,52.90610885620117,-2.493040084838867,63.0
980965,1,0.0,0.0,0.0,52.071109771728516,-2.7132411003112793,144.0
22936,3,0.0,0.0,0.0,52.61260477701823,-1.097692330678304,208.66666666666666
32643,7,0.0,0.0,0.0,45.767125265938894,-2.501241990498134,180.85714285714286
20292,4,0.0,0.0,0.0,51.09092044830322,-3.048244297504425,114.75
13135,1,0.0,0.0,0.0,52.49846267700195,-2.0189568996429443,359.0
6770288,3,0.0,0.0,0.0,52.252888997395836,0.16457132995128632,127.0
94823,14,0.0,0.0,0.0,53.5533379146031,-2.537181326321193,86.5
7407,2,0.0,0.0,0.0,51.67751693725586,-3.316075086593628,216.0
58382,4,0.0,0.0,0.0,54.90297985076904,-1.6099935173988342,107.25
4213,1,0.0,0.0,0.0,52.584815979003906,-1.9784510135650635,295.0
9597799,1,0.0,0.0,0.0,51.31331253051758,-2.42077898979187,174.0
106272,1,0.0,0.0,0.0,50.79402542114258,-3.655137062072754,215.0
6757722,4,0.0,0.0,0.0,51.38164806365967,0.08127325121313334,123.75
93861,1,0.0,0.0,0.0,52.66844940185547,-1.9798979759216309,83.0
128661,8,0.0,0.0,0.0,52.48157262802124,-1.9369966238737106,49.25
6413,1,0.0,0.0,0.0,51.11298370361328,-0.18694399297237396,344.0
17634,1,0.0,0.0,0.0,51.43252182006836,-0.9279890060424805,134.0
59235,3,0.0,0.0,0.0,53.44771067301432,-2.732434352238973,285.3333333333333
7496,1,0.0,0.0,0.0,51.70472717285156,-3.044296979904175,336.0
887109,1,0.0,0.0,0.0,53.543678283691406,-1.1479220390319824,201.0
32638,2,0.0,0.0,0.0,51.81521987915039,-0.8136860132217407,13.0
93372,3,0.0,0.0,0.0,51.89242935180664,-0.4221913417180379,187.33333333333334
887112,4,0.0,0.0,0.0,53.558695793151855,-1.1430842280387878,128.25
5847392,5,0.0,0.0,0.0,51.50244293212891,-0.5496554017066956,152.2
132454,6,0.0,0.0,0.0,54.570590337117515,-1.3178700009981792,223.0
132902,3,0.0,0.0,0.0,50.819357554117836,-0.3923059900601705,276.0
91096,1,0.0,0.0,0.0,53.29938507080078,-1.1039249897003174,174.0
9489950,1,0.0,0.0,0.0,55.01047134399414,-1.433271050453186,280.0
6866,1,0.0,0.0,0.0,55.039737701416016,-1.8471540212631226,65.0
9559698,8,0.0,0.0,0.0,51.53942584991455,-0.29628724977374077,163.125
8102,5,0.0,0.0,0.0,51.41916122436523,0.42281180024147036,62.0
13099,5,0.0,0.0,0.0,52.56629638671875,-2.0867919921875,164.4
5978,1,0.0,0.0,0.0,51.29566192626953,1.087211012840271,12.0
38551,3,0.0,0.0,0.0,54.920745849609375,-1.6640156507492065,11.0
11150004,12,0.0,0.0,0.0,51.36836910247803,-0.16194466749827066,123.75
111315,2,0.0,0.0,0.0,51.471200942993164,-0.45282700657844543,110.5
3869,9,0.0,0.0,0.0,50.793776194254555,-1.0842995643615723,162.44444444444446
110924,2,0.0,0.0,0.0,54.872108459472656,-1.38823401927948,160.0
131758,2,0.0,0.0,0.0,53.27237319946289,-0.49599000811576843,111.0
6448,9,0.0,0.0,0.0,52.16178427802192,0.14608288887474272,198.0
49159,6,0.0,0.0,0.0,54.95559056599935,-1.7004796663920085,66.0
7756432,6,0.0,0.0,0.0,50.23357963562012,-5.270889759063721,173.16666666666666
5657,4,0.0,0.0,0.0,51.67723369598389,0.02122525032609701,123.75
6264084,1,0.0,0.0,0.0,51.324180603027344,-2.2015109062194824,247.0
6772397,1,0.0,0.0,0.0,50.9020881652832,-3.4912109375,175.0
12620,2,0.0,0.0,0.0,53.6089973449707,-1.784546971321106,115.5
10455,1,0.0,0.0,0.0,53.45119094848633,-1.38913094997406,358.0
5176,3,0.0,0.0,0.0,51.52964782714844,-0.5303376615047455,59.0
2419170,1,0.0,0.0,0.0,51.27536392211914,1.0743160247802734,138.0
91070,5,0.0,0.0,0.0,53.403995513916016,-1.1312592267990111,151.2
132210,11,0.0,0.0,0.0,53.30220829356801,-2.9506906162608755,147.27272727272728
3641,5,0.0,0.0,0.0,50.96528930664063,-0.34099219739437103,264.6
3452864,2,0.0,0.0,0.0,53.019203186035156,-2.2249664068222046,163.5
10980876,1,0.0,0.0,0.0,52.585655212402344,1.4108439683914185,260.0
8958,1,0.0,0.0,0.0,51.39152145385742,-0.7689449787139893,122.0
10163,2,0.0,0.0,0.0,51.414724349975586,-2.5849989652633667,54.0
45292,1,0.0,0.0,0.0,52.480751037597656,-1.4729130268096924,172.0
59175,2,0.0,0.0,0.0,52.05677032470703,-2.685378074645996,75.5
10070895,11,0.0,0.0,0.0,51.37682446566495,-0.05259190854055553,151.36363636363637
70860,5,0.0,0.0,0.0,51.43960876464844,-0.961214804649353,169.0
94220,1,0.0,0.0,0.0,53.232322692871094,-2.5106399059295654,56.0
7401,1,0.0,0.0,0.0,54.455989837646484,-1.7800480127334595,348.0
78746,9,0.0,0.0,0.0,51.6722543504503,-1.2591644525527954,197.33333333333334
14759,1,0.0,0.0,0.0,51.721893310546875,-1.2135519981384277,228.0
76932,3,0.0,0.0,0.0,52.97056452433268,-3.035372336705526,59.666666666666664
47961,10,0.0,0.0,0.0,51.58717727661133,-1.104606693983078,140.6
87853,1,0.0,0.0,0.0,51.45621871948242,-0.9694479703903198,263.0
131276,1,0.0,0.0,0.0,54.1728401184082,-2.811976909637451,342.0
6770423,2,0.0,0.0,0.0,51.87224578857422,0.410026490688324,154.0
81917,2,0.0,0.0,0.0,52.691667556762695,-2.601796507835388,114.5
10423702,13,0.0,0.0,0.0,51.54655016385592,-0.00018769220332615077,173.07692307692307
100498,2,0.0,0.0,0.0,52.62969398498535,-1.900345504283905,165.0
121648,6,0.0,0.0,0.0,52.611592610677086,1.2664008140563965,129.66666666666666
95115,1,0.0,0.0,0.0,51.35284423828125,-1.9962010383605957,-1.0
10366279,5,0.0,0.0,0.0,51.735572052001956,-1.2377435684204101,224.4
110225,1,0.0,0.0,0.0,52.71566390991211,0.4594059884548187,86.0
23242,10,0.0,0.0,0.0,51.735718154907225,-1.2370314955711366,67.4
117454,3,0.0,0.0,0.0,52.654649098714195,-2.1943830649058023,108.66666666666667
6142,9,0.0,0.0,0.0,50.827964782714844,-0.11517721994055642,81.88888888888889
17967,4,0.0,0.0,0.0,52.62472915649414,1.2759677469730377,136.5
92542,16,0.0,0.0,0.0,53.556402921676636,-2.125328376889229,170.125
43898,1,0.0,0.0,0.0,51.07517623901367,-4.054131031036377,298.0
14396,2,0.0,0.0,0.0,25.54408073425293,0.5714614987373352,150.0
30530,5,0.0,0.0,0.0,53.85023498535156,-1.6470370054244996,138.6
123449,9,0.0,0.0,0.0,53.366943359375,-1.480299883418613,100.55555555555556
61582,2,0.0,0.0,0.0,51.46420860290527,-2.1726720333099365,80.0
3205,1,0.0,0.0,0.0,50.91876220703125,-1.4038259983062744,151.0
12696,6,0.0,0.0,0.0,53.85802904764811,-1.6244128346443176,160.66666666666666
5829804,1,0.0,0.0,0.0,51.12721633911133,1.3290740251541138,36.0
98063,3,0.0,0.0,0.0,51.932291666666664,0.31062666575113934,159.33333333333334
82005,1,0.0,0.0,0.0,53.594364166259766,-2.4630379676818848,37.0
7825,3,0.0,0.0,0.0,50.48725382486979,-4.984178384145101,114.0
18000,1,0.0,0.0,0.0,51.617740631103516,-3.757283926010132,116.0
90203,3,0.0,0.0,0.0,51.366041819254555,-0.12776433179775873,105.0
3841972,1,0.0,0.0,0.0,54.2811164855957,-0.4383639991283417,-1.0
32447,7,0.0,0.0,0.0,51.82388360159738,-1.2178620270320348,182.57142857142858
88483,1,0.0,0.0,0.0,51.03776168823242,-2.2209110260009766,205.0
,6115,0.0,0.0,0.0,51.81985131339372,-0.5197389161635371,142.44922322158627
8216,6,0.0,0.0,0.0,51.75247764587402,0.6676738361517588,112.0
132622,3,0.0,0.0,0.0,52.40114720662435,-1.6205730438232422,234.0
6275,1,0.0,0.0,0.0,50.94363784790039,-2.668278932571411,67.0
9760,2,0.0,0.0,0.0,51.16183280944824,-0.3384519964456558,115.5
94882,3,0.0,0.0,0.0,53.56344477335612,-1.0553073684374492,187.33333333333334
89480,1,0.0,0.0,0.0,53.36063766479492,-3.026236057281494,174.0
5496,5,0.0,0.0,0.0,51.6472526550293,-3.9478943824768065,199.8
24249,1,0.0,0.0,0.0,50.83590316772461,-4.5502190589904785,88.0
12922,2,0.0,0.0,0.0,52.54398536682129,-2.002698004245758,102.0
132642,4,0.0,0.0,0.0,52.405744552612305,-1.4702272713184357,231.0
72352,2,0.0,0.0,0.0,53.5210018157959,-2.8384339809417725,216.5
8886,2,0.0,0.0,0.0,55.04439353942871,-1.5722295045852661,107.0
102945,5,0.0,0.0,0.0,53.766169738769534,-2.7112734794616697,86.4
115122,2,0.0,0.0,0.0,53.230146408081055,-1.5423070192337036,141.0
980966,1,0.0,0.0,0.0,52.05826950073242,-2.708725929260254,-1.0
1719832,6,0.0,0.0,0.0,52.415011723836265,-1.9761436780293782,83.83333333333333
129290,1,0.0,0.0,0.0,53.34001159667969,0.26047301292419434,173.0
132396,4,0.0,0.0,0.0,54.98056221008301,-1.4203562438488007,240.0
6860,29,0.0,0.0,0.0,52.51220584737843,-1.9837156082021778,116.58620689655173
66071,6,0.0,0.0,0.0,52.58205922444662,-0.23784949630498886,122.0
92155,2,0.0,0.0,0.0,53.61590576171875,-2.12960147857666,43.0
4683954,1,0.0,0.0,0.0,51.916465759277344,0.8909279704093933,271.0
92148,3,0.0,0.0,0.0,53.590291341145836,-2.153852701187134,106.33333333333333
111479,2,0.0,0.0,0.0,53.26710319519043,-2.913999080657959,114.0
76939,3,0.0,0.0,0.0,52.94963582356771,-3.0405683517456055,76.0
132577,9,0.0,0.0,0.0,52.36508093939887,-0.7524305648273892,155.33333333333334
133017,1,0.0,0.0,0.0,51.26731491088867,-1.0838600397109985,18.0
57030,2,0.0,0.0,0.0,53.63512992858887,-2.989828109741211,16.0
9307758,3,0.0,0.0,0.0,54.98206329345703,-1.625976324081421,98.0
3983546,1,0.0,0.0,0.0,52.05103302001953,0.7428299784660339,38.0
8078896,2,0.0,0.0,0.0,52.47196006774902,-2.055217981338501,96.5
12088674,1,0.0,0.0,0.0,54.922000885009766,-1.6792049407958984,267.0
63113,2,0.0,0.0,0.0,53.55379676818848,-3.07159960269928,43.0
59019,5,0.0,0.0,0.0,53.403673553466795,-3.0675528049468994,97.8
3246,1,0.0,0.0,0.0,51.257232666015625,-2.1818010807037354,48.0
4209,12,0.0,0.0,0.0,51.494358698527016,0.26904499779144925,102.83333333333333
27556,1,0.0,0.0,0.0,50.102333068847656,-5.275241851806641,310.0
22937,2,0.0,0.0,0.0,52.819576263427734,-2.121398448944092,-1.0
82038,1,0.0,0.0,0.0,53.57551956176758,-2.687716007232666,219.0
12624,2,0.0,0.0,0.0,53.64490509033203,-1.805806040763855,193.5
6348,5,0.0,0.0,0.0,51.23936004638672,-0.5791006088256836,80.0
6986,2,0.0,0.0,0.0,51.576833724975586,-1.793927013874054,251.5
9762,2,0.0,0.0,0.0,52.00440788269043,1.0400274991989136,122.0
104003,1,0.0,0.0,0.0,50.85631561279297,0.5837219953536987,30.0
78216,12,0.0,0.0,0.0,50.85463174184164,0.06809150074453403,114.25
23149,2,0.0,0.0,0.0,50.97392463684082,-1.9644309878349304,2.5
131161,2,0.0,0.0,0.0,54.112876892089844,-3.221337080001831,141.0
1328,1,0.0,0.0,0.0,54.96921920776367,-2.1290969848632812,101.0
74925,4,0.0,0.0,0.0,50.74658393859863,-1.864319771528244,125.5
132536,6,0.0,0.0,0.0,52.249533335367836,-0.8501749932765961,126.0
131594,2,0.0,0.0,0.0,53.55693054199219,-0.03703949972987175,288.0
5227,9,0.0,0.0,0.0,50.654493967692055,-1.2031048801210191,114.44444444444444
10263073,2,0.0,0.0,0.0,52.57619285583496,-2.089727997779846,229.0
91104,8,0.0,0.0,0.0,52.779515743255615,0.13774337808717974,156.75
4951,8,0.0,0.0,0.0,52.34502363204956,-1.5489418506622314,37.875
131076,15,0.0,0.0,0.0,52.2032117207845,0.1453584651152293,158.8
7084313,1,0.0,0.0,0.0,0.0,0.0,0.0
51814,4,0.0,0.0,0.0,51.91154098510742,0.8970502465963364,133.5
6312,1,0.0,0.0,0.0,52.75730514526367,0.41554099321365356,274.0
15588,15,0.0,0.0,0.0,50.7911994934082,0.05900720097124577,149.0
106565,2,0.0,0.0,0.0,53.835506439208984,-0.43588949739933014,100.0
131578,2,0.0,0.0,0.0,53.397172927856445,-0.7678140103816986,210.0
5094,1,0.0,0.0,0.0,50.809722900390625,-0.39580100774765015,240.0
11372,1,0.0,0.0,0.0,51.384952545166016,-2.3596038818359375,-1.0
131308,2,0.0,0.0,0.0,27.32831382751465,-1.7771575450897217,171.0
11316654,16,0.0,0.0,0.0,51.53501653671265,-0.31446431018412113,132.1875
6474,4,0.0,0.0,0.0,53.75982093811035,-2.4052401781082153,142.25
57819,1,0.0,0.0,0.0,53.7510986328125,-1.908094048500061,155.0
132858,7,0.0,0.0,0.0,50.822425842285156,-1.0872514247894287,131.14285714285714
59239,16,0.0,0.0,0.0,53.3867928981781,-2.8961002975702286,124.9375
104483,1,0.0,0.0,0.0,51.38701248168945,-0.42246899008750916,-1.0
133113,1,0.0,0.0,0.0,50.38145065307617,-4.130346775054932,234.0
6054,7,0.0,0.0,0.0,53.42883082798549,-2.227170160838536,88.71428571428571
10881,6,0.0,0.0,0.0,51.56658617655436,-3.3833826382954917,226.0
348458,8,0.0,0.0,0.0,51.512425899505615,-0.07788362493738532,157.5
10467,1,0.0,0.0,0.0,51.414794921875,-0.5342360138893127,154.0
116642,7,0.0,0.0,0.0,54.56540189470564,-0.9495832920074463,117.71428571428571
4332,8,0.0,0.0,0.0,52.49406814575195,-2.005511999130249,114.125
12054512,2,0.0,0.0,0.0,51.51213836669922,-2.4232285022735596,111.5
11732,4,0.0,0.0,0.0,50.91241931915283,-1.4425700306892395,138.75
133396,2,0.0,0.0,0.0,53.36580467224121,-1.4599239826202393,180.0
120729,11,0.0,0.0,0.0,51.47403335571289,-2.58898570320823,60.36363636363637
1631,9,0.0,0.0,0.0,53.40630891587999,-2.127914455201891,109.44444444444444
5069737,6,0.0,0.0,0.0,51.572530110677086,0.10364716624220212,120.0
112339,5,0.0,0.0,0.0,53.77507095336914,-2.3241373538970946,66.2
6668,3,0.0,0.0,0.0,51.5623524983724,-1.7965269883473713,230.33333333333334
12020024,12,0.0,0.0,0.0,51.5125478108724,-0.2267231692870458,165.0
59238,5,0.0,0.0,0.0,53.414364624023435,-2.9299946784973145,242.4
25446,3,0.0,0.0,0.0,53.65252558390299,-1.8094979921976726,78.0
5646,7,0.0,0.0,0.0,52.514774322509766,-1.8536598512104578,79.0
88485,1,0.0,0.0,0.0,51.5814094543457,-1.1946099996566772,7.0
18925,1,0.0,0.0,0.0,50.320743560791016,-4.080196857452393,126.0
25840,2,0.0,0.0,0.0,53.728261947631836,-1.8570404648780823,153.0
17800,2,0.0,0.0,0.0,52.97186470031738,-1.1644854545593262,89.5
4615899,4,0.0,0.0,0.0,51.740224838256836,-0.3228529989719391,67.0
11896,4,0.0,0.0,0.0,53.76223659515381,-1.452379286289215,172.0
11787,1,0.0,0.0,0.0,54.96129608154297,-1.6179200410842896,325.0
115118,1,0.0,0.0,0.0,53.144832611083984,-1.445567011833191,348.0
3598633,1,0.0,0.0,0.0,52.360897064208984,-1.2700059413909912,246.0
6061,1,0.0,0.0,0.0,51.2771110534668,1.094154953956604,0.0
37831,3,0.0,0.0,0.0,53.678436279296875,-1.989120324452718,65.66666666666667
6458,4,0.0,0.0,0.0,52.544172286987305,-1.3870480060577393,116.25
13843,5,0.0,0.0,0.0,52.4131965637207,-1.471645975112915,110.4
111680,1,0.0,0.0,0.0,52.529327392578125,-3.1195709705352783,277.0
92154,1,0.0,0.0,0.0,53.60482406616211,-2.111219882965088,261.0
110923,4,0.0,0.0,0.0,54.93955421447754,-1.4384750127792358,91.75
15343,3,0.0,0.0,0.0,51.59886678059896,-3.4355596701304116,118.0
3436062,1,0.0,0.0,0.0,53.32551574707031,-0.9400830268859863,48.0
108180,10,0.0,0.0,0.0,53.759555435180665,-0.34940689504146577,150.9
9749493,4,0.0,0.0,0.0,52.66093826293945,1.400168240070343,64.5
1517417,3,0.0,0.0,0.0,51.17539978027344,-0.7670680085817972,230.0
10246365,5,0.0,0.0,0.0,51.56471405029297,0.1892302006483078,153.0
41787,1,0.0,0.0,0.0,53.747215270996094,-1.8420770168304443,45.0
10340906,2,0.0,0.0,0.0,51.73913764953613,-1.2225910425186157,192.0
1222932,7,0.0,0.0,0.0,51.73568071637835,-1.1577139922550745,92.57142857142857
11316314,9,0.0,0.0,0.0,51.38809246487088,-0.049801222653412774,155.0
94825,4,0.0,0.0,0.0,53.5443229675293,-2.6518032550811768,130.0
113198,6,0.0,0.0,0.0,51.14353624979655,0.8845053315162659,131.0
91063,1,0.0,0.0,0.0,53.22785568237305,-1.1935139894485474,108.0
93212,2,0.0,0.0,0.0,52.37731742858887,-1.3898764848709106,201.0
12366,1,0.0,0.0,0.0,53.7093620300293,-1.6772329807281494,-1.0
14825,7,0.0,0.0,0.0,53.46466554914202,-2.13601929800851,89.28571428571429
8834,2,0.0,0.0,0.0,51.72657585144043,-3.736052989959717,42.0
78682,1,0.0,0.0,0.0,55.01087951660156,-1.600790023803711,346.0
74652,2,0.0,0.0,0.0,53.775733947753906,-2.7252449989318848,108.5
101315,2,0.0,0.0,0.0,52.65827751159668,-1.760587453842163,66.5
6941,3,0.0,0.0,0.0,52.05222702026367,1.1421423355738323,86.0
11541028,2,0.0,0.0,0.0,52.57476234436035,-1.6660774946212769,99.0
59243,3,0.0,0.0,0.0,53.6375732421875,-2.991152286529541,205.0
7032,1,0.0,0.0,0.0,51.882171630859375,-0.41437599062919617,280.0
11026876,2,0.0,0.0,0.0,52.2888240814209,-0.02566200029104948,301.5
24213,12,0.0,0.0,0.0,52.58642419179281,-2.06185190876325,11.75
10383,4,0.0,0.0,0.0,50.58425998687744,-4.134724259376526,115.5
71152,2,0.0,0.0,0.0,54.004241943359375,-1.533563494682312,139.0
58864,7,0.0,0.0,0.0,53.481971740722656,-2.672447000231062,158.85714285714286
132398,11,0.0,0.0,0.0,49.97840603915128,-1.456679268316789,153.27272727272728
4719,1,0.0,0.0,0.0,53.4447135925293,-1.3902729749679565,209.0
4746,6,0.0,0.0,0.0,52.404472986857094,-1.9613578120867412,109.5
4143,3,0.0,0.0,0.0,51.38909784952799,0.5259366631507874,60.666666666666664
11427,1,0.0,0.0,0.0,52.05681228637695,-2.441884994506836,152.0
879077,2,0.0,0.0,0.0,55.78034019470215,-2.0154075622558594,88.5
7285,4,0.0,0.0,0.0,51.441229820251465,-2.7211920022964478,153.75
3983483,1,0.0,0.0,0.0,52.23374938964844,0.7218019962310791,272.0
9584,1,0.0,0.0,0.0,51.56817626953125,0.4000000059604645,262.0
65912,1,0.0,0.0,0.0,53.84383010864258,-0.47647300362586975,-1.0
7665487,2,0.0,0.0,0.0,52.27122497558594,-3.037858009338379,171.0
399857,3,0.0,0.0,0.0,53.39790344238281,-2.247175693511963,180.33333333333334
9780,1,0.0,0.0,0.0,51.816471099853516,-0.04081600159406662,216.0
3877840,3,0.0,0.0,0.0,53.76904551188151,-0.32107500235239667,114.0
132910,2,0.0,0.0,0.0,50.83426284790039,-0.36954250931739807,3.0
132391,3,0.0,0.0,0.0,54.904850006103516,-1.3896886507670085,112.0
91111,3,0.0,0.0,0.0,35.10527674357096,0.1109463373819987,96.0
8290260,11,0.0,0.0,0.0,51.469986308704726,-0.07709772715514357,102.27272727272727
177798,1,0.0,0.0,0.0,50.43781661987305,-4.998150825500488,-1.0
57852,1,0.0,0.0,0.0,51.5786247253418,-2.094568967819214,25.0
95917,1,0.0,0.0,0.0,51.63870620727539,-3.9353890419006348,-1.0
3614510,2,0.0,0.0,0.0,51.939109802246094,-0.19700700044631958,128.5
4679,9,0.0,0.0,0.0,52.43351321750217,-1.9526346392101712,78.66666666666667
6007,13,0.0,0.0,0.0,53.76775360107422,-2.6953799907977762,143.6153846153846
39511,3,0.0,0.0,0.0,51.73993810017904,-2.2090763250986734,100.0
93035,2,0.0,0.0,0.0,53.14976692199707,0.3312139958143234,87.0
11316816,18,0.0,0.0,0.0,51.52245733473036,-0.07485188947369655,215.0
78214,1,0.0,0.0,0.0,52.70153045654297,1.2408829927444458,-1.0
78224,4,0.0,0.0,0.0,54.5899715423584,-1.144569754600525,138.0
93642,9,0.0,0.0,0.0,53.483133951822914,-2.2358404530419245,64.88888888888889
1629,1,0.0,0.0,0.0,53.375640869140625,-2.196928024291992,259.0
10070763,9,0.0,0.0,0.0,51.45816167195638,0.07922600064840582,175.0
10276,9,0.0,0.0,0.0,51.37747234768338,-2.171077781253391,89.33333333333333
159331,3,0.0,0.0,0.0,52.401363372802734,-1.6848286390304565,134.0
9608253,2,0.0,0.0,0.0,52.3656120300293,-1.2235310077667236,255.0
765,6,0.0,0.0,0.0,53.33671442667643,-1.4099968473116558,72.66666666666667
93159,8,0.0,0.0,0.0,50.99799394607544,-1.466987133026123,125.25
46055,1,0.0,0.0,0.0,53.048980712890625,-2.179917097091675,292.0
117896,1,0.0,0.0,0.0,55.11962890625,-1.6699310541152954,337.0
9001,1,0.0,0.0,0.0,50.43501663208008,-3.5681591033935547,299.0
13408,1,0.0,0.0,0.0,51.216068267822266,-0.39135000109672546,75.0
132424,3,0.0,0.0,0.0,54.980506896972656,-1.629690686861674,170.0
8830195,2,0.0,0.0,0.0,50.57182502746582,-4.213640928268433,165.0
11188,1,0.0,0.0,0.0,51.792171478271484,-1.483111023902893,110.0
20297,1,0.0,0.0,0.0,51.45108413696289,-0.9726529717445374,227.0
133042,2,0.0,0.0,0.0,51.07350730895996,-1.2471285462379456,177.0
131249,1,0.0,0.0,0.0,0.0,0.0,0.0
63108,2,0.0,0.0,0.0,53.3642463684082,-2.8251835107803345,264.5
133175,3,0.0,0.0,0.0,50.696475982666016,-3.807636260986328,32.0
4440,17,0.0,0.0,0.0,52.483398886287915,-1.8147226011051851,111.41176470588235
28284,10,0.0,0.0,0.0,54.77089347839355,-1.6282461881637573,157.1
89239,8,0.0,0.0,0.0,51.85848093032837,0.5858978852629662,221.625
10316,2,0.0,0.0,0.0,53.433135986328125,-1.3535020351409912,281.5
71751,1,0.0,0.0,0.0,53.9819450378418,-1.5510560274124146,181.0
2712079,3,0.0,0.0,0.0,52.74561564127604,-2.423224608103434,16.666666666666668
62117,3,0.0,0.0,0.0,51.38520304361979,0.5395586689313253,58.333333333333336
5399,6,0.0,0.0,0.0,51.57188479105631,-0.6457149982452393,124.0
3921640,1,0.0,0.0,0.0,52.63463592529297,-1.6958400011062622,301.0
45778,7,0.0,0.0,0.0,54.90853227887835,-1.6900248697825841,91.85714285714286
4545474,1,0.0,0.0,0.0,51.540283203125,0.6784110069274902,12.0
7536,5,0.0,0.0,0.0,52.64085693359375,-1.1015475988388062,58.4
7834727,3,0.0,0.0,0.0,51.46682484944662,-2.6112163066864014,124.0
77919,1,0.0,0.0,0.0,54.550437927246094,-1.5468930006027222,-1.0
6402,1,0.0,0.0,0.0,52.59335708618164,-0.25603100657463074,138.0
9286,1,0.0,0.0,0.0,54.76790237426758,-1.3407249450683594,279.0
131973,1,0.0,0.0,0.0,53.307289123535156,-1.1229389905929565,24.0
69502,4,0.0,0.0,0.0,52.550167083740234,-1.9821439981460571,99.0
10246378,6,0.0,0.0,0.0,51.52766354878744,0.15753783285617828,165.0
57702,1,0.0,0.0,0.0,52.710079193115234,-2.7675158977508545,3.0
54422,4,0.0,0.0,0.0,51.57229995727539,0.44397400319576263,83.25
89484,5,0.0,0.0,0.0,53.46695404052734,-2.868827390670776,230.4
9304022,1,0.0,0.0,0.0,53.37163162231445,0.0008849999867379665,177.0
11122,6,0.0,0.0,0.0,52.27470842997233,-2.141910990079244,94.0
4608,1,0.0,0.0,0.0,50.89019012451172,-2.7880570888519287,270.0
3971,3,0.0,0.0,0.0,52.742987314860024,-1.3168996969858806,93.33333333333333
97487,1,0.0,0.0,0.0,53.99442672729492,-1.5355559587478638,27.0
133337,5,0.0,0.0,0.0,51.655104064941405,-3.0253443241119387,126.0
56140,5,0.0,0.0,0.0,54.89230499267578,-2.9407880306243896,135.6
116964,1,0.0,0.0,0.0,53.762210845947266,-1.383633017539978,60.0
1669869,2,0.0,0.0,0.0,52.34334373474121,-2.1064274311065674,39.0
66470,1,0.0,0.0,0.0,51.13088607788086,1.3041969537734985,0.0
17929,5,0.0,0.0,0.0,52.6279182434082,1.2689101934432983,126.2
6028,1,0.0,0.0,0.0,51.01642608642578,-3.1033709049224854,176.0
532868,3,0.0,0.0,0.0,50.436702728271484,-3.5734943548838296,230.0
26866,1,0.0,0.0,0.0,51.62385559082031,-0.7547450065612793,216.0
128640,15,0.0,0.0,0.0,52.44002100626628,-1.8399804751078288,111.4
76733,7,0.0,0.0,0.0,51.764387948172434,-1.2342230081558228,217.0
103306,1,0.0,0.0,0.0,51.75141906738281,-0.3353700041770935,95.0
12804,1,0.0,0.0,0.0,53.712345123291016,-1.6678880453109741,305.0
11669913,1,0.0,0.0,0.0,53.744239807128906,-1.2830870151519775,-1.0
84259,1,0.0,0.0,0.0,51.917781829833984,-0.661234974861145,93.0
32442,1,0.0,0.0,0.0,50.37529754638672,-3.5413360595703125,204.0
61044,1,0.0,0.0,0.0,52.19370651245117,-1.7097660303115845,193.0
12860,9,0.0,0.0,0.0,51.382794274224175,-0.42473377452956307,125.11111111111111
3916,2,0.0,0.0,0.0,52.072526931762695,0.463809996843338,188.5
1668,4,0.0,0.0,0.0,53.57069110870361,-2.839830994606018,145.5
93989,1,0.0,0.0,0.0,52.310203552246094,-0.6881489753723145,222.0
104013,2,0.0,0.0,0.0,50.74374008178711,-3.533700466156006,177.0
2855665,17,0.0,0.0,0.0,54.98272503123564,-1.5551029794356401,138.11764705882354
92801,1,0.0,0.0,0.0,53.410308837890625,-1.5042099952697754,331.0
132635,5,0.0,0.0,0.0,52.423885345458984,-1.4991957902908326,140.4
84916,1,0.0,0.0,0.0,52.65346908569336,1.1790950298309326,-1.0
94817,14,0.0,0.0,0.0,53.52076394217355,-2.572668126651219,147.35714285714286
10984212,17,0.0,0.0,0.0,51.54247957117417,-0.011890764478320145,140.2941176470588
963101,1,0.0,0.0,0.0,52.681236267089844,-1.135254979133606,298.0
104160,1,0.0,0.0,0.0,52.05563735961914,1.1491780281066895,133.0
112308,5,0.0,0.0,0.0,51.62377395629883,-0.7522500038146973,186.4
12522,6,0.0,0.0,0.0,53.798130671183266,-1.6330431898434956,149.16666666666666
399765,12,0.0,0.0,0.0,53.47102801005045,-2.2665602564811707,73.16666666666667
91080,3,0.0,0.0,0.0,53.07618077596029,-0.91095499197642,240.0
5114,1,0.0,0.0,0.0,50.38377380371094,-4.107247829437256,64.0
81517,2,0.0,0.0,0.0,53.69240379333496,-1.4810869693756104,234.0
12197444,14,0.0,0.0,0.0,51.588701248168945,0.0015048570348881185,131.78571428571428
963104,2,0.0,0.0,0.0,52.691532135009766,-1.1323444843292236,64.5
49668,6,0.0,0.0,0.0,52.42090670267741,-1.4938928484916687,54.5
132421,6,0.0,0.0,0.0,54.90490277608236,-1.4140564799308777,127.0
131802,2,0.0,0.0,0.0,53.23720741271973,-0.5446999967098236,237.0
3204,2,0.0,0.0,0.0,50.93924903869629,-1.3996824622154236,-1.0
11345,1,0.0,0.0,0.0,51.77490234375,-0.6385759711265564,-1.0
22577,7,0.0,0.0,0.0,53.82150976998465,-1.6827258552823747,107.14285714285714
99506,2,0.0,0.0,0.0,51.42686653137207,0.3884035050868988,78.0
1970,3,0.0,0.0,0.0,52.01684315999349,-1.4174693028132122,112.0
6831,2,0.0,0.0,0.0,54.65752601623535,-1.6778780221939087,94.0
132009,1,0.0,0.0,0.0,51.87313461303711,-2.2104439735412598,240.0
132087,2,0.0,0.0,0.0,51.800703048706055,-2.011032462120056,138.0
94961,3,0.0,0.0,0.0,51.528446197509766,-3.4437433878580728,88.0
131749,4,0.0,0.0,0.0,53.7367582321167,-0.3744954988360405,223.5
9707426,1,0.0,0.0,0.0,51.45841598510742,-2.1297600269317627,355.0
7522,9,0.0,0.0,0.0,52.57182735866971,-1.8408452139960394,92.77777777777777
132067,1,0.0,0.0,0.0,51.38691711425781,-2.3614420890808105,354.0
50465,1,0.0,0.0,0.0,51.05157470703125,-1.783154010772705,-1.0
30237,1,0.0,0.0,0.0,54.961212158203125,-1.8535369634628296,-1.0
49571,5,0.0,0.0,0.0,51.291840362548825,-0.35239480137825013,157.8
9559575,18,0.0,0.0,0.0,51.49895413716634,-0.28601627548535663,150.0
92086,3,0.0,0.0,0.0,51.690436045328774,-0.29255200425783795,66.0
67424,3,0.0,0.0,0.0,52.43257395426432,-2.346507708231608,110.33333333333333
2167550,2,0.0,0.0,0.0,51.94369888305664,-0.6202789843082428,49.0
24060,1,0.0,0.0,0.0,53.32167434692383,-3.4695448875427246,338.0
1277,2,0.0,0.0,0.0,51.69157409667969,-4.115854501724243,135.5
12218,5,0.0,0.0,0.0,43.01888198852539,-0.2669476091861725,134.4
82028,2,0.0,0.0,0.0,53.59366416931152,-2.41921603679657,42.0
783353,3,0.0,0.0,0.0,50.82111104329427,-0.12773133565982184,222.0
131278,5,0.0,0.0,0.0,53.957330322265626,-2.857433032989502,174.0
6871,5,0.0,0.0,0.0,53.860163879394534,-2.927173376083374,195.2
90231,5,0.0,0.0,0.0,53.73782501220703,-0.37245120406150817,200.4
2760766,11,0.0,0.0,0.0,51.534732125022195,-0.21554227444258603,200.45454545454547
96761,2,0.0,0.0,0.0,50.63958930969238,-3.8310400247573853,98.0
7461,8,0.0,0.0,0.0,52.4412317276001,-1.816796138882637,114.5
29648,1,0.0,0.0,0.0,52.65387725830078,0.6875619888305664,82.0
45411,1,0.0,0.0,0.0,52.11024856567383,-2.0747809410095215,-1.0
132756,2,0.0,0.0,0.0,26.157075881958008,-0.45104900002479553,0.0
111484,1,0.0,0.0,0.0,53.16651916503906,-3.107340097427368,258.0
6525,11,0.0,0.0,0.0,50.860137245871805,-1.050635738806291,95.72727272727273
93200,3,0.0,0.0,0.0,52.343613942464195,-1.3506660064061482,102.0
94853,4,0.0,0.0,0.0,53.49930191040039,-1.1668125092983246,74.0
133019,6,0.0,0.0,0.0,51.310537338256836,-1.1176673372586567,146.0
132692,1,0.0,0.0,0.0,52.214454650878906,-0.8924310207366943,114.0
114096,1,0.0,0.0,0.0,51.87120819091797,0.8734989762306213,127.0
7601265,10,0.0,0.0,0.0,51.43888778686524,-0.2517613977193832,108.0
37599,8,0.0,0.0,0.0,54.07586669921875,-0.9840551316738129,105.875
69899,1,0.0,0.0,0.0,53.48685073852539,-2.9075450897216797,84.0
86929,1,0.0,0.0,0.0,51.78416442871094,-1.4854849576950073,-1.0
7646,1,0.0,0.0,0.0,52.551883697509766,-2.023439884185791,-1.0
132935,4,0.0,0.0,0.0,51.3236198425293,-0.7592504918575287,108.0
3699,9,0.0,0.0,0.0,51.04314761691623,-4.156344360775417,112.66666666666667
5789422,1,0.0,0.0,0.0,53.364723205566406,-2.728621006011963,104.0
1950135,1,0.0,0.0,0.0,54.48110580444336,-0.6208950281143188,151.0
133033,3,0.0,0.0,0.0,51.06586583455404,-1.3169723351796467,96.0
8642609,7,0.0,0.0,0.0,51.59336962018694,-0.008698142782252814,115.71428571428571
56948,1,0.0,0.0,0.0,50.978271484375,-3.227241039276123,-1.0
131851,15,0.0,0.0,0.0,49.59753392537435,-1.156293265024821,66.4
12140,8,0.0,0.0,0.0,53.68163776397705,-1.5788713693618774,154.625
103531,3,0.0,0.0,0.0,53.77567036946615,-1.553544322649638,72.0
78420,3,0.0,0.0,0.0,51.4692637125651,-0.480923334757487,5.666666666666667
72916,2,0.0,0.0,0.0,51.375383377075195,-2.3789165019989014,178.5
3983533,4,0.0,0.0,0.0,52.00129318237305,0.7783854901790619,43.0
6051,3,0.0,0.0,0.0,51.63468551635742,-3.955625295639038,68.0
10070825,20,0.0,0.0,0.0,51.424241828918454,-0.21240175068378447,139.5
101953,5,0.0,0.0,0.0,51.469068145751955,-2.55965256690979,119.0
9421,1,0.0,0.0,0.0,51.681270599365234,-0.39024001359939575,-1.0
128635,4,0.0,0.0,0.0,52.44669818878174,-1.8733917474746704,230.0
121807,4,0.0,0.0,0.0,51.7318172454834,0.41493649780750275,76.75
63793,1,0.0,0.0,0.0,51.28681182861328,0.16739599406719208,222.0
91254,1,0.0,0.0,0.0,53.57771301269531,-0.7636060118675232,282.0
7724,3,0.0,0.0,0.0,53.545693715413414,-1.5319363276163738,258.0
11393,1,0.0,0.0,0.0,51.35353088378906,-1.9975409507751465,304.0
86088,6,0.0,0.0,0.0,54.392019271850586,-2.9085998137791953,136.0
108476,1,0.0,0.0,0.0,51.45459747314453,-0.458404004573822,-1.0
32596,7,0.0,0.0,0.0,53.764282771519255,-1.816667982510158,157.71428571428572
10206,1,0.0,0.0,0.0,52.04039764404297,0.7334259748458862,215.0
80129,9,0.0,0.0,0.0,51.49568430582682,-0.5475383268462287,74.22222222222223
82349,4,0.0,0.0,0.0,51.67130184173584,-1.320131778717041,58.5
59022,12,0.0,0.0,0.0,53.38738218943278,-3.08256071805954,105.66666666666667
4560,4,0.0,0.0,0.0,52.835503578186035,-1.173398733139038,166.0
7664,4,0.0,0.0,0.0,52.66372013092041,-0.40197475254535675,130.0
563,8,0.0,0.0,0.0,52.43910837173462,-2.0590391159057617,132.5
61392,1,0.0,0.0,0.0,53.685359954833984,-1.4977179765701294,-1.0
12242217,7,0.0,0.0,0.0,51.3969737461635,-2.5372802870614186,108.57142857142857
4493,14,0.0,0.0,0.0,52.46195438929966,-1.8251852904047285,155.64285714285714
104915,2,0.0,0.0,0.0,52.692026138305664,-2.489214062690735,232.0
103961,4,0.0,0.0,0.0,53.0120906829834,-2.267421782016754,92.25
56502,1,0.0,0.0,0.0,51.01477813720703,-3.102613925933838,-1.0
1334725,11,0.0,0.0,0.0,53.49444233287465,-1.3835030035539106,146.1818181818182
10973957,3,0.0,0.0,0.0,53.795379638671875,-1.7324196894963582,2.3333333333333335
10246348,13,0.0,0.0,0.0,51.54452896118164,0.20128438564447257,110.76923076923077
9304021,1,0.0,0.0,0.0,53.08443832397461,-0.6240699887275696,36.0
722927,12,0.0,0.0,0.0,51.4434814453125,-0.002890166671325763,120.0
93176,3,0.0,0.0,0.0,50.82244618733724,-0.978333314259847,72.0
131191,4,0.0,0.0,0.0,54.9436731338501,-2.360343784093857,213.0
14668,3,0.0,0.0,0.0,52.71606318155924,-0.16128932933012644,170.0
4456,1,0.0,0.0,0.0,53.393043518066406,-2.628424882888794,329.0
132441,10,0.0,0.0,0.0,54.97708854675293,-1.6262416124343873,135.0
59268,9,0.0,0.0,0.0,53.40546671549479,-2.818214522467719,184.33333333333334
399891,3,0.0,0.0,0.0,53.41325378417969,-2.2239052454630532,64.33333333333333
8383,1,0.0,0.0,0.0,53.84638977050781,-2.9931650161743164,-1.0
10770,1,0.0,0.0,0.0,50.87296676635742,-3.6319708824157715,-1.0
383341,1,0.0,0.0,0.0,52.476783752441406,-0.9190760254859924,-1.0
10246388,6,0.0,0.0,0.0,51.58656628926595,0.23986299832661948,225.0
131850,2,0.0,0.0,0.0,53.110107421875,-1.0036019682884216,60.0
116965,1,0.0,0.0,0.0,53.7804069519043,-1.3604209423065186,269.0
113213,4,0.0,0.0,0.0,50.38565444946289,-4.161187052726746,134.0
43338,7,0.0,0.0,0.0,53.65459224155971,-1.5075168439320155,180.71428571428572
59635,1,0.0,0.0,0.0,51.466121673583984,-2.1460258960723877,-1.0
32627,1,0.0,0.0,0.0,50.80918884277344,0.15698100626468658,120.0
121462,2,0.0,0.0,0.0,50.73336219787598,-2.931383967399597,173.5
5263,1,0.0,0.0,0.0,50.17002487182617,-5.1087260246276855,127.0
59196,12,0.0,0.0,0.0,53.4117431640625,-2.9156879981358848,105.25
231337,3,0.0,0.0,0.0,53.01362864176432,-2.189136346181234,92.66666666666667
5245743,2,0.0,0.0,0.0,51.75241661071777,-1.2213670015335083,146.5
95679,3,0.0,0.0,0.0,51.3455810546875,1.127704342206319,122.0
6374,1,0.0,0.0,0.0,53.38785934448242,-1.4616440534591675,214.0
91406,2,0.0,0.0,0.0,54.68985366821289,-1.2177515029907227,123.0
7157,1,0.0,0.0,0.0,54.345645904541016,-1.4463720321655273,64.0
11881963,1,0.0,0.0,0.0,55.036434173583984,-1.4352270364761353,331.0
10705,9,0.0,0.0,0.0,53.57007344563802,-2.807243903477987,202.66666666666666
32443,1,0.0,0.0,0.0,52.79537582397461,-1.6242690086364746,285.0
131696,2,0.0,0.0,0.0,53.748313903808594,-0.34352049231529236,267.0
10010,4,0.0,0.0,0.0,53.400007247924805,-2.3401039838790894,66.5
104165,2,0.0,0.0,0.0,52.64071273803711,-2.6279115676879883,226.5
81967,1,0.0,0.0,0.0,53.54448318481445,-2.6075758934020996,-1.0
47968,2,0.0,0.0,0.0,51.701358795166016,-1.2492069602012634,-1.0
78847,1,0.0,0.0,0.0,51.93207550048828,-2.039602041244507,12.0
132867,15,0.0,0.0,0.0,47.42946065266927,-0.6720454653104146,226.8
71944,7,0.0,0.0,0.0,51.81122861589704,-1.358449169567653,234.0
12094776,1,0.0,0.0,0.0,52.37384033203125,1.1063450574874878,-1.0
85181,3,0.0,0.0,0.0,51.895154317220054,-2.11387038230896,132.66666666666666
133003,7,0.0,0.0,0.0,51.1790281023298,-1.6575228657041277,176.57142857142858
9371374,4,0.0,0.0,0.0,54.55672740936279,-1.137269526720047,193.5
7490,7,0.0,0.0,0.0,53.40108598981585,-2.592308282852173,107.28571428571429
8859,10,0.0,0.0,0.0,51.449837875366214,-0.660009291768074,181.2
5948,2,0.0,0.0,0.0,51.62784385681152,0.5340299904346466,179.0
91076,3,0.0,0.0,0.0,53.45234807332357,-1.0846646626790364,102.0
39053,11,0.0,0.0,0.0,52.48989486694336,-1.8168037262829868,124.54545454545455
36369,2,0.0,0.0,0.0,51.44690132141113,-0.44684000313282013,-1.0
84795,4,0.0,0.0,0.0,52.59955406188965,-2.1486080288887024,101.25
69772,2,0.0,0.0,0.0,51.38346290588379,-2.3758039474487305,106.0
7742,2,0.0,0.0,0.0,51.78194618225098,-1.4832820296287537,260.5
102671,4,0.0,0.0,0.0,52.35007953643799,-0.6871822327375412,130.5
92159,2,0.0,0.0,0.0,53.61647605895996,-2.315742015838623,151.0
8290281,18,0.0,0.0,0.0,51.49351692199707,-0.08929261068503062,167.5
5586,3,0.0,0.0,0.0,52.57100296020508,-2.798170328140259,69.66666666666667
92618,2,0.0,0.0,0.0,53.62092208862305,-2.365754008293152,179.0
117433,4,0.0,0.0,0.0,52.515517234802246,-1.2210302650928497,247.0
35656,10,0.0,0.0,0.0,54.8926441192627,-1.518405592441559,98.0
95018,2,0.0,0.0,0.0,51.74096870422363,-1.3009660243988037,178.0
59229,11,0.0,0.0,0.0,53.41720962524414,-2.912282098423351,80.0909090909091
12217459,1,0.0,0.0,0.0,51.54612731933594,0.7360159754753113,80.0
2822770,3,0.0,0.0,0.0,53.26839065551758,-2.1309783458709717,90.66666666666667
59678,1,0.0,0.0,0.0,54.85051345825195,-1.833709955215454,215.0
887722,1,0.0,0.0,0.0,53.42819595336914,-1.1968170404434204,109.0
3691889,1,0.0,0.0,0.0,53.2421989440918,-2.9554600715637207,319.0
11736,1,0.0,0.0,0.0,51.74686050415039,-2.218514919281006,96.0
10696552,1,0.0,0.0,0.0,54.84563446044922,-1.4786570072174072,221.0
11560943,9,0.0,0.0,0.0,51.43431430392795,-0.42160601086086696,210.0
131676,8,0.0,0.0,0.0,53.753326416015625,-0.3098460026085377,204.75
7969,4,0.0,0.0,0.0,51.88068866729736,-2.2003009915351868,196.5
84584,1,0.0,0.0,0.0,53.994754791259766,-1.1316030025482178,328.0
18316,7,0.0,0.0,0.0,51.83777345929827,0.16947671238865172,161.85714285714286
13420,2,0.0,0.0,0.0,52.62650108337402,-1.132847011089325,83.0
67787,2,0.0,0.0,0.0,53.01469039916992,-1.4652165174484253,58.5
7082659,1,0.0,0.0,0.0,52.55077362060547,0.08818800002336502,-1.0
104948,2,0.0,0.0,0.0,50.812225341796875,-1.0923089981079102,138.0
82011,2,0.0,0.0,0.0,53.56210899353027,-2.483521580696106,157.5
25720,7,0.0,0.0,0.0,51.470943450927734,-2.7069174562181746,199.28571428571428
110394,1,0.0,0.0,0.0,53.5516471862793,-0.4777950048446655,165.0
91716,1,0.0,0.0,0.0,50.412967681884766,-5.086109161376953,-1.0
132422,7,0.0,0.0,0.0,54.98942674909319,-1.6371077128819056,105.42857142857143
4916,2,0.0,0.0,0.0,51.62678909301758,-3.7249284982681274,155.5
132531,2,0.0,0.0,0.0,52.24098777770996,-0.9161445200443268,147.0
522227,6,0.0,0.0,0.0,52.64188003540039,1.7223691542943318,118.33333333333333
29687,5,0.0,0.0,0.0,52.3312370300293,1.5710253953933715,268.8
4243,11,0.0,0.0,0.0,41.27911030162465,-2.902552431279963,139.63636363636363
12575,4,0.0,0.0,0.0,53.907530784606934,-1.893587738275528,145.5
17885,4,0.0,0.0,0.0,54.86367130279541,-1.5825307667255402,89.5
131288,1,0.0,0.0,0.0,54.06662368774414,-2.8804450035095215,318.0
6063699,1,0.0,0.0,0.0,51.318973541259766,-0.5721229910850525,-1.0
11963,10,0.0,0.0,0.0,53.70160102844238,-1.6701510071754455,97.0
10186,1,0.0,0.0,0.0,51.07014465332031,-1.7965179681777954,188.0
131180,3,0.0,0.0,0.0,54.238739013671875,-2.9519172509511313,160.0
71019,14,0.0,0.0,0.0,53.485853467668804,-2.1343568563461304,98.21428571428571
14666,4,0.0,0.0,0.0,52.209221839904785,0.14819949679076672,111.0
67418,1,0.0,0.0,0.0,52.3861083984375,-2.2509210109710693,-1.0
38395,2,0.0,0.0,0.0,51.39370346069336,-1.6967654824256897,87.0
4965807,1,0.0,0.0,0.0,52.021183013916016,-0.738090991973877,130.0
9796,12,0.0,0.0,0.0,51.776797930399574,-1.433192253112793,161.5
1512,2,0.0,0.0,0.0,53.14497375488281,-2.3696030378341675,228.0
58977,9,0.0,0.0,0.0,53.35429382324219,-2.8148970339033337,131.88888888888889
11885,5,0.0,0.0,0.0,53.677981567382815,-1.6261094093322754,68.0
138488,6,0.0,0.0,0.0,51.654833475748696,-0.07197849902634819,225.0
19338,2,0.0,0.0,0.0,53.78352737426758,-2.253305435180664,123.0
4005,1,0.0,0.0,0.0,51.023189544677734,-4.207825183868408,78.0
5055,1,0.0,0.0,0.0,51.38896560668945,-1.3136229515075684,234.0
92903,3,0.0,0.0,0.0,53.630209604899086,-1.842890699704488,83.66666666666667
73808,3,0.0,0.0,0.0,52.639705657958984,-1.09149968624115,191.66666666666666
2905247,1,0.0,0.0,0.0,53.65119171142578,-1.3338849544525146,-1.0
81878,13,0.0,0.0,0.0,53.485318403977615,-2.3082155080942006,101.76923076923077
78118,1,0.0,0.0,0.0,51.59511184692383,0.35245099663734436,117.0
11756,5,0.0,0.0,0.0,50.91582336425781,-1.408417010307312,68.2
37229,5,0.0,0.0,0.0,53.61434097290039,-1.712186622619629,202.8
10785862,4,0.0,0.0,0.0,53.712093353271484,-1.3716630041599274,139.25
82030,2,0.0,0.0,0.0,53.568580627441406,-2.428343415260315,149.0
78052,1,0.0,0.0,0.0,51.77305603027344,0.6048200130462646,127.0
3136037,2,0.0,0.0,0.0,50.841482162475586,-0.7732245028018951,210.0
132159,7,0.0,0.0,0.0,53.439122336251394,-2.9386331353868758,183.42857142857142
12631,3,0.0,0.0,0.0,53.77341969807943,-1.6027940114339192,99.0
17793,5,0.0,0.0,0.0,52.94330368041992,1.1011144042015075,143.4
90429,2,0.0,0.0,0.0,52.86559867858887,-0.6550979912281036,0.5
59167,15,0.0,0.0,0.0,53.3793446858724,-2.9276429653167724,139.26666666666668
9393075,7,0.0,0.0,0.0,51.42530114310129,-0.13877757212945394,102.85714285714286
106331,1,0.0,0.0,0.0,54.27289581298828,-0.4365699887275696,-1.0
116845,12,0.0,0.0,0.0,54.65073935190836,-1.5687915980815887,164.58333333333334
86052,15,0.0,0.0,0.0,50.96762924194336,-3.308880392710368,166.0
100692,3,0.0,0.0,0.0,54.916159311930336,-1.7143526474634807,95.66666666666667
11316719,15,0.0,0.0,0.0,51.46144205729167,-0.036746066575869915,171.0
5836,1,0.0,0.0,0.0,51.23152542114258,-2.2945079803466797,-1.0
110921,2,0.0,0.0,0.0,54.96054649353027,-1.4869970083236694,208.0
3103770,1,0.0,0.0,0.0,54.920467376708984,-1.7656329870224,134.0
91753,3,0.0,0.0,0.0,51.744110107421875,-4.787931601206462,88.33333333333333
7898,1,0.0,0.0,0.0,51.062984466552734,-0.32485100626945496,52.0
867587,1,0.0,0.0,0.0,51.562625885009766,-1.7794599533081055,-1.0
17882,15,0.0,0.0,0.0,50.79511311848958,0.03225546479225159,78.06666666666666
3291385,6,0.0,0.0,0.0,51.39116859436035,-0.019401999811331432,142.5
20098,8,0.0,0.0,0.0,51.21955728530884,-1.7788373678922653,21.875
120680,4,0.0,0.0,0.0,51.38002872467041,-2.3404727578163147,71.0
8516404,7,0.0,0.0,0.0,50.26719611031668,-5.063966955457415,66.85714285714286
57706,1,0.0,0.0,0.0,51.4813346862793,-0.45430800318717957,90.0
10983782,3,0.0,0.0,0.0,51.52704366048177,-0.4311336676279704,150.0
627,14,0.0,0.0,0.0,52.47808701651437,-1.810617642743247,139.78571428571428
1447955,4,0.0,0.0,0.0,53.806427001953125,-2.964844286441803,126.5
107915,4,0.0,0.0,0.0,51.133779525756836,1.3057820200920105,232.5
1296120,1,0.0,0.0,0.0,53.645503997802734,-1.7865780591964722,-1.0
7519,17,0.0,0.0,0.0,50.84210833381204,-0.15353158686090917,121.17647058823529
64158,1,0.0,0.0,0.0,52.92219924926758,-1.4695429801940918,354.0
9394,4,0.0,0.0,0.0,51.36196327209473,-2.1138042211532593,83.25
3925,2,0.0,0.0,0.0,53.89025115966797,-0.9196619987487793,95.0
14579,6,0.0,0.0,0.0,51.175171534220375,0.25477366397778195,55.333333333333336
77932,2,0.0,0.0,0.0,51.54010772705078,-0.52606600522995,97.5
6549,1,0.0,0.0,0.0,50.83340835571289,-0.7797849774360657,77.0
118723,2,0.0,0.0,0.0,51.88230323791504,-0.41785649955272675,152.0
10168,5,0.0,0.0,0.0,53.72861938476562,-1.9807193517684936,137.0
12510,3,0.0,0.0,0.0,53.77310307820638,-1.8760550419489543,148.33333333333334
1462789,1,0.0,0.0,0.0,52.52046203613281,-1.92536199092865,29.0
18200,2,0.0,0.0,0.0,52.636178970336914,1.2553164958953857,66.0
102826,1,0.0,0.0,0.0,51.06960678100586,-1.7965279817581177,333.0
52384,3,0.0,0.0,0.0,51.881048838297524,-2.344719966252645,146.0
12710,2,0.0,0.0,0.0,53.743520736694336,-1.876204490661621,52.5
132049,2,0.0,0.0,0.0,51.985918045043945,-2.6667745113372803,216.0
14653,3,0.0,0.0,0.0,51.41427485148112,0.37937799096107483,130.0
10710,1,0.0,0.0,0.0,51.8508415222168,-0.15522000193595886,302.0
128588,3,0.0,0.0,0.0,52.60456848144531,-2.124755382537842,203.0
91877,1,0.0,0.0,0.0,50.356815338134766,-4.455067157745361,-1.0
67372,3,0.0,0.0,0.0,52.37594223022461,-2.0390380223592124,70.33333333333333
114783,1,0.0,0.0,0.0,51.56002426147461,0.45249900221824646,159.0
130676,5,0.0,0.0,0.0,52.49502410888672,-1.988776397705078,105.0
3092175,18,0.0,0.0,0.0,51.52524503072103,-0.19248071975178188,132.5
32385,1,0.0,0.0,0.0,51.763206481933594,-2.5307579040527344,204.0
40797,2,0.0,0.0,0.0,51.10558319091797,-0.1955775022506714,200.5
68951,1,0.0,0.0,0.0,52.71062088012695,-2.7522830963134766,-1.0
1013,1,0.0,0.0,0.0,53.35834503173828,0.2483929991722107,147.0
1334829,1,0.0,0.0,0.0,53.522361755371094,-1.3971190452575684,42.0
102173,1,0.0,0.0,0.0,54.102256774902344,-0.20073699951171875,355.0
4813457,6,0.0,0.0,0.0,54.151628494262695,-3.1765228112538657,259.0
22940,1,0.0,0.0,0.0,52.71620178222656,-1.371711015701294,176.0
103042,2,0.0,0.0,0.0,52.98679161071777,-0.010896500200033188,198.5
2301,1,0.0,0.0,0.0,51.3704719543457,-0.25024300813674927,323.0
8747,3,0.0,0.0,0.0,52.08640925089518,1.2262826363245647,115.66666666666667
11645951,12,0.0,0.0,0.0,51.45473861694336,-0.202095498641332,146.25
18034,4,0.0,0.0,0.0,51.32179641723633,0.4482387527823448,98.0
72912,1,0.0,0.0,0.0,51.378231048583984,-2.3616058826446533,-1.0
133492,3,0.0,0.0,0.0,53.450295766194664,-1.4628686904907227,60.0
132750,3,0.0,0.0,0.0,52.585619608561196,-1.05751899878184,188.0
4398,6,0.0,0.0,0.0,53.297390619913735,-1.4573054909706116,145.0
95444,1,0.0,0.0,0.0,50.47341537475586,-3.5159480571746826,160.0
40561,2,0.0,0.0,0.0,51.71042442321777,-3.041388511657715,246.0
82037,3,0.0,0.0,0.0,53.5602658589681,-2.6623899936676025,159.0
23201,1,0.0,0.0,0.0,52.350521087646484,1.5098390579223633,118.0
138504,13,0.0,0.0,0.0,51.379469064565804,-0.10589776875881049,166.15384615384616
99733,6,0.0,0.0,0.0,52.04124132792155,-2.035391310850779,108.5
9424,2,0.0,0.0,0.0,50.98015594482422,-4.424625635147095,171.0
133036,3,0.0,0.0,0.0,51.073370615641274,-1.3088409900665283,180.0
79668,1,0.0,0.0,0.0,51.795372009277344,-1.2715270519256592,0.0
85212,1,0.0,0.0,0.0,52.2568473815918,-1.1605850458145142,24.0
70684,1,0.0,0.0,0.0,51.786739349365234,-4.251858234405518,147.0
59298,1,0.0,0.0,0.0,53.12031936645508,-2.176340103149414,352.0
131312,1,0.0,0.0,0.0,54.63604736328125,-3.5437710285186768,60.0
59184,2,0.0,0.0,0.0,53.44875144958496,-2.7162129878997803,53.0
66003,3,0.0,0.0,0.0,51.88514709472656,-0.7711833318074545,186.66666666666666
128697,7,0.0,0.0,0.0,52.47391292027065,-2.1275074822562083,116.28571428571429
7454,7,0.0,0.0,0.0,55.102949959891184,-1.597009267125811,101.71428571428571
113065,1,0.0,0.0,0.0,51.49375915527344,-0.43018200993537903,96.0
6347,3,0.0,0.0,0.0,51.127028147379555,-0.1728273332118988,177.66666666666666
133474,3,0.0,0.0,0.0,53.232652028401695,-1.3662339846293132,166.0
5495470,8,0.0,0.0,0.0,52.548128604888916,-1.944014385342598,172.125
81927,3,0.0,0.0,0.0,53.621785481770836,-2.3089599609375,234.0
2904100,2,0.0,0.0,0.0,50.94841384887695,-2.6274590492248535,-1.0
348492,1,0.0,0.0,0.0,51.456729888916016,-0.016566000878810883,270.0
574242,2,0.0,0.0,0.0,52.5737247467041,-2.066851496696472,133.0
7756315,3,0.0,0.0,0.0,50.07516606648763,-5.633729139963786,115.0
7444,16,0.0,0.0,0.0,51.371527910232544,-2.860454484820366,104.4375
11123,2,0.0,0.0,0.0,51.09979820251465,0.4658984988927841,134.5
102340,1,0.0,0.0,0.0,53.33921432495117,-1.481315016746521,236.0
5968,4,0.0,0.0,0.0,51.56064319610596,-1.7700697779655457,67.0
5366,1,0.0,0.0,0.0,50.66249465942383,-1.1523629426956177,358.0
132316,1,0.0,0.0,0.0,53.194114685058594,-2.887310028076172,234.0
7603,2,0.0,0.0,0.0,51.856184005737305,-0.4336639940738678,67.5
73831,1,0.0,0.0,0.0,50.12788009643555,-5.513177871704102,18.0
4758179,3,0.0,0.0,0.0,53.71132024129232,-1.807961344718933,76.33333333333333
65487,2,0.0,0.0,0.0,50.75496482849121,-3.58159601688385,78.0
6048,4,0.0,0.0,0.0,52.650418281555176,-1.139224499464035,123.25
1441,4,0.0,0.0,0.0,54.94126605987549,-1.3844432532787323,174.0
126395,2,0.0,0.0,0.0,52.579715728759766,1.1223344802856445,32.0
6014,1,0.0,0.0,0.0,51.959259033203125,-2.8553450107574463,192.0
17989,3,0.0,0.0,0.0,51.48993937174479,-0.6979770064353943,172.66666666666666
94552,4,0.0,0.0,0.0,53.49809551239014,-2.067134976387024,36.0
12490,12,0.0,0.0,0.0,53.99485778808594,-1.0450850799679756,105.58333333333333
44798,3,0.0,0.0,0.0,53.14327748616537,-2.8985769748687744,224.0
7756314,1,0.0,0.0,0.0,50.08928298950195,-5.547314167022705,65.0
9031572,11,0.0,0.0,0.0,51.5380086031827,-0.12311690910296007,188.1818181818182
2003,5,0.0,0.0,0.0,51.67544326782227,-1.3604318141937255,135.6
110396,1,0.0,0.0,0.0,53.29161834716797,0.28168800473213196,243.0
131319,2,0.0,0.0,0.0,54.65356636047363,-3.4655755758285522,192.0
5061,5,0.0,0.0,0.0,52.924737548828126,-1.4951531887054443,112.2
50003,3,0.0,0.0,0.0,54.29837544759115,-1.5685943365097046,85.0
105814,1,0.0,0.0,0.0,51.07913589477539,-4.056156158447266,36.0
138145,2,0.0,0.0,0.0,51.348257064819336,-0.07197899930179119,202.5
112774,1,0.0,0.0,0.0,53.58937454223633,-2.6925179958343506,289.0
39051,4,0.0,0.0,0.0,52.83781719207764,-2.558094024658203,71.0
5421,2,0.0,0.0,0.0,54.92312431335449,-1.4467210173606873,191.0
10040,2,0.0,0.0,0.0,53.17409133911133,-2.900831460952759,120.0
4780,4,0.0,0.0,0.0,51.451388359069824,-2.474141240119934,123.5
56964,3,0.0,0.0,0.0,51.713461558024086,-3.4398610591888428,108.0
102643,3,0.0,0.0,0.0,51.43151346842448,0.3730453352133433,-1.0
91118,1,0.0,0.0,0.0,52.67617416381836,0.16711099445819855,114.0
5451695,8,0.0,0.0,0.0,51.635650634765625,-0.2251184955239296,146.25
78843,2,0.0,0.0,0.0,53.774070739746094,-0.36719949543476105,213.0
6292,4,0.0,0.0,0.0,54.73657512664795,-1.4616705179214478,200.25
5699,4,0.0,0.0,0.0,50.377779960632324,-4.153909206390381,111.25
53860,7,0.0,0.0,0.0,55.06109891619001,-1.5694692986352103,188.28571428571428
3815,9,0.0,0.0,0.0,51.74053955078125,-1.2327182160483465,161.33333333333334
89772,1,0.0,0.0,0.0,52.263519287109375,0.6916999816894531,73.0
93659,1,0.0,0.0,0.0,55.003028869628906,-1.5314669609069824,94.0
3387872,1,0.0,0.0,0.0,54.977378845214844,-1.4446849822998047,0.0
57062,2,0.0,0.0,0.0,51.90964126586914,-0.1986749991774559,-1.0
11223,1,0.0,0.0,0.0,50.962501525878906,-0.07558199763298035,196.0
1709208,3,0.0,0.0,0.0,51.94349924723307,-0.6034529904524485,78.66666666666667
10983873,10,0.0,0.0,0.0,51.43952407836914,-0.1728181004524231,202.5
90236,1,0.0,0.0,0.0,53.63132095336914,-2.1741371154785156,-1.0
11513454,2,0.0,0.0,0.0,51.41029167175293,0.15892399847507477,101.5
8587,1,0.0,0.0,0.0,51.39432144165039,-0.3392559885978699,180.0
335900,1,0.0,0.0,0.0,51.50315475463867,-0.6599680185317993,104.0
133698,8,0.0,0.0,0.0,46.59780693054199,-1.2782691270112991,100.5
71456,1,0.0,0.0,0.0,51.38426971435547,0.5241850018501282,-1.0
11855,6,0.0,0.0,0.0,53.73875109354655,-1.6062348286310832,201.33333333333334
2747224,1,0.0,0.0,0.0,54.296630859375,-0.4423089921474457,59.0
116645,2,0.0,0.0,0.0,54.5345516204834,-1.108817994594574,28.0
4229,6,0.0,0.0,0.0,50.82939147949219,-0.10768849899371465,100.66666666666667
27412,1,0.0,0.0,0.0,50.83381271362305,-0.7798740267753601,192.0
3486,1,0.0,0.0,0.0,53.70289611816406,-0.8699949979782104,-1.0
267,3,0.0,0.0,0.0,52.16950607299805,-0.9577589829762777,104.0
8229,1,0.0,0.0,0.0,51.71470260620117,-3.4411699771881104,210.0
86116,1,0.0,0.0,0.0,53.17909622192383,-2.8975470066070557,36.0
11284,2,0.0,0.0,0.0,51.37775993347168,0.5348514914512634,214.5
6212345,14,0.0,0.0,0.0,51.51780755179269,-0.19446178525686264,160.71428571428572
12185,9,0.0,0.0,0.0,53.77554914686415,-0.35752877924177384,144.0
63081,1,0.0,0.0,0.0,53.05205154418945,-2.996429920196533,167.0
92,3,0.0,0.0,0.0,53.221412658691406,-3.0695287386576333,102.66666666666667
77621,2,0.0,0.0,0.0,53.433528900146484,-1.3457109928131104,195.0
84325,2,0.0,0.0,0.0,53.548200607299805,-1.481323480606079,189.0
867447,1,0.0,0.0,0.0,50.6563606262207,-1.1510059833526611,101.0
11878,14,0.0,0.0,0.0,53.76958138602121,-1.4119348270552499,153.35714285714286
2136,5,0.0,0.0,0.0,50.989865112304685,-0.08181920321658254,79.6
9195,9,0.0,0.0,0.0,51.58708487616645,-0.19229400157928467,180.0
3462038,1,0.0,0.0,0.0,53.3042106628418,-1.1250309944152832,75.0
523172,1,0.0,0.0,0.0,51.697776794433594,-4.7090277671813965,258.0
242196,4,0.0,0.0,0.0,52.25553894042969,-0.8921897560358047,178.5
353482,2,0.0,0.0,0.0,54.39469909667969,-0.527301013469696,285.5
92566,8,0.0,0.0,0.0,53.50926351547241,-2.209364026784897,47.875
12197072,12,0.0,0.0,0.0,51.60595544179281,-0.007274749882829686,135.0
77431,2,0.0,0.0,0.0,53.043418884277344,-2.1824264526367188,288.0
30282,1,0.0,0.0,0.0,52.82143783569336,-2.2600080966949463,271.0
8076,2,0.0,0.0,0.0,50.810035705566406,-0.4297019988298416,172.5
12688,6,0.0,0.0,0.0,51.827109018961586,0.1565519981086254,152.33333333333334
107916,4,0.0,0.0,0.0,51.09088706970215,1.1843862235546112,192.0
17931,3,0.0,0.0,0.0,50.827325185139976,-0.1222253292798996,72.0
17841,5,0.0,0.0,0.0,51.446041870117185,-0.9546645998954773,134.4
12426,1,0.0,0.0,0.0,53.522544860839844,-1.1387430429458618,344.0
2441966,1,0.0,0.0,0.0,52.23735427856445,-0.8971920013427734,342.0
66795,1,0.0,0.0,0.0,51.24125671386719,-0.563618004322052,28.0
23250,1,0.0,0.0,0.0,0.0,0.0,0.0
24572,3,0.0,0.0,0.0,52.565741221110024,-1.0371313492457073,260.3333333333333
5166,6,0.0,0.0,0.0,53.83737754821777,-3.0310727755228677,96.66666666666667
10743,2,0.0,0.0,0.0,50.62222480773926,-3.4017668962478638,300.0
11173,3,0.0,0.0,0.0,51.483758290608726,0.03988033094598601,48.666666666666664
589,1,0.0,0.0,0.0,52.444766998291016,-1.9967650175094604,6.0
133164,1,0.0,0.0,0.0,50.77037811279297,-4.205506801605225,348.0
2160,1,0.0,0.0,0.0,50.964271545410156,-0.13153299689292908,346.0
51715,1,0.0,0.0,0.0,51.92525863647461,-2.2861149311065674,246.0
72190,1,0.0,0.0,0.0,51.43263626098633,-0.5032259821891785,-1.0
10302,1,0.0,0.0,0.0,50.43779754638672,-3.5734870433807373,100.0
78849,9,0.0,0.0,0.0,51.90204323662652,-2.089345004823473,178.66666666666666
574238,1,0.0,0.0,0.0,52.563716888427734,-2.085134983062744,284.0
24459,1,0.0,0.0,0.0,51.12908935546875,1.294510006904602,204.0
92613,4,0.0,0.0,0.0,53.58943557739258,-1.962695986032486,141.5
7369,2,0.0,0.0,0.0,50.87190818786621,-1.2220550179481506,52.0
6478,3,0.0,0.0,0.0,51.478109995524086,-0.7521926561991373,147.33333333333334
177817,3,0.0,0.0,0.0,50.58916091918945,-4.341798305511475,-1.0
29665,3,0.0,0.0,0.0,51.80508931477865,0.6345043182373047,105.66666666666667
3829,23,0.0,0.0,0.0,50.830996803615406,-0.16259960894999298,122.78260869565217
8207934,1,0.0,0.0,0.0,52.76508331298828,-0.8849459886550903,-1.0
92610,1,0.0,0.0,0.0,53.531272888183594,-2.1219890117645264,226.0
10968023,1,0.0,0.0,0.0,53.258819580078125,-2.3099210262298584,48.0
132641,2,0.0,0.0,0.0,52.420793533325195,-1.606564998626709,138.0
131081,4,0.0,0.0,0.0,52.13999557495117,-0.45666149258613586,151.5
109907,13,0.0,0.0,0.0,53.44941594050481,-2.2636702977693997,87.92307692307692
564,4,0.0,0.0,0.0,52.58643054962158,-2.0543935298919678,134.75
95279,1,0.0,0.0,0.0,54.074459075927734,-1.4098520278930664,267.0
11478455,1,0.0,0.0,0.0,51.562259674072266,-0.44195500016212463,315.0
54229,1,0.0,0.0,0.0,51.73624038696289,0.4672830104827881,-1.0
132368,2,0.0,0.0,0.0,54.560163497924805,-0.9150070250034332,135.0
10780370,2,0.0,0.0,0.0,51.59506034851074,-0.4760980010032654,22.5
106797,3,0.0,0.0,0.0,53.04998652140299,-2.1847846508026123,276.6666666666667
112309,2,0.0,0.0,0.0,51.456485748291016,-0.9141564965248108,124.5
138490,15,0.0,0.0,0.0,51.62095998128255,-0.09939026633898417,171.0
59123,7,0.0,0.0,0.0,53.53942108154297,-3.018403938838414,166.85714285714286
131533,1,0.0,0.0,0.0,50.86577224731445,0.5766810178756714,162.0
92379,1,0.0,0.0,0.0,53.18132019042969,-1.3881189823150635,0.0
4672,2,0.0,0.0,0.0,51.32765769958496,0.5726115107536316,178.5
19544,2,0.0,0.0,0.0,52.4704475402832,1.7343305349349976,10.5
7549,3,0.0,0.0,0.0,51.892957051595054,0.6054146687189738,142.0
32423,6,0.0,0.0,0.0,50.69269943237305,-1.423666814963023,121.5
86215,3,0.0,0.0,0.0,54.05844497680664,-2.8319949309031167,110.0
92551,1,0.0,0.0,0.0,53.534217834472656,-2.275552988052368,85.0
94886,3,0.0,0.0,0.0,17.825050354003906,-0.49790700276692706,0.0
3798,7,0.0,0.0,0.0,54.640869685581755,-1.6782188415527344,113.71428571428571
4327,1,0.0,0.0,0.0,52.68123245239258,0.9408910274505615,-1.0
8154207,6,0.0,0.0,0.0,44.795175552368164,-2.2564913431803384,65.0
2119142,5,0.0,0.0,0.0,51.885111236572264,-0.45530139803886416,110.8
10957,2,0.0,0.0,0.0,50.98274040222168,0.7199714779853821,141.0
11541024,1,0.0,0.0,0.0,52.60264587402344,-1.6841440200805664,169.0
12011350,1,0.0,0.0,0.0,53.36675262451172,3.5000000934815034e-05,-1.0
181,1,0.0,0.0,0.0,53.28887939453125,-3.6962709426879883,102.0
4953,1,0.0,0.0,0.0,52.72459030151367,-1.3713459968566895,297.0
20442,1,0.0,0.0,0.0,51.81349182128906,-4.113257884979248,122.0
8691357,4,0.0,0.0,0.0,51.71535587310791,-0.2411400005221367,70.5
399705,12,0.0,0.0,0.0,53.46347173055013,-2.2880181471506753,75.75
3835,3,0.0,0.0,0.0,52.04055658976237,1.1770956913630168,94.0
133147,10,0.0,0.0,0.0,50.72587127685547,-3.5024070739746094,114.6
8766470,1,0.0,0.0,0.0,54.59059524536133,-1.404657006263733,138.0
6770499,1,0.0,0.0,0.0,51.901161193847656,-0.20481300354003906,-1.0
46073,7,0.0,0.0,0.0,53.733976636614116,-1.5111267226082938,97.71428571428571
77986,2,0.0,0.0,0.0,53.3881893157959,-2.085114002227783,-1.0
126357,2,0.0,0.0,0.0,52.59579277038574,1.0543605089187622,115.5
14669,16,0.0,0.0,0.0,52.2894332408905,-0.022440313594415784,193.875
11026895,1,0.0,0.0,0.0,52.21693420410156,0.060968998819589615,299.0
44011,4,0.0,0.0,0.0,51.249648094177246,-0.576639249920845,73.25
24267,1,0.0,0.0,0.0,51.35211944580078,-1.9895360469818115,262.0
9123,1,0.0,0.0,0.0,50.94967269897461,0.728268027305603,180.0
1611,4,0.0,0.0,0.0,53.403892517089844,-2.148946464061737,88.5
3906587,3,0.0,0.0,0.0,53.476706186930336,-0.05328899885838231,176.0
7846,6,0.0,0.0,0.0,50.68657239278158,-3.4696176846822104,200.0
12558,5,0.0,0.0,0.0,53.80140686035156,-1.4652860164642334,91.4
3453032,2,0.0,0.0,0.0,53.0926456451416,-2.1891205310821533,277.5
58973,5,0.0,0.0,0.0,53.34062042236328,-3.0359035968780517,127.8
3471265,1,0.0,0.0,0.0,51.40349578857422,-0.1363469958305359,315.0
7585,2,0.0,0.0,0.0,50.700260162353516,-1.2856360077857971,195.0
6727,2,0.0,0.0,0.0,50.79103469848633,0.29809999465942383,177.0
115566,5,0.0,0.0,0.0,51.886724853515624,0.9105599880218506,120.6
19330,9,0.0,0.0,0.0,53.838106367323135,-2.205417686038547,11.555555555555555
114693,2,0.0,0.0,0.0,51.502464294433594,-0.6202570199966431,166.5
657,10,0.0,0.0,0.0,52.571240234375,-1.791613793373108,165.4
3856454,6,0.0,0.0,0.0,51.53766441345215,-0.46408266325791675,157.5
6058,3,0.0,0.0,0.0,53.40147272745768,-2.567740281422933,82.0
4851424,2,0.0,0.0,0.0,51.566139221191406,-0.42482849955558777,140.0
82039,2,0.0,0.0,0.0,53.54802131652832,-2.660949468612671,88.5
665715,3,0.0,0.0,0.0,53.62238438924154,-1.385913372039795,164.0
7152,4,0.0,0.0,0.0,51.947811126708984,-0.2130040004849434,176.5
11359,1,0.0,0.0,0.0,50.164512634277344,-5.131497859954834,76.0
12823,2,0.0,0.0,0.0,52.74663543701172,0.39758001267910004,-1.0
48282,2,0.0,0.0,0.0,51.244808197021484,-0.554408997297287,54.0
107326,3,0.0,0.0,0.0,52.123914082845054,0.5016149977842966,198.33333333333334
22584,10,0.0,0.0,0.0,53.83884201049805,-1.8301119089126587,127.1
59290,2,0.0,0.0,0.0,53.415470123291016,-3.036406993865967,154.5
132725,2,0.0,0.0,0.0,52.39129829406738,-1.2498290538787842,72.0
30535,3,0.0,0.0,0.0,53.82162729899088,-1.5357946554819744,61.333333333333336
132437,2,0.0,0.0,0.0,54.58311653137207,-1.2899869680404663,126.0
6614,1,0.0,0.0,0.0,51.59284591674805,-3.2690930366516113,294.0
44646,7,0.0,0.0,0.0,53.47682135445731,-2.1049294471740723,159.42857142857142
120547,2,0.0,0.0,0.0,51.391361236572266,-2.3304425477981567,147.0
8350,6,0.0,0.0,0.0,52.535752614339195,-1.8322856624921162,153.83333333333334
1695,13,0.0,0.0,0.0,53.65459706233098,-2.255092767568735,103.07692307692308
29851,1,0.0,0.0,0.0,50.799007415771484,-4.43416690826416,265.0
74930,2,0.0,0.0,0.0,50.73481750488281,-1.9715960025787354,116.5
12094779,1,0.0,0.0,0.0,52.1546745300293,1.0875170230865479,200.0
138049,3,0.0,0.0,0.0,51.37793731689453,-0.19254266719023386,60.0
7756337,2,0.0,0.0,0.0,50.12358093261719,-5.540904521942139,194.5
131148,4,0.0,0.0,0.0,51.90783405303955,-1.1181167662143707,145.5
12019928,12,0.0,0.0,0.0,51.49165280659994,-0.15261599918206534,157.5
5962,3,0.0,0.0,0.0,50.78890482584635,-1.8980316321055095,147.66666666666666
6211932,2,0.0,0.0,0.0,51.503604888916016,0.038734499365091324,180.0
93918,6,0.0,0.0,0.0,52.32685089111328,-1.561686356862386,226.0
3917598,1,0.0,0.0,0.0,52.2875862121582,-1.5344560146331787,325.0
4877513,1,0.0,0.0,0.0,53.68648147583008,-1.5887709856033325,174.0
1617,15,0.0,0.0,0.0,53.45117467244466,-2.1074129263559978,104.33333333333333
114318,3,0.0,0.0,0.0,51.72785949707031,0.6308826605478922,147.66666666666666
53574,1,0.0,0.0,0.0,50.6511344909668,-4.433874130249023,112.0
12758,4,0.0,0.0,0.0,53.79246807098389,-1.7519075274467468,65.0
399990,13,0.0,0.0,0.0,53.49974734966572,-2.1868034509512095,90.6923076923077
19880,4,0.0,0.0,0.0,53.955138206481934,-1.0509937703609467,133.5
115803,9,0.0,0.0,0.0,53.21453730265299,-3.4870356718699136,167.33333333333334
11241293,1,0.0,0.0,0.0,52.243682861328125,0.405333012342453,25.0
76566,1,0.0,0.0,0.0,51.183135986328125,-4.1884942054748535,-1.0
4964,6,0.0,0.0,0.0,53.76988728841146,-3.022047758102417,213.0
13798,8,0.0,0.0,0.0,52.42567539215088,-1.8769418448209763,121.75
8025038,1,0.0,0.0,0.0,51.57482147216797,-1.3193399906158447,119.0
3980,4,0.0,0.0,0.0,53.761963844299316,-2.686726987361908,75.25
132661,2,0.0,0.0,0.0,52.233551025390625,-0.5519914925098419,216.0
239315,1,0.0,0.0,0.0,52.114959716796875,-1.9233200550079346,358.0
7812,3,0.0,0.0,0.0,54.70623524983724,-1.5759333372116089,69.0
1517416,2,0.0,0.0,0.0,51.224632263183594,-0.7781110107898712,120.0
18800,1,0.0,0.0,0.0,50.85218811035156,-1.7830959558486938,337.0
861,5,0.0,0.0,0.0,52.64230041503906,-1.103613591194153,71.6
10423856,13,0.0,0.0,0.0,51.54989301241361,-0.06733730693276112,103.84615384615384
71254,4,0.0,0.0,0.0,50.910664558410645,-1.3630927503108978,124.25
78680,3,0.0,0.0,0.0,55.027164459228516,-1.513864000638326,132.33333333333334
128698,11,0.0,0.0,0.0,52.405560580166906,-1.911105448549444,83.54545454545455
2577495,11,0.0,0.0,0.0,51.508489088578656,-0.31441963802684436,171.8181818181818
5334,2,0.0,0.0,0.0,52.4730281829834,-2.057181477546692,212.5
4605,2,0.0,0.0,0.0,50.37707710266113,-4.1371002197265625,117.0
6733,2,0.0,0.0,0.0,52.06157875061035,1.190257966518402,82.0
11541839,3,0.0,0.0,0.0,55.40370559692383,-2.4457923571268716,44.666666666666664
4520,4,0.0,0.0,0.0,52.683223724365234,-1.9397310018539429,183.25
1697783,2,0.0,0.0,0.0,51.95231628417969,-0.253589503467083,243.0
130597,1,0.0,0.0,0.0,52.55231857299805,-2.018117904663086,221.0
60479,1,0.0,0.0,0.0,52.19223403930664,-1.4758490324020386,324.0
66507,2,0.0,0.0,0.0,51.269880294799805,1.0914129614830017,174.0
9106,2,0.0,0.0,0.0,52.0551872253418,-1.3273829817771912,303.0
59278,1,0.0,0.0,0.0,53.492549896240234,-3.02715802192688,175.0
9092,1,0.0,0.0,0.0,51.571533203125,-3.2187349796295166,276.0
24133,3,0.0,0.0,0.0,53.80812199910482,-1.46757968266805,223.66666666666666
10441,1,0.0,0.0,0.0,52.449520111083984,-2.1408050060272217,-1.0
59098,1,0.0,0.0,0.0,52.0575065612793,-2.7188310623168945,-1.0
93218,3,0.0,0.0,0.0,52.32851791381836,-1.2018426259358723,268.0
94824,1,0.0,0.0,0.0,53.56132125854492,-2.6454970836639404,1.0
11412,2,0.0,0.0,0.0,50.473257064819336,-3.5459020137786865,213.0
8499,1,0.0,0.0,0.0,50.169189453125,-5.108514785766602,267.0
11727,7,0.0,0.0,0.0,50.877501896449495,-1.4214574439185006,149.42857142857142
61041,1,0.0,0.0,0.0,52.215797424316406,-1.5137089490890503,156.0
102835,1,0.0,0.0,0.0,51.12976837158203,-2.9991090297698975,74.0
57639,1,0.0,0.0,0.0,54.89536666870117,-1.5775929689407349,1.0
7656186,3,0.0,0.0,0.0,50.72506968180338,-3.6545046965281167,100.33333333333333
62542,1,0.0,0.0,0.0,51.329986572265625,1.407878041267395,36.0
58869,3,0.0,0.0,0.0,52.18224843343099,1.5397919813791912,171.0
8825,5,0.0,0.0,0.0,53.37205200195312,-1.4886897802352905,149.8
6060,16,0.0,0.0,0.0,51.57742118835449,0.5785586889833212,139.75
5133,1,0.0,0.0,0.0,53.022216796875,-2.1745901107788086,-1.0
132527,3,0.0,0.0,0.0,52.252872467041016,-0.8519900043805441,228.0
12197248,6,0.0,0.0,0.0,51.553290049235024,-0.17545266449451447,157.5
54825,1,0.0,0.0,0.0,51.72627639770508,0.48157599568367004,-1.0
12562,6,0.0,0.0,0.0,53.80040613810221,-1.5729471445083618,176.0
23488,3,0.0,0.0,0.0,52.727864583333336,-2.7356730302174888,186.66666666666666
94815,2,0.0,0.0,0.0,53.5338249206543,-2.6531749963760376,59.5
131939,11,0.0,0.0,0.0,53.17452656139027,0.3383953625505621,130.9090909090909
848,7,0.0,0.0,0.0,52.62841633387974,-1.149656125477382,78.57142857142857
6141,9,0.0,0.0,0.0,51.56242964002821,0.5905767811669244,102.22222222222223
80896,1,0.0,0.0,0.0,51.38395690917969,0.5238659977912903,45.0
6770446,1,0.0,0.0,0.0,51.52470779418945,0.43672800064086914,48.0
128599,11,0.0,0.0,0.0,52.53292014382102,-1.8974277214570479,75.0909090909091
4954,2,0.0,0.0,0.0,52.76593208312988,-1.2202234864234924,69.0
12628,4,0.0,0.0,0.0,53.79505443572998,-1.7971934974193573,194.0
8263,4,0.0,0.0,0.0,53.71745300292969,-2.6966874599456787,138.0
92975,10,0.0,0.0,0.0,51.4451301574707,-0.32268939912319183,162.0
67393,4,0.0,0.0,0.0,52.7807502746582,-1.567891001701355,65.0
9769495,1,0.0,0.0,0.0,52.13371658325195,1.1981379985809326,17.0
14187,9,0.0,0.0,0.0,51.74026785956489,-1.2330862151251898,172.0
87856,2,0.0,0.0,0.0,51.441335678100586,-0.9851794838905334,90.0
10415411,2,0.0,0.0,0.0,53.227956771850586,-0.5366300046443939,85.0
12691,1,0.0,0.0,0.0,53.73384475708008,-1.8726069927215576,131.0
25992,1,0.0,0.0,0.0,52.74616622924805,0.5182740092277527,104.0
6167,4,0.0,0.0,0.0,51.482093811035156,0.3049105107784271,-1.0
4918,1,0.0,0.0,0.0,54.63239669799805,-1.8937469720840454,259.0
3533123,1,0.0,0.0,0.0,52.598026275634766,-1.365425944328308,72.0
61676,2,0.0,0.0,0.0,50.212303161621094,-5.08591103553772,62.0
7054,10,0.0,0.0,0.0,52.45987739562988,-1.970676600933075,152.4
30266,3,0.0,0.0,0.0,50.6507314046224,-3.344113032023112,268.0
92474,1,0.0,0.0,0.0,53.607444763183594,-1.0228630304336548,226.0
133119,1,0.0,0.0,0.0,51.03020095825195,-4.194297790527344,72.0
7001,1,0.0,0.0,0.0,51.56319046020508,-1.7846850156784058,114.0
17844,3,0.0,0.0,0.0,51.457010904947914,-0.9376659989356995,192.66666666666666
95178,1,0.0,0.0,0.0,52.188682556152344,0.9954550266265869,181.0
72605,2,0.0,0.0,0.0,51.36582565307617,1.3261939883232117,27.0
131566,5,0.0,0.0,0.0,50.79095611572266,0.27881779670715334,182.4
116713,5,0.0,0.0,0.0,54.607695770263675,-1.4334902048110962,101.6
5746,13,0.0,0.0,0.0,52.519223139836235,-1.8525512310174794,106.23076923076923
23431,12,0.0,0.0,0.0,51.68122990926107,-0.28574808190266293,96.83333333333333
5808,1,0.0,0.0,0.0,52.48520278930664,1.7457040548324585,276.0
9122201,1,0.0,0.0,0.0,54.053531646728516,-1.4381330013275146,109.0
15944,1,0.0,0.0,0.0,51.81184005737305,-2.716078996658325,222.0
132979,1,0.0,0.0,0.0,51.211727142333984,-1.4958670139312744,18.0
112015,1,0.0,0.0,0.0,51.45380401611328,-1.99310302734375,12.0
7039276,1,0.0,0.0,0.0,52.57520294189453,-0.24627099931240082,-1.0
54486,3,0.0,0.0,0.0,52.556742350260414,-1.8316433429718018,180.0
85641,3,0.0,0.0,0.0,52.49693806966146,-1.9630056619644165,72.0
54816,2,0.0,0.0,0.0,51.742095947265625,0.4832350015640259,62.5
879674,2,0.0,0.0,0.0,55.59802055358887,-2.7394520044326782,-1.0
4612,11,0.0,0.0,0.0,50.717131181196734,-1.2339001893997192,72.0
7601338,9,0.0,0.0,0.0,51.60557556152344,-0.28381466534402633,170.0
12423,3,0.0,0.0,0.0,51.58648554484049,-3.201420307159424,186.0
131112,7,0.0,0.0,0.0,52.58008466448103,-0.25825342748846325,115.71428571428571
3791869,2,0.0,0.0,0.0,52.65947723388672,-1.1295844912528992,209.5
12019869,10,0.0,0.0,0.0,51.48785934448242,-0.1016215980052948,171.0
5246442,3,0.0,0.0,0.0,50.405330657958984,-4.127890586853027,178.66666666666666
7068,2,0.0,0.0,0.0,51.46495819091797,-2.5763630867004395,24.0
116665,3,0.0,0.0,0.0,54.406683603922524,-0.5290219982465109,181.0
9559803,15,0.0,0.0,0.0,51.523110961914064,-0.10501726617415746,198.0
133140,2,0.0,0.0,0.0,50.726064682006836,-3.4644404649734497,186.0
62684,1,0.0,0.0,0.0,52.2285041809082,-2.25689697265625,357.0
17879,5,0.0,0.0,0.0,52.65025177001953,1.3103303909301758,118.4
82014,2,0.0,0.0,0.0,53.57937240600586,-2.4043760299682617,87.5
11683855,6,0.0,0.0,0.0,50.827183405558266,-1.5727968414624531,155.83333333333334
61713,1,0.0,0.0,0.0,52.7105598449707,-2.7519919872283936,-1.0
131614,11,0.0,0.0,0.0,53.56154355135831,-0.07705718211152336,211.63636363636363
120774,6,0.0,0.0,0.0,51.45404307047526,-2.597155809402466,63.5
22573,1,0.0,0.0,0.0,53.86205291748047,-1.8854180574417114,-1.0
128689,4,0.0,0.0,0.0,52.48721790313721,-2.0460732877254486,69.75
7077,3,0.0,0.0,0.0,53.19751739501953,-0.5613656640052795,205.33333333333334
54720,4,0.0,0.0,0.0,52.53541660308838,1.2375614941120148,88.75
11744,3,0.0,0.0,0.0,53.45703125,-2.637031316757202,155.33333333333334
83372,2,0.0,0.0,0.0,52.92559814453125,-1.217253029346466,153.0
10884550,8,0.0,0.0,0.0,51.47114419937134,-0.10813650023192167,112.5
8717,1,0.0,0.0,0.0,51.59257507324219,-1.4523099660873413,353.0
86093,5,0.0,0.0,0.0,54.89600601196289,-2.9463429927825926,201.6
29446,1,0.0,0.0,0.0,52.172725677490234,0.39512899518013,330.0
81033,4,0.0,0.0,0.0,51.51382064819336,-2.4900957345962524,196.0
22581,1,0.0,0.0,0.0,53.870296478271484,-1.9398189783096313,69.0
512,4,0.0,0.0,0.0,52.08583927154541,-0.5791789963841438,155.5
11740,5,0.0,0.0,0.0,50.91060943603516,-1.3546436071395873,96.4
132088,1,0.0,0.0,0.0,51.323055267333984,-2.200485944747925,66.0
12051281,1,0.0,0.0,0.0,52.655941009521484,-1.773790955543518,139.0
6770466,2,0.0,0.0,0.0,51.615522384643555,0.299237996339798,172.5
45698,1,0.0,0.0,0.0,52.86572265625,-3.0435309410095215,237.0
78217,4,0.0,0.0,0.0,51.51511764526367,-2.4891240000724792,68.0
115695,8,0.0,0.0,0.0,51.89790344238281,0.9096079990267754,87.5
132420,8,0.0,0.0,0.0,54.90161609649658,-1.4056351333856583,148.5
9101,3,0.0,0.0,0.0,51.88842264811198,-1.4994206428527832,220.33333333333334
5544,10,0.0,0.0,0.0,52.504317092895505,-1.9230869889259339,42.9
92156,2,0.0,0.0,0.0,53.620948791503906,-2.181225538253784,34.5
25415,2,0.0,0.0,0.0,53.45225715637207,-2.018098473548889,238.5
87229,4,0.0,0.0,0.0,51.880064964294434,-0.6058134958148003,114.25
116638,1,0.0,0.0,0.0,54.606204986572266,-1.1031899452209473,-1.0
91846,4,0.0,0.0,0.0,53.50785541534424,-2.1788289546966553,84.75
10984016,17,0.0,0.0,0.0,51.566237056956574,-0.14679023448158712,121.76470588235294
3729791,2,0.0,0.0,0.0,54.27885818481445,-0.4206555038690567,119.5
7583,1,0.0,0.0,0.0,51.377811431884766,-2.3582870960235596,-1.0
4183,1,0.0,0.0,0.0,50.70431137084961,-2.432408094406128,139.0
18039,5,0.0,0.0,0.0,52.264157104492185,-0.08887540102005005,171.0
9067,1,0.0,0.0,0.0,51.27416229248047,-0.4313730001449585,208.0
132399,3,0.0,0.0,0.0,54.975016276041664,-1.4486546516418457,250.0
4055,3,0.0,0.0,0.0,50.936981201171875,-2.991784652074178,197.33333333333334
4336,2,0.0,0.0,0.0,52.7743034362793,-1.21099853515625,217.0
92615,2,0.0,0.0,0.0,53.59830093383789,-2.3120464086532593,222.0
59075,1,0.0,0.0,0.0,53.02277374267578,-2.1761889457702637,-1.0
8643,3,0.0,0.0,0.0,54.843702952067055,-1.6562693516413372,170.0
3841916,4,0.0,0.0,0.0,54.264960289001465,-0.39954525232315063,208.5
93088,1,0.0,0.0,0.0,50.83987808227539,-0.8469269871711731,306.0
17632,3,0.0,0.0,0.0,51.4563242594401,-0.9817740122477213,241.33333333333334
5990,10,0.0,0.0,0.0,52.461663818359376,-1.934533715248108,34.1
77201,1,0.0,0.0,0.0,52.847740173339844,-1.4033570289611816,195.0
94387,1,0.0,0.0,0.0,51.61943435668945,-3.4508090019226074,312.0
7566,5,0.0,0.0,0.0,53.23673324584961,-1.4385293960571288,109.2
7317,2,0.0,0.0,0.0,53.38014030456543,-2.661372423171997,-1.0
61701,7,0.0,0.0,0.0,50.72958646501814,-1.8320298535483224,61.714285714285715
88379,7,0.0,0.0,0.0,53.82112448556082,-3.022876467023577,113.0
97031,2,0.0,0.0,0.0,53.65234184265137,-1.8168284893035889,199.0
3436063,1,0.0,0.0,0.0,53.16869354248047,-1.194025993347168,170.0
8158,2,0.0,0.0,0.0,53.39594268798828,-1.493081510066986,291.0
67410,1,0.0,0.0,0.0,52.306884765625,-1.9443550109863281,177.0
109998,1,0.0,0.0,0.0,53.39082336425781,-2.5976309776306152,247.0
132444,7,0.0,0.0,0.0,55.0082026890346,-1.6018319981438773,155.14285714285714
5248,2,0.0,0.0,0.0,53.131263732910156,-2.3316545486450195,145.5
80907,1,0.0,0.0,0.0,51.33095169067383,-2.278512954711914,323.0
131146,6,0.0,0.0,0.0,43.403807957967125,-0.5196280032396317,88.0
10984053,4,0.0,0.0,0.0,51.662017822265625,-0.05960874957963824,202.5
8951,6,0.0,0.0,0.0,53.086392084757485,-1.1999371846516926,203.0
6770449,1,0.0,0.0,0.0,51.9459342956543,-0.01817299984395504,-1.0
10780333,5,0.0,0.0,0.0,51.35021286010742,-0.06017960011959076,135.0
19604,3,0.0,0.0,0.0,52.06093978881836,1.2098860343297322,88.66666666666667
11902,1,0.0,0.0,0.0,53.64101791381836,-1.8629790544509888,280.0
1443968,1,0.0,0.0,0.0,51.37793731689453,-0.15873600542545319,45.0
93368,1,0.0,0.0,0.0,51.747779846191406,-3.134553909301758,90.0
10246325,13,0.0,0.0,0.0,51.45651362492488,0.009439538447902752,141.92307692307693
9583,5,0.0,0.0,0.0,51.8975830078125,1.0104768037796021,54.6
6287,3,0.0,0.0,0.0,52.6481564839681,-1.0816670258839924,131.0
133273,3,0.0,0.0,0.0,51.71038691202799,-3.175560712814331,298.0
116759,1,0.0,0.0,0.0,54.527034759521484,-1.5539350509643555,176.0
104484,5,0.0,0.0,0.0,40.67957229614258,0.4229847967624664,87.6
34295,2,0.0,0.0,0.0,52.63405799865723,-2.055049419403076,253.5
133043,4,0.0,0.0,0.0,38.29464626312256,-0.993314266204834,106.5
86115,1,0.0,0.0,0.0,0.0,0.0,0.0
120594,4,0.0,0.0,0.0,51.16986274719238,-2.6466076970100403,144.25
105737,1,0.0,0.0,0.0,54.5759391784668,-1.1459599733352661,-1.0
24169,12,0.0,0.0,0.0,52.49087715148926,-1.7981853385766347,136.75
8124,14,0.0,0.0,0.0,51.45846039908273,0.16863042808004788,135.0
11645955,7,0.0,0.0,0.0,51.472899845668245,-0.21585928542273386,115.71428571428571
8959,1,0.0,0.0,0.0,51.41368103027344,0.515745997428894,-1.0
3500,3,0.0,0.0,0.0,53.20726013183594,-0.8413573503494263,0.3333333333333333
59208,5,0.0,0.0,0.0,53.42672500610352,-2.9224218368530273,83.0
4018634,1,0.0,0.0,0.0,51.86592102050781,-0.19703100621700287,355.0
12483,2,0.0,0.0,0.0,53.72011756896973,-1.877584457397461,143.5
11945,1,0.0,0.0,0.0,53.79035949707031,-1.2503379583358765,352.0
10628451,7,0.0,0.0,0.0,51.599090576171875,-0.22526228640760695,128.57142857142858
12550,13,0.0,0.0,0.0,53.80904505803035,-1.5550776169850276,115.38461538461539
7756419,2,0.0,0.0,0.0,50.33525848388672,-4.79284143447876,95.0
3540,1,0.0,0.0,0.0,51.40149688720703,-1.3211450576782227,142.0
131629,3,0.0,0.0,0.0,53.58415095011393,-0.14488866925239563,150.0
72176,2,0.0,0.0,0.0,52.63718223571777,1.430891990661621,109.5
128726,7,0.0,0.0,0.0,52.58671079363142,-2.1357645988464355,92.71428571428571
106436,1,0.0,0.0,0.0,53.235355377197266,-1.4328919649124146,102.0
128594,8,0.0,0.0,0.0,52.51532220840454,-1.880052998661995,105.75
8378998,1,0.0,0.0,0.0,52.94932174682617,-0.9772279858589172,173.0
10628335,10,0.0,0.0,0.0,51.47046432495117,-0.30605430006980894,166.5
35577,6,0.0,0.0,0.0,42.743768056233726,0.7478451828161875,98.0
6709371,1,0.0,0.0,0.0,52.498985290527344,-1.4738160371780396,24.0
54818,9,0.0,0.0,0.0,51.744258880615234,0.4659862220287323,54.44444444444444
41007,3,0.0,0.0,0.0,52.65389760335287,-1.1171643336613972,61.666666666666664
10984040,13,0.0,0.0,0.0,51.541866302490234,-0.2316027684853627,107.3076923076923
59815,1,0.0,0.0,0.0,53.66037368774414,-2.9748899936676025,268.0
128685,7,0.0,0.0,0.0,52.56946563720703,-2.0986361844199046,53.714285714285715
3988463,3,0.0,0.0,0.0,51.77312088012695,-0.6606176594893137,166.0
97161,6,0.0,0.0,0.0,51.91340255737305,-0.27304716656605404,61.333333333333336
80668,1,0.0,0.0,0.0,53.57590103149414,-2.42667293548584,-1.0
7943,1,0.0,0.0,0.0,51.91216278076172,-0.20728300511837006,4.0
10973966,3,0.0,0.0,0.0,53.82723490397135,-1.8158799807230632,134.66666666666666
11149878,18,0.0,0.0,0.0,51.49632369147407,-0.1132487774723106,150.0
132064,3,0.0,0.0,0.0,51.75525410970052,-2.313678026199341,186.0
5181,2,0.0,0.0,0.0,51.76208686828613,-0.4652160108089447,83.5
111482,1,0.0,0.0,0.0,53.2564811706543,-2.9096429347991943,231.0
11150001,14,0.0,0.0,0.0,51.37032454354422,-0.1883848575609071,141.42857142857142
118804,3,0.0,0.0,0.0,52.91507085164388,-0.636011004447937,45.0
44669,1,0.0,0.0,0.0,51.582340240478516,0.7071629762649536,7.0
8946,3,0.0,0.0,0.0,54.47146987915039,-1.6084237098693848,176.66666666666666
6253,16,0.0,0.0,0.0,52.55650591850281,-1.950018048286438,139.125
4192,2,0.0,0.0,0.0,51.84997749328613,-2.2264879941940308,99.0
18195,2,0.0,0.0,0.0,52.18838691711426,-2.2279404401779175,95.5
8879913,9,0.0,0.0,0.0,51.44402398003472,-0.4029984441068437,135.0
75708,9,0.0,0.0,0.0,50.82844458685981,-0.1318704436222712,83.88888888888889
9045,1,0.0,0.0,0.0,54.736026763916016,-1.3394570350646973,79.0
7938059,7,0.0,0.0,0.0,51.613560812813894,-0.17072957115513937,192.85714285714286
7656183,2,0.0,0.0,0.0,50.710248947143555,-3.216526508331299,66.5
8396,15,0.0,0.0,0.0,51.462119801839194,-2.5943694432576496,125.93333333333334
131615,1,0.0,0.0,0.0,53.567115783691406,-0.07480300217866898,108.0
58945,2,0.0,0.0,0.0,53.69134712219238,-1.631168007850647,15.5
104298,2,0.0,0.0,0.0,51.90778350830078,-2.7854470014572144,0.0
56604,4,0.0,0.0,0.0,54.68839454650879,-1.3831352293491364,59.75
29604,1,0.0,0.0,0.0,51.65330123901367,-0.3923250138759613,311.0
32424,1,0.0,0.0,0.0,51.0877685546875,-1.8715569972991943,162.0
50627,5,0.0,0.0,0.0,53.83551712036133,-1.6174044132232666,138.8
10120,1,0.0,0.0,0.0,51.384769439697266,-0.29351699352264404,315.0
9025,1,0.0,0.0,0.0,53.73878479003906,0.020011000335216522,111.0
11929,2,0.0,0.0,0.0,53.72411346435547,-1.6311115026474,51.5
113166,8,0.0,0.0,0.0,52.63880634307861,1.27496437728405,134.25
67422,1,0.0,0.0,0.0,52.38615417480469,-2.250930070877075,-1.0
131942,1,0.0,0.0,0.0,53.23519515991211,-0.5225690007209778,282.0
12800,1,0.0,0.0,0.0,53.569549560546875,-1.7887309789657593,-1.0
50799,6,0.0,0.0,0.0,51.057106018066406,-1.3158109784126282,167.0
8260,1,0.0,0.0,0.0,53.023128509521484,-1.483875036239624,-1.0
4773,1,0.0,0.0,0.0,53.9644660949707,-1.08843195438385,315.0
4382,2,0.0,0.0,0.0,50.68873596191406,-1.4085345268249512,193.0
8254,1,0.0,0.0,0.0,51.27639389038086,1.0814069509506226,0.0
4040073,8,0.0,0.0,0.0,44.44144582748413,0.2491113804280758,117.0
107223,8,0.0,0.0,0.0,51.46827745437622,-0.7222808822989464,166.5
8222,1,0.0,0.0,0.0,50.3526725769043,-3.593816041946411,96.0
67366,2,0.0,0.0,0.0,52.38031005859375,-2.4306775331497192,152.0
4265,6,0.0,0.0,0.0,52.60323397318522,-1.9860003391901653,135.33333333333334
32369,4,0.0,0.0,0.0,50.38052177429199,-4.076898574829102,150.0
6255,2,0.0,0.0,0.0,52.62548637390137,-1.1735345125198364,59.5
101186,12,0.0,0.0,0.0,51.55355739593506,-0.8351883341868719,144.16666666666666
4602,2,0.0,0.0,0.0,53.457693099975586,-1.33502596616745,144.0
7766,1,0.0,0.0,0.0,51.2372932434082,-0.14678199589252472,253.0
5187,3,0.0,0.0,0.0,51.272029876708984,0.505010336637497,21.0
79488,1,0.0,0.0,0.0,51.90113830566406,-0.2056809961795807,130.0
7756321,1,0.0,0.0,0.0,50.28148651123047,-4.989553928375244,17.0
42145,8,0.0,0.0,0.0,51.44859027862549,-0.430564746260643,123.75
11514986,4,0.0,0.0,0.0,50.82460117340088,-4.535882472991943,114.75
1334851,1,0.0,0.0,0.0,53.271888732910156,-1.3281090259552002,222.0
32112,1,0.0,0.0,0.0,50.74286651611328,-1.9233399629592896,304.0
116122,5,0.0,0.0,0.0,53.15017166137695,-3.0231237411499023,288.8
113200,3,0.0,0.0,0.0,51.20776621500651,0.7470443248748779,170.0
7989,2,0.0,0.0,0.0,51.39831733703613,-2.197319507598877,95.5
131756,2,0.0,0.0,0.0,53.228641510009766,-0.5723109841346741,237.0
77,9,0.0,0.0,0.0,53.206795162624786,-2.9946639802720814,150.33333333333334
7135,1,0.0,0.0,0.0,52.99446487426758,-2.139331102371216,194.0
5039023,1,0.0,0.0,0.0,53.96013259887695,-1.0869929790496826,-1.0
120591,6,0.0,0.0,0.0,51.38391558329264,-2.379220883051554,124.16666666666667
5118,2,0.0,0.0,0.0,50.61219596862793,-2.4776244163513184,73.5
116603,8,0.0,0.0,0.0,54.67556428909302,-1.671453982591629,83.375
19119,2,0.0,0.0,0.0,53.93405723571777,-1.063794493675232,222.5
12033,3,0.0,0.0,0.0,53.72209676106771,-1.6475483179092407,214.0
2806601,1,0.0,0.0,0.0,52.502037048339844,-2.038454055786133,231.0
4598478,1,0.0,0.0,0.0,52.05510711669922,-2.6983749866485596,163.0
132580,3,0.0,0.0,0.0,52.48830032348633,-0.7132396697998047,132.0
87102,4,0.0,0.0,0.0,53.86303424835205,-2.992092490196228,98.0
103283,6,0.0,0.0,0.0,51.47434679667155,0.335867499311765,101.33333333333333
7972,2,0.0,0.0,0.0,53.04505157470703,-2.1978399753570557,127.0
138506,7,0.0,0.0,0.0,51.43644005911691,-0.09902114208255496,147.85714285714286
89485,2,0.0,0.0,0.0,53.45763397216797,-2.8963935375213623,213.0
115553,5,0.0,0.0,0.0,51.56627578735352,0.7068796038627625,170.6
27726,1,0.0,0.0,0.0,51.674659729003906,-1.2753570079803467,325.0
3640,9,0.0,0.0,0.0,51.52224010891385,0.39824067221747506,111.44444444444444
133074,2,0.0,0.0,0.0,50.384002685546875,-4.154850959777832,234.0
33149,1,0.0,0.0,0.0,52.963321685791016,-1.2403080463409424,-1.0
10131,4,0.0,0.0,0.0,54.957743644714355,-1.6332015097141266,177.25
137965,1,0.0,0.0,0.0,51.47392654418945,-0.06716500222682953,90.0
101253,1,0.0,0.0,0.0,52.1761360168457,-0.4440320134162903,210.0
5528,13,0.0,0.0,0.0,51.4778187091534,0.08170784565691765,155.76923076923077
7040783,1,0.0,0.0,0.0,54.89414596557617,-2.932159900665283,78.0
109999,3,0.0,0.0,0.0,53.417606353759766,-2.417752981185913,112.0
2743269,2,0.0,0.0,0.0,51.36670684814453,-0.3590019941329956,49.5
89482,10,0.0,0.0,0.0,53.440409088134764,-2.9391892910003663,148.2
101817,1,0.0,0.0,0.0,52.710262298583984,-2.4421029090881348,136.0
59231,1,0.0,0.0,0.0,53.3183708190918,-2.7386560440063477,153.0
7756444,3,0.0,0.0,0.0,50.11399459838867,-5.5403666496276855,62.666666666666664
8776,2,0.0,0.0,0.0,51.27287673950195,0.3981965035200119,155.5
132584,3,0.0,0.0,0.0,52.25211970011393,-0.8890993396441141,104.0
3181303,1,0.0,0.0,0.0,50.18369674682617,-5.439905166625977,29.0
133085,3,0.0,0.0,0.0,34.05089823404948,-2.7116260528564453,44.0
6770328,2,0.0,0.0,0.0,51.868913650512695,0.5534019712358713,158.0
3703947,1,0.0,0.0,0.0,50.29720687866211,-5.139309883117676,99.0
106269,10,0.0,0.0,0.0,53.80547332763672,-1.5644913077354432,105.8
10946346,2,0.0,0.0,0.0,50.95522880554199,-0.12817249447107315,-1.0
8274,5,0.0,0.0,0.0,52.516327667236325,-1.9062382221221923,114.2
8522,4,0.0,0.0,0.0,50.40343475341797,-4.146440863609314,31.75
12761,1,0.0,0.0,0.0,53.742740631103516,-1.8791569471359253,102.0
73268,3,0.0,0.0,0.0,52.63053766886393,-1.1041486660639446,120.0
12090044,4,0.0,0.0,0.0,53.41961479187012,-1.4007095098495483,148.5
120829,5,0.0,0.0,0.0,51.380506896972655,-2.5084564685821533,138.6
132015,1,0.0,0.0,0.0,51.862030029296875,-2.2498109340667725,30.0
6468,1,0.0,0.0,0.0,53.19221496582031,-2.880722999572754,264.0
113165,10,0.0,0.0,0.0,51.41331405639649,-2.4769248008728026,83.6
106235,1,0.0,0.0,0.0,51.34120178222656,0.5949050188064575,-1.0
867782,1,0.0,0.0,0.0,50.65486526489258,-2.084254026412964,318.0
47966,2,0.0,0.0,0.0,53.15312576293945,-2.492684483528137,96.0
12748,3,0.0,0.0,0.0,51.383139292399086,-0.4893389940261841,205.33333333333334
74685,1,0.0,0.0,0.0,52.65156173706055,1.279937982559204,342.0
131176,3,0.0,0.0,0.0,54.52858861287435,-2.8701460361480713,152.0
63105,1,0.0,0.0,0.0,53.3921012878418,-2.8397600650787354,47.0
3091902,2,0.0,0.0,0.0,51.49636268615723,-0.010521000251173973,135.0
3542764,2,0.0,0.0,0.0,53.524065017700195,-2.8474775552749634,290.5
120354,2,0.0,0.0,0.0,51.024187088012695,-3.1236419677734375,50.5
7733,4,0.0,0.0,0.0,50.72984027862549,-1.8546452522277832,57.75
11976,2,0.0,0.0,0.0,51.6548957824707,-3.5052404403686523,237.0
3099480,1,0.0,0.0,0.0,51.92179489135742,-0.6905159950256348,34.0
11881,2,0.0,0.0,0.0,54.54425239562988,-1.8221755027770996,57.5
3877802,2,0.0,0.0,0.0,53.76063346862793,-0.3148204982280731,108.0
38593,4,0.0,0.0,0.0,54.946983337402344,-1.5796605050563812,129.5
40897,3,0.0,0.0,0.0,51.78482309977213,-2.2382439772288003,194.0
1119232,1,0.0,0.0,0.0,50.9016227722168,-3.486877918243408,-1.0
28784,1,0.0,0.0,0.0,52.63434600830078,-1.6672179698944092,77.0
6505485,1,0.0,0.0,0.0,50.72175979614258,-3.6025640964508057,119.0
18081,3,0.0,0.0,0.0,51.51736831665039,-3.504833698272705,157.0
132403,6,0.0,0.0,0.0,45.82384745279948,-1.378568669160207,78.0
2864884,1,0.0,0.0,0.0,53.584781646728516,-2.651371955871582,238.0
50067,1,0.0,0.0,0.0,51.60636520385742,-1.2402759790420532,186.0
4028,1,0.0,0.0,0.0,52.63735580444336,1.2818020582199097,138.0
9645,1,0.0,0.0,0.0,51.56792449951172,0.42366400361061096,115.0
63115,1,0.0,0.0,0.0,53.45102310180664,-2.997406005859375,253.0
77937,4,0.0,0.0,0.0,50.90331172943115,-0.0011357516050338745,202.0
7156147,1,0.0,0.0,0.0,51.2690544128418,0.19342899322509766,159.0
94872,1,0.0,0.0,0.0,53.49917221069336,-1.1428159475326538,-1.0
9947,3,0.0,0.0,0.0,53.533199310302734,-2.0565500259399414,224.66666666666666
12785,1,0.0,0.0,0.0,53.693824768066406,-1.307428002357483,111.0
97984,5,0.0,0.0,0.0,51.67725830078125,-2.640810823440552,135.8
383378,1,0.0,0.0,0.0,52.54237747192383,-0.9927430152893066,335.0
105813,1,0.0,0.0,0.0,51.229793548583984,-3.8286430835723877,312.0
14848,2,0.0,0.0,0.0,51.25252342224121,0.5193159878253937,45.0
18190,3,0.0,0.0,0.0,51.273162841796875,1.070629318555196,154.0
353459,1,0.0,0.0,0.0,54.5759391784668,-1.243744969367981,149.0
14165,2,0.0,0.0,0.0,53.82258224487305,-1.756764531135559,87.0
331084,1,0.0,0.0,0.0,52.78089904785156,-1.2225209474563599,127.0
4226,6,0.0,0.0,0.0,53.78204218546549,-2.450065851211548,67.16666666666667
132980,3,0.0,0.0,0.0,51.21038945515951,-1.478729009628296,218.0
6772407,2,0.0,0.0,0.0,50.54832458496094,-3.833593964576721,65.5
110000,2,0.0,0.0,0.0,53.38117790222168,-2.587965488433838,80.0
95111,1,0.0,0.0,0.0,51.284645080566406,-1.9871900081634521,259.0
131991,2,0.0,0.0,0.0,53.09022521972656,-1.0786494612693787,285.0
12019835,5,0.0,0.0,0.0,51.47383270263672,-0.1839904010295868,234.0
4252,3,0.0,0.0,0.0,52.98971811930338,-2.175690253575643,122.0
782569,1,0.0,0.0,0.0,52.985496520996094,-2.1191680431365967,258.0
109338,6,0.0,0.0,0.0,53.3818162282308,-2.5250965356826782,154.0
132123,1,0.0,0.0,0.0,53.20073318481445,-2.932662010192871,144.0
9977426,1,0.0,0.0,0.0,53.544776916503906,-1.1509109735488892,-1.0
81931,2,0.0,0.0,0.0,53.53865623474121,-2.5689539909362793,140.5
38020,1,0.0,0.0,0.0,50.83124923706055,-3.284069061279297,227.0
6770431,1,0.0,0.0,0.0,51.86503982543945,0.16553999483585358,285.0
104914,1,0.0,0.0,0.0,52.70951461791992,-2.5286850929260254,-1.0
16085,2,0.0,0.0,0.0,52.028669357299805,1.331578016281128,281.0
52903,5,0.0,0.0,0.0,55.00630645751953,-1.4810060024261475,137.2
3945,4,0.0,0.0,0.0,50.4072847366333,-4.136371493339539,79.5
5390,14,0.0,0.0,0.0,53.39492852347238,-1.4750109825815474,160.28571428571428
86039,1,0.0,0.0,0.0,54.05788040161133,-2.7847559452056885,270.0
6708,6,0.0,0.0,0.0,53.81093660990397,-3.026733636856079,72.66666666666667
42709,4,0.0,0.0,0.0,52.60677242279053,-1.148897498846054,118.5
63111,1,0.0,0.0,0.0,53.4532470703125,-2.9023709297180176,83.0
1677,1,0.0,0.0,0.0,54.19919204711914,-2.594409942626953,126.0
69831,1,0.0,0.0,0.0,52.021663665771484,0.2603810131549835,-1.0
117464,3,0.0,0.0,0.0,52.709459940592446,-2.7864893277486167,125.0
15148,4,0.0,0.0,0.0,53.46607685089111,-2.231462001800537,79.0
54820,8,0.0,0.0,0.0,51.73290491104126,0.46867062896490097,83.625
10686331,1,0.0,0.0,0.0,53.09131622314453,-3.000566005706787,64.0
1486803,1,0.0,0.0,0.0,52.187557220458984,-2.242361068725586,71.0
132937,1,0.0,0.0,0.0,51.250404357910156,-0.7772539854049683,102.0
9320,10,0.0,0.0,0.0,53.48129005432129,-1.2711014032363892,123.0
6787,2,0.0,0.0,0.0,51.59803009033203,-1.834097981452942,51.0
15345,4,0.0,0.0,0.0,51.6790246963501,-3.3863584995269775,250.5
133480,12,0.0,0.0,0.0,53.41565799713135,-1.4689807494481404,165.5
18150,1,0.0,0.0,0.0,52.960636138916016,-1.1790319681167603,-1.0
131790,6,0.0,0.0,0.0,53.13295300801595,-0.5557046631971995,208.0
86086,2,0.0,0.0,0.0,54.052236557006836,-2.801936984062195,249.0
33136,1,0.0,0.0,0.0,52.03110122680664,-1.0297739505767822,29.0
82377,2,0.0,0.0,0.0,53.951059341430664,-1.0911759734153748,52.0
14170,1,0.0,0.0,0.0,53.86099624633789,-1.7279009819030762,271.0
7326,3,0.0,0.0,0.0,53.5587272644043,-1.4532270034154255,288.0
7057,6,0.0,0.0,0.0,52.60813840230306,-1.1277668476104736,167.83333333333334
9665,3,0.0,0.0,0.0,50.57793426513672,-3.610257625579834,144.33333333333334
63220,1,0.0,0.0,0.0,53.353736877441406,-2.8931400775909424,-1.0
7756449,6,0.0,0.0,0.0,50.36508433024088,-5.101458470026652,74.16666666666667
82009,21,0.0,0.0,0.0,53.54927462623233,-2.2421219916570756,129.23809523809524
94877,4,0.0,0.0,0.0,53.53107833862305,-1.1010084748268127,130.0
10984048,13,0.0,0.0,0.0,51.554369119497444,-0.3828827692912175,180.0
131260,7,0.0,0.0,0.0,53.98622785295759,-2.7855875492095947,210.85714285714286
132932,4,0.0,0.0,0.0,51.295119285583496,-0.5896152555942535,234.0
131569,2,0.0,0.0,0.0,53.51642608642578,-0.6879895031452179,255.0
7600,1,0.0,0.0,0.0,51.725257873535156,0.373306006193161,184.0
45287,1,0.0,0.0,0.0,52.35535430908203,-1.3075660467147827,238.0
10636637,2,0.0,0.0,0.0,50.71869468688965,-1.919910490512848,237.0
67385,2,0.0,0.0,0.0,52.286067962646484,-1.947281002998352,141.0
91052,4,0.0,0.0,0.0,53.37797164916992,-1.2508370280265808,69.0
53074,2,0.0,0.0,0.0,51.273860931396484,0.518887996673584,72.5
132897,4,0.0,0.0,0.0,50.912957191467285,-0.4720752537250519,166.5
3841995,3,0.0,0.0,0.0,53.73334248860677,-0.24033166964848837,143.33333333333334
2303,2,0.0,0.0,0.0,51.333940505981445,-0.2714570015668869,59.0
14662,20,0.0,0.0,0.0,49.627258110046384,0.05273305047303438,134.4
54420,6,0.0,0.0,0.0,51.57281812032064,0.4928870002428691,82.5
864,5,0.0,0.0,0.0,52.64299011230469,-1.09958758354187,111.0
9998,1,0.0,0.0,0.0,53.770057678222656,-0.2776489853858948,61.0
133284,3,0.0,0.0,0.0,51.57262420654297,-3.232417662938436,184.0
81991,1,0.0,0.0,0.0,53.50166702270508,-2.3017830848693848,122.0
6758061,4,0.0,0.0,0.0,51.64349842071533,-0.18957625329494476,213.75
7131,8,0.0,0.0,0.0,50.689865589141846,-1.9180492609739304,60.625
7329,1,0.0,0.0,0.0,50.75131607055664,-1.301609992980957,79.0
18037,4,0.0,0.0,0.0,53.75606822967529,-0.31311599910259247,136.5
22576,4,0.0,0.0,0.0,53.90473747253418,-1.9631462693214417,93.75
17964,6,0.0,0.0,0.0,52.62419827779134,1.2766388257344563,130.0
115528,7,0.0,0.0,0.0,51.539733341761995,0.7463394233158657,117.42857142857143
86068,2,0.0,0.0,0.0,54.327213287353516,-2.7490609884262085,213.0
93205,3,0.0,0.0,0.0,34.855550130208336,-1.0188969771067302,22.0
82414,2,0.0,0.0,0.0,53.09544563293457,-0.7928819954395294,100.5
10890929,2,0.0,0.0,0.0,51.39169120788574,0.49556301534175873,186.5
57065,2,0.0,0.0,0.0,51.903642654418945,-0.2065645009279251,283.5
37691,4,0.0,0.0,0.0,53.66384315490723,-1.6186802387237549,52.75
18892,1,0.0,0.0,0.0,53.5650520324707,-0.623000979423523,175.0
7960,4,0.0,0.0,0.0,51.05475425720215,-0.3267969936132431,132.75
131346,1,0.0,0.0,0.0,50.92879104614258,0.49132001399993896,0.0
7752,8,0.0,0.0,0.0,51.7654447555542,-0.3106101229786873,142.5
58903,1,0.0,0.0,0.0,52.19334411621094,-2.224479913711548,-1.0
138163,1,0.0,0.0,0.0,51.356502532958984,0.08821400254964828,135.0
115719,2,0.0,0.0,0.0,51.76810073852539,0.09237900003790855,26.5
71151,4,0.0,0.0,0.0,50.60869598388672,-2.4732274413108826,63.5
92510,7,0.0,0.0,0.0,53.50907407488142,-2.2182742868150984,161.14285714285714
131054,4,0.0,0.0,0.0,52.12527370452881,-0.48367225378751755,253.5
1444,3,0.0,0.0,0.0,54.957618713378906,-1.507235010464986,230.0
57423,1,0.0,0.0,0.0,51.606971740722656,-0.5566139817237854,-1.0
5983975,2,0.0,0.0,0.0,54.951372146606445,-1.6569769978523254,7.5
115715,1,0.0,0.0,0.0,51.75419235229492,0.09134499728679657,172.0
12703,3,0.0,0.0,0.0,53.7129872639974,-1.813420295715332,148.66666666666666
10983737,5,0.0,0.0,0.0,51.4829963684082,-0.16522839665412903,180.0
33298,8,0.0,0.0,0.0,53.71017551422119,-1.7736851274967194,173.25
86038,4,0.0,0.0,0.0,54.77972221374512,-2.823536217212677,219.0
128775,6,0.0,0.0,0.0,52.58627446492513,-2.1429328123728433,135.83333333333334
969352,3,0.0,0.0,0.0,55.02869160970052,-1.537069320678711,123.66666666666667
32743,1,0.0,0.0,0.0,51.06969451904297,-1.7955329418182373,92.0
2951033,3,0.0,0.0,0.0,53.091896057128906,-3.2036609649658203,165.66666666666666
353471,1,0.0,0.0,0.0,54.46583557128906,-0.6767879724502563,80.0
3137,1,0.0,0.0,0.0,50.40467071533203,-3.5652101039886475,24.0
3290935,16,0.0,0.0,0.0,51.420867919921875,-0.2045068796724081,171.5625
103501,1,0.0,0.0,0.0,53.960487365722656,-1.118304967880249,25.0
7888,1,0.0,0.0,0.0,52.29094696044922,-0.2520970106124878,174.0
32473,7,0.0,0.0,0.0,53.80559866768973,-1.546381984438215,183.42857142857142
8735,3,0.0,0.0,0.0,51.5751698811849,-3.612282673517863,138.33333333333334
9249725,6,0.0,0.0,0.0,53.94034512837728,-0.8006760080655416,105.66666666666667
121849,2,0.0,0.0,0.0,51.621826171875,0.6145084798336029,184.5
95548,2,0.0,0.0,0.0,53.41693305969238,-2.805418014526367,47.0
4054,1,0.0,0.0,0.0,50.33964538574219,-4.758485794067383,54.0
5295,6,0.0,0.0,0.0,54.98340288798014,-1.6365946531295776,186.0
131340,1,0.0,0.0,0.0,50.988040924072266,0.9452610015869141,0.0
50461,2,0.0,0.0,0.0,51.082733154296875,-1.8554629683494568,211.5
132639,1,0.0,0.0,0.0,52.476078033447266,-0.661558985710144,312.0
1697782,2,0.0,0.0,0.0,51.944684982299805,-0.2702684998512268,234.0
82003,1,0.0,0.0,0.0,53.57720947265625,-2.432476043701172,-1.0
64155,1,0.0,0.0,0.0,52.957725524902344,-1.3267600536346436,261.0
9027,2,0.0,0.0,0.0,54.521047592163086,-1.5487350225448608,174.0
8642911,7,0.0,0.0,0.0,51.521744864327566,-0.032877999757017405,167.14285714285714
11316252,8,0.0,0.0,0.0,51.53907251358032,0.07352112559601665,123.75
131320,5,0.0,0.0,0.0,54.63198318481445,-3.368685579299927,237.6
15536,1,0.0,0.0,0.0,53.34097671508789,-3.1040210723876953,81.0
10884815,14,0.0,0.0,0.0,51.50083078656878,-0.37045456894806456,163.92857142857142
96070,6,0.0,0.0,0.0,51.73286819458008,-1.2367986639340718,110.33333333333333
131114,5,0.0,0.0,0.0,52.57628631591797,-0.25451360642910004,194.4
6702709,3,0.0,0.0,0.0,50.383496602376304,-4.1642680168151855,90.66666666666667
41130,5,0.0,0.0,0.0,53.378937530517575,-1.4984965801239014,79.6
92152,1,0.0,0.0,0.0,53.622528076171875,-2.1575019359588623,138.0
8843,4,0.0,0.0,0.0,51.51579666137695,-0.4630564972758293,157.5
60497,1,0.0,0.0,0.0,51.38371658325195,0.5235139727592468,28.0
12769,4,0.0,0.0,0.0,53.81137943267822,-1.758641004562378,88.0
103728,4,0.0,0.0,0.0,53.03786754608154,-2.2193145155906677,40.25
9007,4,0.0,0.0,0.0,52.71700382232666,-1.1662994921207428,205.0
6319,2,0.0,0.0,0.0,52.91762924194336,-1.4818094968795776,193.5
11235,1,0.0,0.0,0.0,52.037872314453125,-2.4369680881500244,116.0
60001,1,0.0,0.0,0.0,51.523155212402344,0.5573779940605164,324.0
13842,4,0.0,0.0,0.0,52.39871788024902,-1.496257483959198,28.25
58949,4,0.0,0.0,0.0,53.96586322784424,-1.3907907605171204,49.75
45695,1,0.0,0.0,0.0,52.85894775390625,-3.05220103263855,218.0
89768,1,0.0,0.0,0.0,52.238407135009766,0.7047029733657837,345.0
3917571,1,0.0,0.0,0.0,52.41860580444336,-1.239730954170227,271.0
66007,2,0.0,0.0,0.0,52.32210731506348,0.3356724977493286,99.5
13829,1,0.0,0.0,0.0,51.14968490600586,0.8517959713935852,0.0
10277859,2,0.0,0.0,0.0,52.80511474609375,-1.6406320333480835,190.0
110555,10,0.0,0.0,0.0,52.43380241394043,-1.8892527103424073,80.9
93909,5,0.0,0.0,0.0,52.482720947265626,-1.4705147981643676,194.4
6851,1,0.0,0.0,0.0,50.547855377197266,-3.516818046569824,227.0
6757848,6,0.0,0.0,0.0,51.564144134521484,-0.3181816637516022,142.5
5333260,3,0.0,0.0,0.0,52.48620096842448,-2.08808700243632,76.66666666666667
24234,2,0.0,0.0,0.0,50.14822196960449,-5.2831408977508545,94.5
101848,2,0.0,0.0,0.0,52.20370101928711,-2.2492434978485107,-1.0
71454,1,0.0,0.0,0.0,51.37708282470703,0.5084390044212341,180.0
11931,18,0.0,0.0,0.0,53.71086396111382,-1.6423632105191548,133.72222222222223
83828,9,0.0,0.0,0.0,52.45482847425673,-1.9404444297154744,66.33333333333333
23366,2,0.0,0.0,0.0,52.65947723388672,-0.472196489572525,84.0
5804763,13,0.0,0.0,0.0,53.69386291503906,-2.2616397050710826,235.92307692307693
72189,3,0.0,0.0,0.0,51.82755788167318,-0.08797199930995703,192.0
32417,1,0.0,0.0,0.0,51.20744323730469,-2.181781053543091,203.0
3571270,5,0.0,0.0,0.0,31.3474609375,-0.9665971994400024,98.4
65847,1,0.0,0.0,0.0,52.245391845703125,0.4050770103931427,45.0
127703,1,0.0,0.0,0.0,54.53168869018555,-1.8538800477981567,97.0
94864,8,0.0,0.0,0.0,53.51013469696045,-1.0825066417455673,110.5
74363,1,0.0,0.0,0.0,54.96987533569336,-1.611943006515503,150.0
8391762,2,0.0,0.0,0.0,25.13759422302246,-1.8813284635543823,15.0
133572,4,0.0,0.0,0.0,53.428160667419434,-1.5279282331466675,66.0
116083,3,0.0,0.0,0.0,53.23593393961588,-3.2888227303822837,166.66666666666666
81974,2,0.0,0.0,0.0,53.5757942199707,-2.428836941719055,22.5
59021,4,0.0,0.0,0.0,53.42460918426514,-3.029691994190216,122.75
4850,9,0.0,0.0,0.0,50.658638424343536,-2.4554914633433023,72.88888888888889
132843,1,0.0,0.0,0.0,50.804866790771484,-1.063433051109314,180.0
12197086,12,0.0,0.0,0.0,51.388675689697266,-0.1798930006722609,116.25
10352,14,0.0,0.0,0.0,53.49321774074009,-2.3273899384907315,94.71428571428571
6904,3,0.0,0.0,0.0,53.03747685750326,-2.215194304784139,89.66666666666667
131682,4,0.0,0.0,0.0,53.756797790527344,-0.29117924720048904,171.0
8154215,14,0.0,0.0,0.0,49.8992862701416,-2.515249490737915,129.42857142857142
9568,21,0.0,0.0,0.0,50.73117664882115,-1.8905986206872123,121.66666666666667
10980869,1,0.0,0.0,0.0,52.41612243652344,0.7508699893951416,83.0
12533,2,0.0,0.0,0.0,53.90938377380371,-1.742615520954132,144.5
3906940,1,0.0,0.0,0.0,53.59061813354492,-0.6466140151023865,78.0
77332,2,0.0,0.0,0.0,50.9421272277832,-1.3279104828834534,-1.0
4615,7,0.0,0.0,0.0,50.81062262398856,-1.1599004438945226,61.0
2119,2,0.0,0.0,0.0,51.22356986999512,0.9584640264511108,105.0
67853,2,0.0,0.0,0.0,53.670555114746094,-2.613165020942688,280.0
132459,8,0.0,0.0,0.0,54.68991136550903,-1.2273838818073273,159.0
4189,17,0.0,0.0,0.0,50.81702669929056,-1.0836496423272526,120.3529411764706
128692,4,0.0,0.0,0.0,52.53652763366699,-2.0046002566814423,24.0
12632,1,0.0,0.0,0.0,53.82261657714844,-1.6626859903335571,205.0
11149,4,0.0,0.0,0.0,51.276427268981934,-0.19282175227999687,241.75
399858,1,0.0,0.0,0.0,53.4012565612793,-2.2943220138549805,-1.0
61913,2,0.0,0.0,0.0,52.76197814941406,0.40958599746227264,93.5
574240,1,0.0,0.0,0.0,52.54865264892578,-2.050935983657837,178.0
2760203,1,0.0,0.0,0.0,52.129249572753906,-2.702605962753296,342.0
4337,1,0.0,0.0,0.0,53.14468765258789,0.3447999954223633,196.0
103732,5,0.0,0.0,0.0,53.06878814697266,-2.2806644439697266,100.8
12020321,2,0.0,0.0,0.0,51.58028030395508,-0.002461000345647335,157.5
10780778,11,0.0,0.0,0.0,51.51754656704989,-0.03386645442382856,175.9090909090909
131772,5,0.0,0.0,0.0,53.20663604736328,-0.5626585960388184,165.6
3345,1,0.0,0.0,0.0,51.60572052001953,-0.3400860130786896,180.0
68808,2,0.0,0.0,0.0,53.25948524475098,-1.9073565006256104,59.0
113199,1,0.0,0.0,0.0,51.14276885986328,0.8741840124130249,312.0
2712073,2,0.0,0.0,0.0,52.665611267089844,-2.465409994125366,206.5
5888,3,0.0,0.0,0.0,53.7436892191569,-1.0210526982943218,132.33333333333334
92603,1,0.0,0.0,0.0,53.52675247192383,-2.111285924911499,90.0
9208,1,0.0,0.0,0.0,50.48313522338867,-3.5568549633026123,164.0
7562,4,0.0,0.0,0.0,52.192978858947754,-2.2086390256881714,65.75
8642557,16,0.0,0.0,0.0,51.422914028167725,0.0981348748318851,112.5
132925,1,0.0,0.0,0.0,51.08602523803711,-0.4616850018501282,6.0
132944,19,0.0,0.0,0.0,51.29237747192383,-0.7541935726215965,176.21052631578948
10650268,1,0.0,0.0,0.0,53.74893569946289,-2.4806020259857178,20.0
93210,1,0.0,0.0,0.0,52.19270706176758,-1.7047849893569946,270.0
131650,3,0.0,0.0,0.0,53.56586710611979,-0.0960363323489825,218.0
8798835,3,0.0,0.0,0.0,51.47031275431315,-2.5402546723683677,114.33333333333333
895303,5,0.0,0.0,0.0,52.41843795776367,-1.5012683868408203,90.4
11825,2,0.0,0.0,0.0,51.08973503112793,-2.577464461326599,-1.0
8573,1,0.0,0.0,0.0,53.55449295043945,-1.4774199724197388,342.0
19102,2,0.0,0.0,0.0,54.035369873046875,-1.6341004967689514,152.5
58976,13,0.0,0.0,0.0,53.36158224252554,-2.7839803879077616,180.07692307692307
19899,1,0.0,0.0,0.0,53.791221618652344,-1.7506810426712036,-1.0
11706,8,0.0,0.0,0.0,53.12222909927368,-2.9410263895988464,86.125
7949960,2,0.0,0.0,0.0,53.86199951171875,-1.466750979423523,115.0
112147,1,0.0,0.0,0.0,51.43256759643555,-0.509365975856781,-1.0
131740,4,0.0,0.0,0.0,53.61811351776123,-0.2730647511780262,123.0
118808,2,0.0,0.0,0.0,52.90707778930664,-0.6555169820785522,136.0
32366,1,0.0,0.0,0.0,50.142791748046875,-5.144662857055664,140.0
579077,1,0.0,0.0,0.0,55.03737258911133,-1.47195303440094,47.0
75675,1,0.0,0.0,0.0,53.112918853759766,-1.551179051399231,204.0
61129,1,0.0,0.0,0.0,54.86659240722656,-2.503303050994873,-1.0
24128,4,0.0,0.0,0.0,53.43706703186035,-2.676131248474121,71.5
4271742,1,0.0,0.0,0.0,51.37781524658203,-2.3516950607299805,211.0
1296109,1,0.0,0.0,0.0,53.670772552490234,-1.7844300270080566,154.0
12111143,2,0.0,0.0,0.0,55.009538650512695,-2.1268869638442993,207.5
6842,2,0.0,0.0,0.0,51.71410369873047,-3.359805941581726,105.0
81207,1,0.0,0.0,0.0,51.23991394042969,-0.20497800409793854,130.0
75676,1,0.0,0.0,0.0,53.139678955078125,-1.5376609563827515,120.0
137977,9,0.0,0.0,0.0,51.442911783854164,-0.1455259993672371,105.0
132158,4,0.0,0.0,0.0,53.43714427947998,-2.932972729206085,184.5
104005,1,0.0,0.0,0.0,50.885684967041016,0.5711650252342224,300.0
21070,6,0.0,0.0,0.0,53.41230392456055,-2.377400557200114,109.33333333333333
12773,1,0.0,0.0,0.0,53.762306213378906,-1.8063130378723145,170.0
4936686,1,0.0,0.0,0.0,53.14220428466797,-1.9832420349121094,30.0
14430,2,0.0,0.0,0.0,50.90371131896973,0.6559180021286011,231.0
10070837,14,0.0,0.0,0.0,51.507981709071565,-0.3870382138660976,151.07142857142858
128765,6,0.0,0.0,0.0,52.6063429514567,-2.142875870068868,52.833333333333336
9559546,18,0.0,0.0,0.0,51.495067808363174,-0.22019299781984752,147.5
9248,4,0.0,0.0,0.0,51.28746318817139,-2.4915814995765686,76.25
1697744,2,0.0,0.0,0.0,52.12860679626465,-0.4534444957971573,78.0
7854633,1,0.0,0.0,0.0,52.921974182128906,-1.4734920263290405,-1.0
115974,22,0.0,0.0,0.0,53.282951008189805,-3.6060915643518623,147.5
131771,4,0.0,0.0,0.0,53.21523571014404,-0.552426740527153,67.5
8884,2,0.0,0.0,0.0,53.96011734008789,-2.0174920558929443,45.0
10984067,17,0.0,0.0,0.0,51.53713159000172,-0.15079405991470113,129.7058823529412
131826,4,0.0,0.0,0.0,53.1766414642334,-1.1889809966087341,142.5
7078,4,0.0,0.0,0.0,54.95261573791504,-1.6692782640457153,106.75
131353,2,0.0,0.0,0.0,0.0,0.0,0.0
5425,5,0.0,0.0,0.0,53.770598602294925,-2.7216742515563963,138.4
4190141,1,0.0,0.0,0.0,52.05837631225586,-2.71685791015625,79.0
4398053,1,0.0,0.0,0.0,51.695674896240234,-0.9086750149726868,-1.0
12197254,13,0.0,0.0,0.0,51.608084165132965,-0.16958561539649963,155.76923076923077
10424121,12,0.0,0.0,0.0,51.51933987935384,-0.44897033274173737,150.0
6113,3,0.0,0.0,0.0,51.06214269002279,-1.88918932278951,127.0
111682,1,0.0,0.0,0.0,52.863121032714844,-3.033737897872925,74.0
12756,1,0.0,0.0,0.0,53.749107360839844,-2.0209109783172607,298.0
38965,1,0.0,0.0,0.0,52.57052230834961,1.692389965057373,16.0
131828,4,0.0,0.0,0.0,39.8664608001709,-0.8671354949474335,141.0
32602,3,0.0,0.0,0.0,53.371734619140625,-3.047058661778768,142.0
29004,4,0.0,0.0,0.0,52.490779876708984,1.576487511396408,125.25
45289,1,0.0,0.0,0.0,52.22065734863281,-1.8152450323104858,319.0
129289,1,0.0,0.0,0.0,53.235450744628906,-0.5286800265312195,91.0
58988,1,0.0,0.0,0.0,51.50775909423828,-1.531304955482483,-1.0
1334616,1,0.0,0.0,0.0,53.37507247924805,-1.4960670471191406,162.0
4117,4,0.0,0.0,0.0,55.14837646484375,-1.616458237171173,138.5
6710,8,0.0,0.0,0.0,53.755136013031006,-2.4363818764686584,123.875
8154206,2,0.0,0.0,0.0,53.68865203857422,-2.645327091217041,165.0
5458,5,0.0,0.0,0.0,40.91230087280273,0.6891434073448182,78.0
5877,9,0.0,0.0,0.0,51.201261308458115,-0.12204788790808783,123.0
59109,1,0.0,0.0,0.0,53.414161682128906,-3.097731113433838,77.0
6852,1,0.0,0.0,0.0,50.94138717651367,-2.632646083831787,77.0
89737,1,0.0,0.0,0.0,54.7951545715332,-1.5064020156860352,45.0
10803081,1,0.0,0.0,0.0,51.72615432739258,-0.025975000113248825,191.0
77432,1,0.0,0.0,0.0,53.07870101928711,-2.184798002243042,-1.0
9150,1,0.0,0.0,0.0,51.797386169433594,-3.882697105407715,26.0
131832,1,0.0,0.0,0.0,53.124088287353516,-1.1363860368728638,114.0
72215,9,0.0,0.0,0.0,52.63422054714627,-1.1069155799018011,179.22222222222223
6902,4,0.0,0.0,0.0,51.88895606994629,-2.123883545398712,206.0
56141,1,0.0,0.0,0.0,54.88800811767578,-2.896615982055664,156.0
7043,5,0.0,0.0,0.0,50.3886100769043,-4.143090915679932,35.6
132395,5,0.0,0.0,0.0,54.97966842651367,-1.4356456041336059,172.8
75015,2,0.0,0.0,0.0,51.066314697265625,-1.7935734987258911,4.5
89242,1,0.0,0.0,0.0,50.75006866455078,-2.3017420768737793,271.0
66005,3,0.0,0.0,0.0,51.81193415323893,-0.7179803450902303,180.33333333333334
11773,7,0.0,0.0,0.0,54.85826710292271,-1.4465925693511963,129.42857142857142
116790,1,0.0,0.0,0.0,54.618797302246094,-1.5754560232162476,95.0
86209,1,0.0,0.0,0.0,54.5733528137207,-3.1644680500030518,192.0
6002,3,0.0,0.0,0.0,54.71931076049805,-1.2603919903437297,293.0
5928,7,0.0,0.0,0.0,52.477164132254465,-1.975434729031154,101.0
7480,2,0.0,0.0,0.0,52.63395309448242,-1.1215495467185974,2.5
5552,12,0.0,0.0,0.0,53.4145450592041,-2.2596357663472495,116.33333333333333
196,1,0.0,0.0,0.0,53.21051025390625,-4.1607232093811035,335.0
12088668,2,0.0,0.0,0.0,54.95169639587402,-1.4638270139694214,301.0
7477,8,0.0,0.0,0.0,52.47554111480713,-1.814945012331009,141.875
6179,2,0.0,0.0,0.0,54.88087272644043,-1.4034540057182312,102.5
82142,1,0.0,0.0,0.0,53.295799255371094,-4.086101055145264,-1.0
9330,9,0.0,0.0,0.0,51.615063985188804,-0.16724322570694816,165.0
49056,4,0.0,0.0,0.0,53.66705799102783,-2.06268846988678,195.0
6532573,1,0.0,0.0,0.0,52.729156494140625,-3.9806931018829346,-1.0
18050,4,0.0,0.0,0.0,52.63017559051514,1.2890500128269196,47.0
5407,1,0.0,0.0,0.0,51.74468994140625,-2.2178399562835693,-1.0
132529,6,0.0,0.0,0.0,52.29364776611328,-0.8304019967714945,128.0
108345,3,0.0,0.0,0.0,53.72483825683594,-1.8573663234710693,214.0
12597,7,0.0,0.0,0.0,53.8198481968471,-1.566514151436942,59.42857142857143
69802,3,0.0,0.0,0.0,52.72739919026693,-2.3822103341420493,127.66666666666667
54425,5,0.0,0.0,0.0,51.57496032714844,0.3898668050765991,163.6
10973967,3,0.0,0.0,0.0,53.83266067504883,-1.8027313152949016,217.33333333333334
754,1,0.0,0.0,0.0,53.47087097167969,-2.054637908935547,218.0
4018621,3,0.0,0.0,0.0,51.72005081176758,-0.199495330452919,-1.0
8949770,2,0.0,0.0,0.0,53.29483413696289,-3.0117509365081787,27.0
5505074,2,0.0,0.0,0.0,53.34587097167969,-2.656038999557495,127.5
10263,7,0.0,0.0,0.0,50.82827704293387,-1.163443991116115,86.71428571428571
120407,2,0.0,0.0,0.0,50.942304611206055,-2.627419948577881,173.0
7854635,1,0.0,0.0,0.0,52.921878814697266,-1.4734090566635132,-1.0
6645,3,0.0,0.0,0.0,52.900099436442055,-1.4415003061294556,182.66666666666666
18087,2,0.0,0.0,0.0,51.34566879272461,0.7063060104846954,145.0
12020291,17,0.0,0.0,0.0,51.55675932940315,-0.05370529409607544,113.82352941176471
3647882,1,0.0,0.0,0.0,51.59965896606445,-1.1246860027313232,-1.0
93092,2,0.0,0.0,0.0,51.1918830871582,-0.7876414954662323,153.0
8163,7,0.0,0.0,0.0,51.4525146484375,-2.5790517330169678,143.0
8154053,1,0.0,0.0,0.0,53.625579833984375,-2.607696056365967,156.0
91748,2,0.0,0.0,0.0,54.657819747924805,-2.7254470586776733,294.0
18349,7,0.0,0.0,0.0,51.792204175676616,-0.2716114265578134,57.714285714285715
119244,1,0.0,0.0,0.0,53.29436492919922,-1.8889679908752441,-1.0
132612,2,0.0,0.0,0.0,52.18621826171875,-1.6083114743232727,111.0
3991,2,0.0,0.0,0.0,52.047163009643555,1.1393229961395264,112.5
8642720,7,0.0,0.0,0.0,51.39402226039341,0.10283042916229793,122.14285714285714
5002,5,0.0,0.0,0.0,51.56701431274414,-1.782118010520935,160.0
4402,3,0.0,0.0,0.0,54.774208068847656,-1.6429340442021687,132.66666666666666
9031554,9,0.0,0.0,0.0,51.56041505601671,-0.08248877856466505,120.0
12020080,19,0.0,0.0,0.0,51.40880765412983,-0.28046052510801117,184.73684210526315
78690,1,0.0,0.0,0.0,51.31572723388672,-0.5682590007781982,13.0
75312,2,0.0,0.0,0.0,53.328561782836914,-0.39255449175834656,88.0
102689,5,0.0,0.0,0.0,40.26636257171631,34.73758111000061,100.8
4030,2,0.0,0.0,0.0,52.52957534790039,-1.9985990524291992,221.5
97755,8,0.0,0.0,0.0,52.599464416503906,1.726900115609169,47.75
131845,3,0.0,0.0,0.0,53.14142100016276,-1.1793769995371501,168.0
59210,5,0.0,0.0,0.0,52.605017852783206,-1.967863416671753,96.2
6088,4,0.0,0.0,0.0,52.656853675842285,-1.144492268562317,117.75
43983,1,0.0,0.0,0.0,53.20769119262695,-2.886305093765259,6.0
19337,1,0.0,0.0,0.0,53.78773880004883,-2.2042150497436523,82.0
1955,3,0.0,0.0,0.0,51.524523417154946,-0.5865546663602194,67.33333333333333
10277863,1,0.0,0.0,0.0,52.90018844604492,-1.8646409511566162,257.0
94619,1,0.0,0.0,0.0,54.58098602294922,-1.2262669801712036,300.0
6770441,4,0.0,0.0,0.0,51.89082431793213,0.09121050266548991,271.0
43904,6,0.0,0.0,0.0,54.904714584350586,-1.399529496828715,163.0
2404243,1,0.0,0.0,0.0,52.63935852050781,-1.1414010524749756,157.0
43961,7,0.0,0.0,0.0,53.37084470476423,-3.0477492468697682,200.57142857142858
69575,2,0.0,0.0,0.0,54.51118469238281,-0.7246330082416534,238.0
11707,1,0.0,0.0,0.0,51.75159454345703,-0.458963006734848,-1.0
6770438,2,0.0,0.0,0.0,51.83566093444824,0.06630900129675865,287.0
81985,2,0.0,0.0,0.0,53.47568893432617,-2.2798149585723877,58.5
4563,3,0.0,0.0,0.0,54.93383534749349,-1.4351669947306316,141.0
133027,3,0.0,0.0,0.0,51.283226013183594,-1.0706143379211426,120.0
3983843,3,0.0,0.0,0.0,52.634395599365234,1.3337539831797283,89.0
3983490,1,0.0,0.0,0.0,52.03832244873047,0.7302449941635132,242.0
66342,4,0.0,0.0,0.0,52.16231060028076,-1.7989579737186432,75.0
6723,7,0.0,0.0,0.0,50.834642682756694,-0.18175757357052394,78.71428571428571
6965,1,0.0,0.0,0.0,53.38869857788086,-2.602781057357788,272.0
32406,7,0.0,0.0,0.0,50.8168934413365,-1.1577518667493547,188.57142857142858
11625,3,0.0,0.0,0.0,53.958927154541016,-1.1002960205078125,-1.0
17926,13,0.0,0.0,0.0,51.122312985933746,-0.19102169229434088,138.07692307692307
4429704,12,0.0,0.0,0.0,51.54216925303141,-0.29991616557041806,146.25
74754,2,0.0,0.0,0.0,51.85211181640625,-0.2761954963207245,228.0
72907,1,0.0,0.0,0.0,51.177085876464844,-1.7554149627685547,238.0
7938121,2,0.0,0.0,0.0,51.58658027648926,-0.13410799950361252,225.0
4070,7,0.0,0.0,0.0,52.60968453543527,-1.124443428856986,61.0
4326,2,0.0,0.0,0.0,52.222089767456055,-0.8853810131549835,141.0
10790,2,0.0,0.0,0.0,51.78171348571777,-0.04487299872562289,128.0
85742,1,0.0,0.0,0.0,51.82369613647461,-0.8137969970703125,42.0
18068,2,0.0,0.0,0.0,51.28583526611328,1.0952589511871338,120.0
9029,7,0.0,0.0,0.0,53.45598765781948,-2.2489089965820312,145.28571428571428
59150,1,0.0,0.0,0.0,53.319786071777344,-2.6905040740966797,329.0
6189,1,0.0,0.0,0.0,51.76973342895508,-3.3647921085357666,336.0
23822,8,0.0,0.0,0.0,52.58485126495361,-1.2861523628234863,70.375
11498,1,0.0,0.0,0.0,53.70292663574219,-0.8701649904251099,-1.0
3903643,1,0.0,0.0,0.0,51.40026092529297,-1.2497609853744507,323.0
8567,5,0.0,0.0,0.0,53.32627868652344,-1.5308741807937623,202.8
133007,1,0.0,0.0,0.0,51.28240966796875,-1.0975040197372437,246.0
80899,4,0.0,0.0,0.0,51.38674545288086,0.503551259636879,39.25
30532,4,0.0,0.0,0.0,53.83418560028076,-1.612503468990326,158.5
9018,2,0.0,0.0,0.0,51.796119689941406,-4.060312032699585,233.0
9629923,2,0.0,0.0,0.0,51.46463966369629,0.2419629991054535,-1.0
3091989,10,0.0,0.0,0.0,51.456365966796874,-0.12096550092101097,135.0
110925,2,0.0,0.0,0.0,54.90099334716797,-1.4068524837493896,124.0
11316630,13,0.0,0.0,0.0,51.561308934138374,-0.2523900018288539,128.07692307692307
66766,1,0.0,0.0,0.0,51.31784439086914,-0.5737709999084473,97.0
6980,3,0.0,0.0,0.0,50.73632939656576,-1.9223157167434692,67.0
11718,10,0.0,0.0,0.0,50.947587203979495,-1.3657604932785035,138.6
128663,23,0.0,0.0,0.0,52.47684909986413,-1.8766347480856853,123.04347826086956
131632,4,0.0,0.0,0.0,53.54551029205322,-0.06375249940901995,99.0
1782592,4,0.0,0.0,0.0,51.897003173828125,-0.4390162453055382,8.5
132648,1,0.0,0.0,0.0,52.39186477661133,-0.6890550255775452,0.0
7665,1,0.0,0.0,0.0,54.75944137573242,-1.3371679782867432,314.0
3968,5,0.0,0.0,0.0,52.41612014770508,-1.5148630142211914,0.0
78519,3,0.0,0.0,0.0,51.30672073364258,-0.12492833286523819,150.0
91133,2,0.0,0.0,0.0,53.421478271484375,-1.0260590016841888,198.0
61982,1,0.0,0.0,0.0,53.497528076171875,-2.784097909927368,333.0
82971,3,0.0,0.0,0.0,52.19328053792318,0.12066833426554997,145.66666666666666
8976,1,0.0,0.0,0.0,53.015071868896484,-1.7294800281524658,174.0
133041,3,0.0,0.0,0.0,34.04158020019531,-0.8695900042851766,66.0
6770470,4,0.0,0.0,0.0,51.7223596572876,0.5112475007772446,66.25
91072,1,0.0,0.0,0.0,53.23373031616211,-1.205469012260437,318.0
7467719,1,0.0,0.0,0.0,55.77846145629883,-2.3457529544830322,-1.0
5404,6,0.0,0.0,0.0,53.48517417907715,-2.1675933599472046,125.83333333333333
7027,5,0.0,0.0,0.0,55.015097045898436,-1.6396803855895996,138.2
1523490,1,0.0,0.0,0.0,51.94385528564453,-2.8777730464935303,-1.0
55716,3,0.0,0.0,0.0,50.75486628214518,-1.9988173246383667,139.33333333333334
5804771,1,0.0,0.0,0.0,53.7065315246582,-2.191329002380371,231.0
9490156,1,0.0,0.0,0.0,54.97407913208008,-1.6158000230789185,-1.0
11946,6,0.0,0.0,0.0,53.69175338745117,-1.352093497912089,236.16666666666666
132685,5,0.0,0.0,0.0,52.52394256591797,-1.4785264015197754,153.6
58968,1,0.0,0.0,0.0,53.4013557434082,-3.1102609634399414,-1.0
132947,4,0.0,0.0,0.0,51.27464294433594,-0.7934110164642334,57.0
7537,2,0.0,0.0,0.0,51.64167594909668,-3.8798569440841675,13.0
17788,2,0.0,0.0,0.0,53.59051322937012,-0.6429044902324677,-1.0
7482437,1,0.0,0.0,0.0,51.99605941772461,-1.0515329837799072,165.0
6595906,4,0.0,0.0,0.0,52.4040470123291,-1.4204580187797546,214.5
41136,1,0.0,0.0,0.0,51.34769821166992,1.3610960245132446,102.0
58829,2,0.0,0.0,0.0,53.10117721557617,0.028238000348210335,98.5
6770378,2,0.0,0.0,0.0,51.76910209655762,0.09807949885725975,266.5
9596912,3,0.0,0.0,0.0,51.55920918782552,-2.366081396738688,176.0
70648,1,0.0,0.0,0.0,51.41979217529297,-1.7204639911651611,157.0
6027,2,0.0,0.0,0.0,50.41353988647461,-3.5767860412597656,309.0
10249,2,0.0,0.0,0.0,52.64806365966797,-2.876367926597595,100.0
131274,6,0.0,0.0,0.0,54.05343882242838,-2.837262193361918,175.0
79338,1,0.0,0.0,0.0,53.23568344116211,-2.1266729831695557,-1.0
22382,5,0.0,0.0,0.0,51.73360900878906,-0.1746642015874386,145.0
3915,1,0.0,0.0,0.0,52.0623893737793,-0.022115999832749367,241.0
93221,2,0.0,0.0,0.0,52.318586349487305,-1.7785810232162476,258.0
132024,5,0.0,0.0,0.0,51.855299377441405,-2.245477247238159,123.6
67387,1,0.0,0.0,0.0,52.32127380371094,-2.049098014831543,220.0
102679,4,0.0,0.0,0.0,53.49821853637695,-1.3526412546634674,30.0
9393261,14,0.0,0.0,0.0,51.49187115260533,-0.18742535689047404,151.07142857142858
50496,2,0.0,0.0,0.0,54.985809326171875,-1.790328025817871,-1.0
18160,3,0.0,0.0,0.0,52.95098368326823,-0.9470046758651733,151.0
4078,3,0.0,0.0,0.0,51.76088078816732,0.47851165135701496,77.66666666666667
6691555,1,0.0,0.0,0.0,53.25634765625,-2.1234729290008545,138.0
59263,5,0.0,0.0,0.0,53.45240478515625,-2.984635591506958,58.6
7084,12,0.0,0.0,0.0,50.83555348714193,-0.14026208159824213,97.58333333333333
58088,1,0.0,0.0,0.0,52.980079650878906,-0.018230000510811806,153.0
558520,1,0.0,0.0,0.0,51.47022247314453,-0.4520080089569092,-1.0
103361,1,0.0,0.0,0.0,53.74575424194336,-0.34575599431991577,336.0
133014,2,0.0,0.0,0.0,51.29048156738281,-1.0562490224838257,105.0
1274,3,0.0,0.0,0.0,51.7079709370931,-4.977272033691406,187.66666666666666
4485,2,0.0,0.0,0.0,51.551334381103516,-1.7522115111351013,174.5
5430,2,0.0,0.0,0.0,51.757429122924805,-3.364938497543335,21.0
9646,1,0.0,0.0,0.0,50.80985641479492,-0.36865299940109253,-1.0
74289,1,0.0,0.0,0.0,53.19129943847656,-2.558120012283325,342.0
89113,3,0.0,0.0,0.0,52.62560145060221,-1.0806550184885662,239.0
117461,5,0.0,0.0,0.0,52.721255493164065,-2.199501395225525,146.6
8118,6,0.0,0.0,0.0,52.51429430643717,-1.8169273336728413,153.5
5589365,3,0.0,0.0,0.0,53.34000778198242,-2.723193645477295,86.0
63360,9,0.0,0.0,0.0,53.74030092027452,-1.6327893336613972,159.33333333333334
79262,1,0.0,0.0,0.0,50.88568878173828,-4.475036144256592,179.0
9400188,2,0.0,0.0,0.0,53.816043853759766,-3.054811477661133,130.5
117939,1,0.0,0.0,0.0,55.47330856323242,-1.6072449684143066,321.0
101117,3,0.0,0.0,0.0,52.46076202392578,-1.4974617163340251,244.0
132708,1,0.0,0.0,0.0,52.51174545288086,-1.4510200023651123,120.0
75313,1,0.0,0.0,0.0,53.230934143066406,-0.5012779831886292,-1.0
8602321,2,0.0,0.0,0.0,54.27175331115723,-0.6734860092401505,88.0
8290265,1,0.0,0.0,0.0,51.51043701171875,-0.3759079873561859,0.0
9937,6,0.0,0.0,0.0,53.443982442220054,-2.2038591305414834,98.83333333333333
1871588,4,0.0,0.0,0.0,53.49982261657715,-2.255097508430481,126.0
2136895,1,0.0,0.0,0.0,51.547183990478516,-0.23284299671649933,270.0
117933,3,0.0,0.0,0.0,55.289588928222656,-1.5987876653671265,126.33333333333333
10825,1,0.0,0.0,0.0,52.03688049316406,-2.4227659702301025,-1.0
78681,2,0.0,0.0,0.0,55.019182205200195,-1.5687479972839355,155.0
9580,1,0.0,0.0,0.0,54.6607780456543,-1.6564600467681885,99.0
6510886,1,0.0,0.0,0.0,51.126739501953125,-2.735690116882324,213.0
115724,1,0.0,0.0,0.0,51.772361755371094,0.09409499913454056,-1.0
133044,6,0.0,0.0,0.0,42.5406920115153,-1.1271167000134785,159.0
8970,1,0.0,0.0,0.0,53.47810363769531,-2.2366580963134766,-1.0
120869,4,0.0,0.0,0.0,51.2904634475708,-2.990029752254486,211.0
114813,1,0.0,0.0,0.0,51.42945861816406,-0.7561460137367249,78.0
5080,2,0.0,0.0,0.0,53.7677116394043,-2.678068518638611,128.0
9581,1,0.0,0.0,0.0,51.58389663696289,-3.3121418952941895,270.0
11937,3,0.0,0.0,0.0,53.10311381022135,-1.2900546391805012,248.33333333333334
61704,2,0.0,0.0,0.0,53.40202713012695,-2.8471710681915283,138.5
45049,1,0.0,0.0,0.0,53.21084213256836,-2.930121898651123,30.0
30852,3,0.0,0.0,0.0,52.87030919392904,-1.5507396459579468,104.33333333333333
102503,2,0.0,0.0,0.0,52.43258094787598,-1.4642305374145508,156.0
72737,4,0.0,0.0,0.0,51.49387168884277,-0.5537094995379448,127.5
84525,3,0.0,0.0,0.0,53.583447774251304,-2.726958672205607,207.33333333333334
95082,1,0.0,0.0,0.0,52.74075698852539,1.406425952911377,-1.0
69769,1,0.0,0.0,0.0,51.43177795410156,-0.45493900775909424,157.0
72965,3,0.0,0.0,0.0,53.780076344807945,-2.734900712966919,212.0
66931,1,0.0,0.0,0.0,51.75975799560547,-1.594673991203308,158.0
70260,1,0.0,0.0,0.0,50.39375686645508,-4.082334041595459,336.0
49055,1,0.0,0.0,0.0,53.717830657958984,-1.8877869844436646,100.0
11677305,3,0.0,0.0,0.0,53.866739908854164,-3.03540031115214,47.0
132466,3,0.0,0.0,0.0,54.523677825927734,-1.3387803236643474,218.0
132367,1,0.0,0.0,0.0,54.582481384277344,-0.9735879898071289,192.0
58086,1,0.0,0.0,0.0,52.97258377075195,-0.03406599909067154,79.0
14172,2,0.0,0.0,0.0,53.82689094543457,-1.74549800157547,65.0
48513,9,0.0,0.0,0.0,55.05734380086263,-1.6145507627063327,106.88888888888889
10984206,3,0.0,0.0,0.0,51.63257344563802,-0.00014733321343859038,210.0
63303,8,0.0,0.0,0.0,53.41424369812012,-2.943922132253647,188.25
132616,4,0.0,0.0,0.0,39.24654197692871,-0.47613249719142914,150.0
23234,1,0.0,0.0,0.0,51.88615417480469,-1.1428020000457764,0.0
29038,1,0.0,0.0,0.0,51.73588943481445,-0.4509199857711792,45.0
64292,1,0.0,0.0,0.0,53.077274322509766,-1.3990939855575562,34.0
77430,1,0.0,0.0,0.0,53.091026306152344,-2.2169010639190674,117.0
6354,1,0.0,0.0,0.0,51.6646614074707,-3.1399950981140137,150.0
93149,6,0.0,0.0,0.0,51.07392120361328,-1.2327058513959248,197.0
1952788,1,0.0,0.0,0.0,52.59437942504883,-0.8320779800415039,-1.0
11149835,24,0.0,0.0,0.0,51.54205274581909,0.08855254102187853,150.0
85774,3,0.0,0.0,0.0,51.4499257405599,-0.9940033356348673,136.33333333333334
59260,2,0.0,0.0,0.0,53.03860092163086,-2.1774709224700928,-1.0
104004,3,0.0,0.0,0.0,50.87579600016276,0.5678600072860718,152.0
10424015,15,0.0,0.0,0.0,51.554219563802086,-0.3699822644392649,132.0
66404,1,0.0,0.0,0.0,51.13499450683594,1.304648995399475,114.0
59284,1,0.0,0.0,0.0,53.478816986083984,-2.7223429679870605,30.0
3906939,3,0.0,0.0,0.0,53.58072408040365,-0.6614956855773926,210.0
6595,2,0.0,0.0,0.0,51.85236167907715,-2.2235565185546875,75.0
7834724,11,0.0,0.0,0.0,51.45607168024237,-2.6041869900443335,108.54545454545455
12189,4,0.0,0.0,0.0,53.77421951293945,-0.339539498090744,144.0
132098,6,0.0,0.0,0.0,51.43874549865723,-1.8966615001360576,145.0
4705,1,0.0,0.0,0.0,53.40170669555664,-1.498736023902893,84.0
6479,6,0.0,0.0,0.0,51.50776163736979,-0.5720688253641129,54.666666666666664
91022,4,0.0,0.0,0.0,50.823012351989746,-0.13356924802064896,77.25
4119,5,0.0,0.0,0.0,54.892903900146486,-1.4631488084793092,121.8
117457,16,0.0,0.0,0.0,52.66617250442505,-2.370443508028984,110.8125
7197,1,0.0,0.0,0.0,53.74486541748047,-2.4166219234466553,61.0
211445,1,0.0,0.0,0.0,51.28060531616211,1.0692839622497559,119.0
10780659,14,0.0,0.0,0.0,51.5246639251709,-0.19044792652130127,167.14285714285714
131284,2,0.0,0.0,0.0,54.252763748168945,-2.7754719257354736,93.0
81202,5,0.0,0.0,0.0,51.24100112915039,-0.1053246014751494,80.0
